3.999640e+003,5.445818e-001
4.003497e+003,5.987042e-001
4.007354e+003,5.327036e-001
4.011211e+003,4.332552e-001
4.015068e+003,4.740051e-001
4.018925e+003,4.611563e-001
4.022781e+003,5.365720e-001
4.026638e+003,5.733778e-001
4.030495e+003,4.564518e-001
4.034352e+003,4.046698e-001
4.038209e+003,4.563006e-001
4.042066e+003,5.245607e-001
4.045923e+003,4.273883e-001
4.049780e+003,3.903811e-001
4.053637e+003,4.337648e-001
4.057494e+003,4.702062e-001
4.061351e+003,6.172709e-001
4.065208e+003,6.526779e-001
4.069065e+003,6.834838e-001
4.072922e+003,8.012708e-001
4.076779e+003,8.458941e-001
4.080635e+003,8.610190e-001
4.084492e+003,8.919501e-001
4.088349e+003,8.290128e-001
4.092206e+003,6.704068e-001
4.096063e+003,7.577153e-001
4.099920e+003,9.563644e-001
4.103777e+003,9.164231e-001
4.107634e+003,9.013427e-001
4.111491e+003,9.566018e-001
4.115348e+003,1.182486e+000
4.119205e+003,1.173957e+000
4.123062e+003,1.014930e+000
4.126919e+003,9.577746e-001
4.130775e+003,1.010076e+000
4.134633e+003,1.030424e+000
4.138489e+003,1.001491e+000
4.142347e+003,1.026058e+000
4.146203e+003,1.030495e+000
4.150061e+003,9.899614e-001
4.153917e+003,1.031677e+000
4.157774e+003,1.090361e+000
4.161631e+003,1.084713e+000
4.165488e+003,1.008849e+000
4.169345e+003,9.584165e-001
4.173202e+003,9.564337e-001
4.177059e+003,9.395786e-001
4.180916e+003,9.795251e-001
4.184772e+003,1.019895e+000
4.188630e+003,9.976785e-001
4.192486e+003,9.966832e-001
4.196344e+003,9.542177e-001
4.200200e+003,9.724945e-001
4.204058e+003,1.002424e+000
4.207914e+003,1.017518e+000
4.211771e+003,1.008059e+000
4.215628e+003,1.017848e+000
4.219485e+003,1.007417e+000
4.223342e+003,1.011905e+000
4.227199e+003,1.022369e+000
4.231056e+003,1.008256e+000
4.234913e+003,1.003965e+000
4.238770e+003,9.989663e-001
4.242627e+003,9.733576e-001
4.246483e+003,9.822177e-001
4.250341e+003,9.862298e-001
4.254197e+003,9.671835e-001
4.258055e+003,9.717293e-001
4.261911e+003,9.760521e-001
4.265769e+003,9.917064e-001
4.269625e+003,1.005604e+000
4.273482e+003,1.004309e+000
4.277339e+003,1.006072e+000
4.281196e+003,1.009867e+000
4.285053e+003,1.001830e+000
4.288910e+003,9.993255e-001
4.292767e+003,9.918308e-001
4.296624e+003,9.781892e-001
4.300480e+003,9.762429e-001
4.304338e+003,9.703242e-001
4.308194e+003,9.704916e-001
4.312052e+003,9.798483e-001
4.315908e+003,9.756890e-001
4.319766e+003,9.731576e-001
4.323622e+003,9.785346e-001
4.327479e+003,9.734998e-001
4.331336e+003,9.757732e-001
4.335193e+003,9.733823e-001
4.339050e+003,9.664199e-001
4.342907e+003,9.612840e-001
4.346764e+003,9.593108e-001
4.350621e+003,9.529969e-001
4.354478e+003,9.410307e-001
4.358335e+003,9.386003e-001
4.362191e+003,9.441354e-001
4.366049e+003,9.458929e-001
4.369905e+003,9.473737e-001
4.373763e+003,9.505056e-001
4.377619e+003,9.576856e-001
4.381477e+003,9.671001e-001
4.385333e+003,9.731778e-001
4.389190e+003,9.699985e-001
4.393047e+003,9.654239e-001
4.396904e+003,9.483544e-001
4.400761e+003,9.288551e-001
4.404618e+003,9.209954e-001
4.408475e+003,9.187034e-001
4.412332e+003,9.184455e-001
4.416188e+003,9.147488e-001
4.420046e+003,9.082414e-001
4.423902e+003,9.000574e-001
4.427760e+003,9.006925e-001
4.431616e+003,8.977263e-001
4.435474e+003,8.924787e-001
4.439330e+003,8.964266e-001
4.443188e+003,8.926254e-001
4.447044e+003,8.852122e-001
4.450901e+003,8.856946e-001
4.454758e+003,8.804939e-001
4.458615e+003,8.728800e-001
4.462472e+003,8.728971e-001
4.466329e+003,8.733559e-001
4.470186e+003,8.828958e-001
4.474043e+003,8.861330e-001
4.477899e+003,8.790492e-001
4.481757e+003,8.739626e-001
4.485613e+003,8.771110e-001
4.489471e+003,8.785156e-001
4.493327e+003,8.758994e-001
4.497185e+003,8.770636e-001
4.501041e+003,8.781442e-001
4.504898e+003,8.829224e-001
4.508755e+003,8.825098e-001
4.512612e+003,8.867182e-001
4.516469e+003,8.931157e-001
4.520326e+003,8.894436e-001
4.524183e+003,8.864293e-001
4.528040e+003,8.831524e-001
4.531896e+003,8.843313e-001
4.535754e+003,8.919436e-001
4.539610e+003,9.006482e-001
4.543468e+003,9.045768e-001
4.547324e+003,9.079092e-001
4.551182e+003,9.136951e-001
4.555038e+003,9.166092e-001
4.558896e+003,9.178423e-001
4.562752e+003,9.195555e-001
4.566609e+003,9.244467e-001
4.570466e+003,9.316601e-001
4.574323e+003,9.366841e-001
4.578180e+003,9.398158e-001
4.582037e+003,9.405389e-001
4.585894e+003,9.441645e-001
4.589751e+003,9.479114e-001
4.593607e+003,9.512928e-001
4.597465e+003,9.521899e-001
4.601321e+003,9.533628e-001
4.605179e+003,9.585351e-001
4.609035e+003,9.609917e-001
4.612893e+003,9.604052e-001
4.616749e+003,9.614381e-001
4.620606e+003,9.674082e-001
4.624463e+003,9.681321e-001
4.628320e+003,9.647083e-001
4.632177e+003,9.655388e-001
4.636034e+003,9.675432e-001
4.639891e+003,9.670573e-001
4.643748e+003,9.685617e-001
4.647604e+003,9.697599e-001
4.651462e+003,9.713022e-001
4.655318e+003,9.704748e-001
4.659176e+003,9.709547e-001
4.663032e+003,9.723154e-001
4.666890e+003,9.722419e-001
4.670746e+003,9.728689e-001
4.674604e+003,9.732715e-001
4.678460e+003,9.724941e-001
4.682317e+003,9.719647e-001
4.686174e+003,9.708347e-001
4.690031e+003,9.728629e-001
4.693888e+003,9.755971e-001
4.697745e+003,9.756736e-001
4.701602e+003,9.743112e-001
4.705459e+003,9.738354e-001
4.709315e+003,9.758153e-001
4.713173e+003,9.771335e-001
4.717029e+003,9.778058e-001
4.720887e+003,9.757410e-001
4.724743e+003,9.756016e-001
4.728601e+003,9.762228e-001
4.732457e+003,9.763703e-001
4.736314e+003,9.773517e-001
4.740171e+003,9.763720e-001
4.744028e+003,9.741690e-001
4.747885e+003,9.729661e-001
4.751742e+003,9.759145e-001
4.755599e+003,9.742560e-001
4.759456e+003,9.712715e-001
4.763313e+003,9.712644e-001
4.767170e+003,9.657024e-001
4.771026e+003,9.605518e-001
4.774884e+003,9.611533e-001
4.778740e+003,9.630777e-001
4.782598e+003,9.611160e-001
4.786454e+003,9.582330e-001
4.790312e+003,9.580138e-001
4.794168e+003,9.563618e-001
4.798025e+003,9.521335e-001
4.801882e+003,9.485205e-001
4.805739e+003,9.464175e-001
4.809596e+003,9.436256e-001
4.813453e+003,9.398798e-001
4.817310e+003,9.373730e-001
4.821167e+003,9.362403e-001
4.825023e+003,9.371062e-001
4.828881e+003,9.361488e-001
4.832737e+003,9.326957e-001
4.836595e+003,9.267651e-001
4.840451e+003,9.240798e-001
4.844309e+003,9.201816e-001
4.848165e+003,9.182056e-001
4.852022e+003,9.176459e-001
4.855879e+003,9.135562e-001
4.859736e+003,9.075341e-001
4.863593e+003,9.052478e-001
4.867450e+003,9.058844e-001
4.871307e+003,9.019545e-001
4.875164e+003,8.975070e-001
4.879021e+003,8.946398e-001
4.882878e+003,8.911390e-001
4.886734e+003,8.891546e-001
4.890592e+003,8.879499e-001
4.894448e+003,8.861828e-001
4.898306e+003,8.834378e-001
4.902162e+003,8.790295e-001
4.906020e+003,8.756033e-001
4.909876e+003,8.737712e-001
4.913733e+003,8.733300e-001
4.917590e+003,8.720759e-001
4.921447e+003,8.712996e-001
4.925304e+003,8.692447e-001
4.929161e+003,8.681313e-001
4.933018e+003,8.675720e-001
4.936875e+003,8.651844e-001
4.940731e+003,8.639451e-001
4.944589e+003,8.648377e-001
4.948445e+003,8.642637e-001
4.952303e+003,8.611346e-001
4.956159e+003,8.602814e-001
4.960017e+003,8.594493e-001
4.963873e+003,8.603320e-001
4.967730e+003,8.605614e-001
4.971587e+003,8.601495e-001
4.975444e+003,8.594788e-001
4.979301e+003,8.582495e-001
4.983158e+003,8.586006e-001
4.987015e+003,8.588107e-001
4.990872e+003,8.581195e-001
4.994729e+003,8.592340e-001
4.998586e+003,8.627076e-001
5.002442e+003,8.640919e-001
5.006300e+003,8.626766e-001
5.010156e+003,8.617423e-001
5.014014e+003,8.619403e-001
5.017870e+003,8.639809e-001
5.021728e+003,8.645065e-001
5.025584e+003,8.642976e-001
5.029441e+003,8.660511e-001
5.033298e+003,8.678674e-001
5.037155e+003,8.682600e-001
5.041012e+003,8.678846e-001
5.044869e+003,8.682272e-001
5.048726e+003,8.704683e-001
5.052583e+003,8.724397e-001
5.056439e+003,8.742111e-001
5.060297e+003,8.745089e-001
5.064153e+003,8.741922e-001
5.068011e+003,8.745583e-001
5.071867e+003,8.769527e-001
5.075725e+003,8.784947e-001
5.079581e+003,8.792652e-001
5.083438e+003,8.803441e-001
5.087295e+003,8.823786e-001
5.091152e+003,8.850009e-001
5.095009e+003,8.866857e-001
5.098866e+003,8.873205e-001
5.102723e+003,8.901662e-001
5.106580e+003,8.918260e-001
5.110437e+003,8.928834e-001
5.114294e+003,8.946956e-001
5.118150e+003,8.951761e-001
5.122008e+003,8.963208e-001
5.125864e+003,8.989232e-001
5.129722e+003,9.006916e-001
5.133578e+003,9.009524e-001
5.137436e+003,9.019465e-001
5.141292e+003,9.040092e-001
5.145149e+003,9.066436e-001
5.149006e+003,9.085063e-001
5.152863e+003,9.090077e-001
5.156720e+003,9.106249e-001
5.160577e+003,9.132951e-001
5.164434e+003,9.140364e-001
5.168291e+003,9.140692e-001
5.172147e+003,9.141391e-001
5.176005e+003,9.135148e-001
5.179861e+003,9.140385e-001
5.183719e+003,9.149988e-001
5.187575e+003,9.139780e-001
5.191433e+003,9.130762e-001
5.195289e+003,9.106598e-001
5.199146e+003,9.080005e-001
5.203003e+003,9.066258e-001
5.206860e+003,9.052714e-001
5.210717e+003,9.019576e-001
5.214574e+003,8.987148e-001
5.218431e+003,8.968241e-001
5.222288e+003,8.948022e-001
5.226145e+003,8.911894e-001
5.230002e+003,8.860783e-001
5.233858e+003,8.812528e-001
5.237716e+003,8.762826e-001
5.241572e+003,8.723418e-001
5.245430e+003,8.681749e-001
5.249286e+003,8.622363e-001
5.253144e+003,8.570323e-001
5.257000e+003,8.539439e-001
5.260857e+003,8.488206e-001
5.264714e+003,8.428885e-001
5.268571e+003,8.380668e-001
5.272428e+003,8.314156e-001
5.276285e+003,8.261588e-001
5.280142e+003,8.213626e-001
5.283999e+003,8.174338e-001
5.287855e+003,8.135191e-001
5.291713e+003,8.098675e-001
5.295569e+003,8.059017e-001
5.299427e+003,8.041734e-001
5.303283e+003,8.031464e-001
5.307141e+003,8.007413e-001
5.310997e+003,7.981011e-001
5.314854e+003,7.975039e-001
5.318711e+003,7.959759e-001
5.322568e+003,7.934473e-001
5.326425e+003,7.922766e-001
5.330282e+003,7.916859e-001
5.334139e+003,7.903141e-001
5.337996e+003,7.894412e-001
5.341853e+003,7.885543e-001
5.345710e+003,7.877535e-001
5.349566e+003,7.861083e-001
5.353424e+003,7.852144e-001
5.357280e+003,7.855629e-001
5.361138e+003,7.854716e-001
5.364994e+003,7.846435e-001
5.368852e+003,7.843457e-001
5.372708e+003,7.846191e-001
5.376565e+003,7.857161e-001
5.380422e+003,7.855923e-001
5.384279e+003,7.857175e-001
5.388136e+003,7.851527e-001
5.391993e+003,7.868580e-001
5.395850e+003,7.885114e-001
5.399707e+003,7.882542e-001
5.403563e+003,7.882176e-001
5.407421e+003,7.901586e-001
5.411277e+003,7.928056e-001
5.415135e+003,7.928790e-001
5.418991e+003,7.946741e-001
5.422849e+003,7.970627e-001
5.426705e+003,7.982965e-001
5.430563e+003,7.998872e-001
5.434419e+003,8.010666e-001
5.438276e+003,8.016143e-001
5.442133e+003,8.024835e-001
5.445990e+003,8.036842e-001
5.449847e+003,8.036186e-001
5.453704e+003,8.039062e-001
5.457561e+003,8.050444e-001
5.461418e+003,8.056151e-001
5.465274e+003,8.059859e-001
5.469132e+003,8.070089e-001
5.472988e+003,8.072621e-001
5.476846e+003,8.074558e-001
5.480702e+003,8.079007e-001
5.484560e+003,8.076004e-001
5.488416e+003,8.069348e-001
5.492273e+003,8.076969e-001
5.496130e+003,8.081990e-001
5.499987e+003,8.087150e-001
5.503844e+003,8.071539e-001
5.507701e+003,8.069944e-001
5.511558e+003,8.098516e-001
5.515415e+003,8.113846e-001
5.519271e+003,8.125121e-001
5.523129e+003,8.145705e-001
5.526985e+003,8.161137e-001
5.530843e+003,8.172261e-001
5.534699e+003,8.182330e-001
5.538557e+003,8.181219e-001
5.542413e+003,8.183249e-001
5.546271e+003,8.195862e-001
5.550127e+003,8.203372e-001
5.553984e+003,8.219188e-001
5.557841e+003,8.251778e-001
5.561698e+003,8.266799e-001
5.565555e+003,8.268139e-001
5.569412e+003,8.286126e-001
5.573269e+003,8.323660e-001
5.577126e+003,8.351064e-001
5.580982e+003,8.365202e-001
5.584840e+003,8.367980e-001
5.588696e+003,8.355495e-001
5.592554e+003,8.357096e-001
5.596410e+003,8.351071e-001
5.600268e+003,8.326279e-001
5.604124e+003,8.319530e-001
5.607981e+003,8.322728e-001
5.611838e+003,8.320774e-001
5.615695e+003,8.340141e-001
5.619552e+003,8.355772e-001
5.623409e+003,8.355639e-001
5.627266e+003,8.363880e-001
5.631123e+003,8.379761e-001
5.634979e+003,8.384405e-001
5.638837e+003,8.392936e-001
5.642693e+003,8.394107e-001
5.646551e+003,8.398388e-001
5.650407e+003,8.398250e-001
5.654265e+003,8.390166e-001
5.658121e+003,8.395014e-001
5.661979e+003,8.390713e-001
5.665835e+003,8.375298e-001
5.669692e+003,8.382963e-001
5.673549e+003,8.397796e-001
5.677406e+003,8.407791e-001
5.681263e+003,8.402521e-001
5.685120e+003,8.392020e-001
5.688977e+003,8.395879e-001
5.692834e+003,8.399628e-001
5.696690e+003,8.386373e-001
5.700548e+003,8.395731e-001
5.704404e+003,8.404103e-001
5.708262e+003,8.388532e-001
5.712118e+003,8.384861e-001
5.715976e+003,8.395840e-001
5.719832e+003,8.398782e-001
5.723689e+003,8.415316e-001
5.727546e+003,8.417254e-001
5.731403e+003,8.416435e-001
5.735260e+003,8.419069e-001
5.739117e+003,8.420569e-001
5.742974e+003,8.405807e-001
5.746831e+003,8.401696e-001
5.750688e+003,8.400901e-001
5.754545e+003,8.380733e-001
5.758401e+003,8.367387e-001
5.762259e+003,8.344097e-001
5.766115e+003,8.338349e-001
5.769973e+003,8.336464e-001
5.773829e+003,8.329521e-001
5.777687e+003,8.318410e-001
5.781543e+003,8.320013e-001
5.785400e+003,8.310303e-001
5.789257e+003,8.297280e-001
5.793114e+003,8.299221e-001
5.796971e+003,8.295986e-001
5.800828e+003,8.297387e-001
5.804685e+003,8.302515e-001
5.808542e+003,8.309360e-001
5.812398e+003,8.304710e-001
5.816256e+003,8.313019e-001
5.820112e+003,8.337281e-001
5.823970e+003,8.350286e-001
5.827826e+003,8.350313e-001
5.831684e+003,8.350248e-001
5.835540e+003,8.339409e-001
5.839397e+003,8.339044e-001
5.843254e+003,8.341247e-001
5.847111e+003,8.363832e-001
5.850968e+003,8.384419e-001
5.854825e+003,8.378426e-001
5.858682e+003,8.356098e-001
5.862539e+003,8.351804e-001
5.866396e+003,8.367373e-001
5.870253e+003,8.360710e-001
5.874109e+003,8.344315e-001
5.877967e+003,8.350868e-001
5.881823e+003,8.370051e-001
5.885681e+003,8.394385e-001
5.889537e+003,8.399557e-001
5.893395e+003,8.385417e-001
5.897251e+003,8.356853e-001
5.901108e+003,8.348550e-001
5.904965e+003,8.358250e-001
5.908822e+003,8.368932e-001
5.912679e+003,8.364946e-001
5.916536e+003,8.347082e-001
5.920393e+003,8.340329e-001
5.924250e+003,8.348712e-001
5.928106e+003,8.350753e-001
5.931964e+003,8.352562e-001
5.935820e+003,8.342983e-001
5.939678e+003,8.330594e-001
5.943534e+003,8.326598e-001
5.947392e+003,8.324504e-001
5.951248e+003,8.342872e-001
5.955105e+003,8.364924e-001
5.958962e+003,8.373268e-001
5.962819e+003,8.359132e-001
5.966676e+003,8.355679e-001
5.970533e+003,8.374129e-001
5.974390e+003,8.380901e-001
5.978247e+003,8.378441e-001
5.982104e+003,8.394824e-001
5.985961e+003,8.396438e-001
5.989817e+003,8.393509e-001
5.993675e+003,8.399494e-001
5.997531e+003,8.407064e-001
6.001389e+003,8.414914e-001
6.005245e+003,8.436713e-001
6.009103e+003,8.454922e-001
6.012959e+003,8.457009e-001
6.016816e+003,8.454432e-001
6.020673e+003,8.452621e-001
6.024530e+003,8.461725e-001
6.028387e+003,8.467262e-001
6.032244e+003,8.480566e-001
6.036101e+003,8.483163e-001
6.039958e+003,8.486337e-001
6.043814e+003,8.504495e-001
6.047672e+003,8.514533e-001
6.051528e+003,8.518151e-001
6.055386e+003,8.512000e-001
6.059242e+003,8.507135e-001
6.063100e+003,8.528353e-001
6.066956e+003,8.559763e-001
6.070813e+003,8.558595e-001
6.074670e+003,8.561231e-001
6.078527e+003,8.560015e-001
6.082384e+003,8.571376e-001
6.086241e+003,8.574808e-001
6.090098e+003,8.567265e-001
6.093955e+003,8.573809e-001
6.097812e+003,8.581597e-001
6.101669e+003,8.598658e-001
6.105525e+003,8.608589e-001
6.109383e+003,8.616086e-001
6.113239e+003,8.620629e-001
6.117097e+003,8.628494e-001
6.120953e+003,8.637351e-001
6.124811e+003,8.648075e-001
6.128667e+003,8.648774e-001
6.132524e+003,8.655344e-001
6.136381e+003,8.660450e-001
6.140238e+003,8.664238e-001
6.144095e+003,8.687315e-001
6.147952e+003,8.701549e-001
6.151809e+003,8.694785e-001
6.155666e+003,8.702820e-001
6.159522e+003,8.711047e-001
6.163380e+003,8.713148e-001
6.167236e+003,8.720290e-001
6.171094e+003,8.726494e-001
6.174950e+003,8.718609e-001
6.178808e+003,8.712454e-001
6.182664e+003,8.730926e-001
6.186521e+003,8.755597e-001
6.190378e+003,8.757794e-001
6.194235e+003,8.759915e-001
6.198092e+003,8.764161e-001
6.201949e+003,8.785171e-001
6.205806e+003,8.795739e-001
6.209663e+003,8.798534e-001
6.213520e+003,8.791006e-001
6.217377e+003,8.789751e-001
6.221233e+003,8.810887e-001
6.225091e+003,8.838331e-001
6.228947e+003,8.851363e-001
6.232805e+003,8.852443e-001
6.236661e+003,8.840769e-001
6.240519e+003,8.841977e-001
6.244375e+003,8.859751e-001
6.248232e+003,8.869995e-001
6.252089e+003,8.850728e-001
6.255946e+003,8.854121e-001
6.259803e+003,8.870483e-001
6.263660e+003,8.890035e-001
6.267517e+003,8.895553e-001
6.271374e+003,8.887106e-001
6.275230e+003,8.872170e-001
6.279088e+003,8.875471e-001
6.282944e+003,8.871647e-001
6.286802e+003,8.863874e-001
6.290658e+003,8.867062e-001
6.294516e+003,8.864321e-001
6.298372e+003,8.854151e-001
6.302229e+003,8.852758e-001
6.306086e+003,8.844431e-001
6.309943e+003,8.860058e-001
6.313800e+003,8.887197e-001
6.317657e+003,8.879710e-001
6.321514e+003,8.875327e-001
6.325371e+003,8.871810e-001
6.329228e+003,8.870196e-001
6.333085e+003,8.888394e-001
6.336941e+003,8.890970e-001
6.340799e+003,8.892915e-001
6.344655e+003,8.901324e-001
6.348513e+003,8.900051e-001
6.352369e+003,8.899530e-001
6.356227e+003,8.900637e-001
6.360083e+003,8.909764e-001
6.363940e+003,8.926428e-001
6.367797e+003,8.911430e-001
6.371654e+003,8.880641e-001
6.375511e+003,8.854485e-001
6.379368e+003,8.855947e-001
6.383225e+003,8.847960e-001
6.387082e+003,8.824067e-001
6.390938e+003,8.816143e-001
6.394796e+003,8.818824e-001
6.398652e+003,8.822030e-001
6.402510e+003,8.825384e-001
6.406366e+003,8.820290e-001
6.410224e+003,8.821535e-001
6.414080e+003,8.823123e-001
6.417938e+003,8.821657e-001
6.421794e+003,8.795514e-001
6.425651e+003,8.791176e-001
6.429508e+003,8.809108e-001
6.433365e+003,8.823925e-001
6.437222e+003,8.833939e-001
6.441079e+003,8.808147e-001
6.444936e+003,8.794862e-001
6.448793e+003,8.799384e-001
6.452649e+003,8.795685e-001
6.456507e+003,8.803583e-001
6.460363e+003,8.805448e-001
6.464221e+003,8.814654e-001
6.468077e+003,8.818713e-001
6.471935e+003,8.820080e-001
6.475791e+003,8.811259e-001
6.479648e+003,8.821462e-001
6.483505e+003,8.833576e-001
6.487362e+003,8.817995e-001
6.491219e+003,8.814209e-001
6.495076e+003,8.831940e-001
6.498933e+003,8.827938e-001
6.502790e+003,8.808807e-001
6.506646e+003,8.795159e-001
6.510504e+003,8.797134e-001
6.514360e+003,8.808966e-001
6.518218e+003,8.819885e-001
6.522074e+003,8.825025e-001
6.525932e+003,8.833476e-001
6.529788e+003,8.825871e-001
6.533646e+003,8.817229e-001
6.537502e+003,8.826871e-001
6.541359e+003,8.825204e-001
6.545216e+003,8.833362e-001
6.549073e+003,8.854794e-001
6.552930e+003,8.847126e-001
6.556787e+003,8.843909e-001
6.560644e+003,8.821091e-001
6.564501e+003,8.799202e-001
6.568357e+003,8.792394e-001
6.572215e+003,8.789913e-001
6.576071e+003,8.789899e-001
6.579929e+003,8.782535e-001
6.583785e+003,8.776305e-001
6.587643e+003,8.776392e-001
6.591499e+003,8.781666e-001
6.595356e+003,8.787490e-001
6.599213e+003,8.779483e-001
6.603070e+003,8.759858e-001
6.606927e+003,8.753440e-001
6.610784e+003,8.767186e-001
6.614641e+003,8.757246e-001
6.618498e+003,8.748380e-001
6.622354e+003,8.754026e-001
6.626212e+003,8.746145e-001
6.630068e+003,8.743273e-001
6.633926e+003,8.749462e-001
6.637782e+003,8.722588e-001
6.641640e+003,8.705629e-001
6.645496e+003,8.705035e-001
6.649354e+003,8.708459e-001
6.653210e+003,8.691702e-001
6.657067e+003,8.671521e-001
6.660924e+003,8.665538e-001
6.664781e+003,8.665430e-001
6.668638e+003,8.676376e-001
6.672495e+003,8.689063e-001
6.676352e+003,8.668922e-001
6.680209e+003,8.659809e-001
6.684065e+003,8.656175e-001
6.687923e+003,8.627422e-001
6.691779e+003,8.601139e-001
6.695637e+003,8.606508e-001
6.699493e+003,8.616142e-001
6.703351e+003,8.602394e-001
6.707207e+003,8.593699e-001
6.711064e+003,8.605656e-001
6.714921e+003,8.584920e-001
6.718778e+003,8.564463e-001
6.722635e+003,8.562033e-001
6.726492e+003,8.549379e-001
6.730349e+003,8.533838e-001
6.734206e+003,8.512280e-001
6.738063e+003,8.499753e-001
6.741920e+003,8.503073e-001
6.745776e+003,8.495305e-001
6.749634e+003,8.468971e-001
6.753490e+003,8.444408e-001
6.757348e+003,8.435560e-001
6.761204e+003,8.436821e-001
6.765062e+003,8.432319e-001
6.768918e+003,8.409823e-001
6.772775e+003,8.379821e-001
6.776632e+003,8.362360e-001
6.780489e+003,8.371424e-001
6.784346e+003,8.372995e-001
6.788203e+003,8.353816e-001
6.792060e+003,8.328266e-001
6.795917e+003,8.320795e-001
6.799773e+003,8.309529e-001
6.803631e+003,8.297464e-001
6.807487e+003,8.282277e-001
6.811345e+003,8.271492e-001
6.815201e+003,8.273812e-001
6.819059e+003,8.244058e-001
6.822915e+003,8.223963e-001
6.826772e+003,8.206422e-001
6.830629e+003,8.173440e-001
6.834486e+003,8.159840e-001
6.838343e+003,8.155132e-001
6.842200e+003,8.153840e-001
6.846057e+003,8.146555e-001
6.849914e+003,8.134489e-001
6.853771e+003,8.109679e-001
6.857628e+003,8.080793e-001
6.861484e+003,8.089094e-001
6.865342e+003,8.083550e-001
6.869198e+003,8.073356e-001
6.873056e+003,8.077217e-001
6.876912e+003,8.066337e-001
6.880770e+003,8.051753e-001
6.884626e+003,8.027738e-001
6.888483e+003,8.007241e-001
6.892340e+003,8.001963e-001
6.896197e+003,7.994183e-001
6.900054e+003,7.990785e-001
6.903911e+003,7.995484e-001
6.907768e+003,7.973885e-001
6.911625e+003,7.943274e-001
6.915481e+003,7.934811e-001
6.919339e+003,7.931372e-001
6.923195e+003,7.933704e-001
6.927053e+003,7.915561e-001
6.930909e+003,7.900328e-001
6.934767e+003,7.885880e-001
6.938623e+003,7.880622e-001
6.942480e+003,7.882118e-001
6.946337e+003,7.882444e-001
6.950194e+003,7.872100e-001
6.954051e+003,7.858495e-001
6.957908e+003,7.855166e-001
6.961765e+003,7.836563e-001
6.965622e+003,7.838134e-001
6.969479e+003,7.810485e-001
6.973336e+003,7.777573e-001
6.977192e+003,7.754002e-001
6.981050e+003,7.738988e-001
6.984906e+003,7.727013e-001
6.988764e+003,7.733434e-001
6.992620e+003,7.724758e-001
6.996478e+003,7.711778e-001
7.000334e+003,7.693522e-001
7.004191e+003,7.667534e-001
7.008048e+003,7.659969e-001
7.011905e+003,7.642813e-001
7.015762e+003,7.626036e-001
7.019619e+003,7.616739e-001
7.023476e+003,7.595924e-001
7.027333e+003,7.584582e-001
7.031189e+003,7.563361e-001
7.035047e+003,7.536119e-001
7.038903e+003,7.524299e-001
7.042761e+003,7.490540e-001
7.046617e+003,7.477248e-001
7.050475e+003,7.468310e-001
7.054331e+003,7.447116e-001
7.058188e+003,7.435287e-001
7.062045e+003,7.438657e-001
7.065902e+003,7.421820e-001
7.069759e+003,7.404468e-001
7.073616e+003,7.384058e-001
7.077473e+003,7.356512e-001
7.081330e+003,7.340997e-001
7.085187e+003,7.331133e-001
7.089044e+003,7.313880e-001
7.092900e+003,7.308677e-001
7.096758e+003,7.292788e-001
7.100614e+003,7.262642e-001
7.104472e+003,7.243952e-001
7.108328e+003,7.223755e-001
7.112186e+003,7.218058e-001
7.116042e+003,7.216278e-001
7.119899e+003,7.196165e-001
7.123756e+003,7.174861e-001
7.127613e+003,7.160631e-001
7.131470e+003,7.138856e-001
7.135327e+003,7.137001e-001
7.139184e+003,7.119456e-001
7.143041e+003,7.099574e-001
7.146897e+003,7.079045e-001
7.150755e+003,7.062730e-001
7.154611e+003,7.052030e-001
7.158469e+003,7.050213e-001
7.162325e+003,7.036614e-001
7.166183e+003,7.031685e-001
7.170039e+003,7.033508e-001
7.173896e+003,7.022173e-001
7.177753e+003,6.994417e-001
7.181610e+003,6.978204e-001
7.185467e+003,6.966274e-001
7.189324e+003,6.967719e-001
7.193181e+003,6.952257e-001
7.197038e+003,6.934649e-001
7.200895e+003,6.934685e-001
7.204752e+003,6.941928e-001
7.208608e+003,6.918651e-001
7.212466e+003,6.906028e-001
7.216322e+003,6.887984e-001
7.220180e+003,6.872771e-001
7.224036e+003,6.875620e-001
7.227894e+003,6.889216e-001
7.231750e+003,6.894704e-001
7.235607e+003,6.866206e-001
7.239464e+003,6.868311e-001
7.243321e+003,6.892636e-001
7.247178e+003,6.892404e-001
7.251035e+003,6.894609e-001
7.254892e+003,6.902899e-001
7.258749e+003,6.920149e-001
7.262605e+003,6.931273e-001
7.266463e+003,6.923395e-001
7.270319e+003,6.929856e-001
7.274177e+003,6.940144e-001
7.278033e+003,6.940021e-001
7.281891e+003,6.932706e-001
7.285747e+003,6.932125e-001
7.289604e+003,6.935775e-001
7.293461e+003,6.931146e-001
7.297318e+003,6.931387e-001
7.301175e+003,6.934838e-001
7.305032e+003,6.939805e-001
7.308889e+003,6.948240e-001
7.312746e+003,6.944888e-001
7.316603e+003,6.936422e-001
7.320460e+003,6.917214e-001
7.324316e+003,6.906934e-001
7.328174e+003,6.900923e-001
7.332030e+003,6.893913e-001
7.335888e+003,6.877638e-001
7.339744e+003,6.877494e-001
7.343602e+003,6.871816e-001
7.347458e+003,6.848251e-001
7.351315e+003,6.849580e-001
7.355172e+003,6.851270e-001
7.359029e+003,6.838333e-001
7.362886e+003,6.813568e-001
7.366743e+003,6.812121e-001
7.370600e+003,6.820290e-001
7.374457e+003,6.815906e-001
7.378313e+003,6.795203e-001
7.382171e+003,6.783324e-001
7.386027e+003,6.780521e-001
7.389885e+003,6.775674e-001
7.393741e+003,6.763726e-001
7.397599e+003,6.750940e-001
7.401455e+003,6.747304e-001
7.405313e+003,6.737273e-001
7.409169e+003,6.729508e-001
7.413026e+003,6.729587e-001
7.416883e+003,6.728557e-001
7.420740e+003,6.720199e-001
7.424597e+003,6.712680e-001
7.428454e+003,6.718193e-001
7.432311e+003,6.712931e-001
7.436168e+003,6.714612e-001
7.440024e+003,6.714888e-001
7.443882e+003,6.703998e-001
7.447738e+003,6.681888e-001
7.451596e+003,6.683756e-001
7.455452e+003,6.679827e-001
7.459310e+003,6.666242e-001
7.463166e+003,6.662937e-001
7.467023e+003,6.666707e-001
7.470880e+003,6.662157e-001
7.474737e+003,6.658949e-001
7.478594e+003,6.658074e-001
7.482451e+003,6.653221e-001
7.486308e+003,6.645480e-001
7.490165e+003,6.645546e-001
7.494021e+003,6.654174e-001
7.497879e+003,6.645935e-001
7.501735e+003,6.639608e-001
7.505593e+003,6.629786e-001
7.509449e+003,6.626788e-001
7.513307e+003,6.632041e-001
7.517163e+003,6.630066e-001
7.521021e+003,6.625294e-001
7.524877e+003,6.619218e-001
7.528734e+003,6.620589e-001
7.532591e+003,6.629386e-001
7.536448e+003,6.618218e-001
7.540305e+003,6.603599e-001
7.544162e+003,6.602075e-001
7.548019e+003,6.610164e-001
7.551876e+003,6.609625e-001
7.555732e+003,6.615915e-001
7.559590e+003,6.612852e-001
7.563446e+003,6.618893e-001
7.567304e+003,6.628148e-001
7.571160e+003,6.624312e-001
7.575018e+003,6.615180e-001
7.578874e+003,6.610433e-001
7.582731e+003,6.609870e-001
7.586588e+003,6.599731e-001
7.590445e+003,6.600512e-001
7.594302e+003,6.607075e-001
7.598159e+003,6.606684e-001
7.602016e+003,6.603044e-001
7.605873e+003,6.608137e-001
7.609729e+003,6.598583e-001
7.613587e+003,6.593155e-001
7.617443e+003,6.592380e-001
7.621301e+003,6.592203e-001
7.625157e+003,6.593781e-001
7.629015e+003,6.598254e-001
7.632871e+003,6.599149e-001
7.636729e+003,6.590267e-001
7.640585e+003,6.593056e-001
7.644442e+003,6.607066e-001
7.648299e+003,6.607802e-001
7.652156e+003,6.592199e-001
7.656013e+003,6.593625e-001
7.659870e+003,6.602685e-001
7.663727e+003,6.601911e-001
7.667584e+003,6.601501e-001
7.671440e+003,6.606422e-001
7.675298e+003,6.608702e-001
7.679154e+003,6.605536e-001
7.683012e+003,6.613252e-001
7.686868e+003,6.609251e-001
7.690726e+003,6.616711e-001
7.694582e+003,6.635630e-001
7.698439e+003,6.639334e-001
7.702296e+003,6.627538e-001
7.706153e+003,6.624696e-001
7.710010e+003,6.629946e-001
7.713867e+003,6.640999e-001
7.717724e+003,6.639262e-001
7.721581e+003,6.621549e-001
7.725438e+003,6.610339e-001
7.729295e+003,6.627839e-001
7.733151e+003,6.648880e-001
7.737009e+003,6.660770e-001
7.740865e+003,6.663558e-001
7.744723e+003,6.667888e-001
7.748579e+003,6.667323e-001
7.752437e+003,6.660039e-001
7.756293e+003,6.659772e-001
7.760150e+003,6.653924e-001
7.764007e+003,6.671185e-001
7.767864e+003,6.675568e-001
7.771721e+003,6.667772e-001
7.775578e+003,6.670332e-001
7.779435e+003,6.663421e-001
7.783292e+003,6.668355e-001
7.787148e+003,6.671482e-001
7.791006e+003,6.674008e-001
7.794862e+003,6.676229e-001
7.798720e+003,6.676178e-001
7.802576e+003,6.679678e-001
7.806434e+003,6.691151e-001
7.810290e+003,6.694215e-001
7.814147e+003,6.694736e-001
7.818004e+003,6.707225e-001
7.821861e+003,6.693148e-001
7.825718e+003,6.684558e-001
7.829575e+003,6.688494e-001
7.833432e+003,6.697168e-001
7.837289e+003,6.696009e-001
7.841146e+003,6.711976e-001
7.845003e+003,6.716971e-001
7.848859e+003,6.725890e-001
7.852717e+003,6.720425e-001
7.856573e+003,6.716634e-001
7.860431e+003,6.703160e-001
7.864287e+003,6.699991e-001
7.868145e+003,6.705433e-001
7.872001e+003,6.708344e-001
7.875858e+003,6.719484e-001
7.879715e+003,6.715723e-001
7.883572e+003,6.710176e-001
7.887429e+003,6.715425e-001
7.891286e+003,6.725618e-001
7.895143e+003,6.719903e-001
7.899000e+003,6.715240e-001
7.902856e+003,6.712968e-001
7.906714e+003,6.709453e-001
7.910570e+003,6.705137e-001
7.914428e+003,6.710702e-001
7.918284e+003,6.719262e-001
7.922142e+003,6.717336e-001
7.925998e+003,6.723963e-001
7.929855e+003,6.728345e-001
7.933712e+003,6.714548e-001
7.937569e+003,6.711667e-001
7.941426e+003,6.695133e-001
7.945283e+003,6.700763e-001
7.949140e+003,6.705996e-001
7.952997e+003,6.690246e-001
7.956854e+003,6.685909e-001
7.960711e+003,6.700070e-001
7.964567e+003,6.694427e-001
7.968425e+003,6.686949e-001
7.972281e+003,6.671400e-001
7.976139e+003,6.673909e-001
7.979995e+003,6.688823e-001
7.983853e+003,6.679134e-001
7.987709e+003,6.675188e-001
7.991566e+003,6.683879e-001
7.995423e+003,6.684844e-001
7.999280e+003,6.668615e-001
8.003137e+003,6.667455e-001
8.006994e+003,6.677902e-001
8.010851e+003,6.669341e-001
8.014708e+003,6.672604e-001
8.018564e+003,6.665211e-001
8.022422e+003,6.678889e-001
8.026278e+003,6.690611e-001
8.030136e+003,6.680683e-001
8.033992e+003,6.685166e-001
8.037850e+003,6.684517e-001
8.041706e+003,6.685784e-001
8.045563e+003,6.685210e-001
8.049420e+003,6.671209e-001
8.053277e+003,6.665197e-001
8.057134e+003,6.671605e-001
8.060991e+003,6.679056e-001
8.064848e+003,6.669675e-001
8.068705e+003,6.671566e-001
8.072562e+003,6.682239e-001
8.076419e+003,6.692913e-001
8.080275e+003,6.682023e-001
8.084133e+003,6.682044e-001
8.087989e+003,6.697744e-001
8.091847e+003,6.701053e-001
8.095703e+003,6.706566e-001
8.099561e+003,6.681086e-001
8.103417e+003,6.673068e-001
8.107274e+003,6.682072e-001
8.111131e+003,6.699075e-001
8.114988e+003,6.714748e-001
8.118845e+003,6.707690e-001
8.122702e+003,6.683475e-001
8.126559e+003,6.697319e-001
8.130416e+003,6.726371e-001
8.134272e+003,6.718944e-001
8.138130e+003,6.712765e-001
8.141986e+003,6.721803e-001
8.145844e+003,6.725999e-001
8.149700e+003,6.728756e-001
8.153558e+003,6.730497e-001
8.157414e+003,6.734765e-001
8.161271e+003,6.754698e-001
8.165128e+003,6.753303e-001
8.168985e+003,6.741666e-001
8.172842e+003,6.754929e-001
8.176699e+003,6.769915e-001
8.180556e+003,6.765637e-001
8.184413e+003,6.763159e-001
8.188270e+003,6.755350e-001
8.192127e+003,6.760502e-001
8.195983e+003,6.783718e-001
8.199841e+003,6.783369e-001
8.203697e+003,6.778533e-001
8.207555e+003,6.785210e-001
8.211411e+003,6.779667e-001
8.215269e+003,6.766508e-001
8.219125e+003,6.766772e-001
8.222982e+003,6.773419e-001
8.226839e+003,6.779502e-001
8.230696e+003,6.776593e-001
8.234553e+003,6.755463e-001
8.238410e+003,6.746902e-001
8.242267e+003,6.777050e-001
8.246124e+003,6.782296e-001
8.249980e+003,6.777735e-001
8.253838e+003,6.789791e-001
8.257694e+003,6.779826e-001
8.261552e+003,6.758397e-001
8.265408e+003,6.760983e-001
8.269266e+003,6.775097e-001
8.273122e+003,6.782107e-001
8.276979e+003,6.773662e-001
8.280836e+003,6.785138e-001
8.284693e+003,6.810058e-001
8.288550e+003,6.823891e-001
8.292407e+003,6.810130e-001
8.296264e+003,6.800391e-001
8.300121e+003,6.821629e-001
8.303978e+003,6.834508e-001
8.307835e+003,6.841615e-001
8.311691e+003,6.830292e-001
8.315549e+003,6.853312e-001
8.319405e+003,6.854888e-001
8.323263e+003,6.854209e-001
8.327119e+003,6.826155e-001
8.330977e+003,6.821829e-001
8.334833e+003,6.843427e-001
8.338690e+003,6.873767e-001
8.342547e+003,6.859224e-001
8.346404e+003,6.859376e-001
8.350261e+003,6.858966e-001
8.354118e+003,6.838747e-001
8.357975e+003,6.837127e-001
8.361832e+003,6.825066e-001
8.365688e+003,6.823393e-001
8.369546e+003,6.824809e-001
8.373402e+003,6.836235e-001
8.377260e+003,6.832983e-001
8.381116e+003,6.802366e-001
8.384974e+003,6.799816e-001
8.388830e+003,6.769407e-001
8.392688e+003,6.780563e-001
8.396544e+003,6.777942e-001
8.400401e+003,6.745130e-001
8.404258e+003,6.733111e-001
8.408115e+003,6.729589e-001
8.411972e+003,6.718403e-001
8.415829e+003,6.718897e-001
8.419686e+003,6.715224e-001
8.423543e+003,6.708696e-001
8.427399e+003,6.676308e-001
8.431257e+003,6.649333e-001
8.435113e+003,6.667719e-001
8.438971e+003,6.689845e-001
8.442827e+003,6.683256e-001
8.446685e+003,6.676005e-001
8.450541e+003,6.672758e-001
8.454398e+003,6.651613e-001
8.458255e+003,6.629955e-001
8.462112e+003,6.609259e-001
8.465969e+003,6.591809e-001
8.469826e+003,6.617167e-001
8.473683e+003,6.613558e-001
8.477540e+003,6.604479e-001
8.481396e+003,6.600711e-001
8.485254e+003,6.598592e-001
8.489110e+003,6.587831e-001
8.492968e+003,6.575494e-001
8.496824e+003,6.583052e-001
8.500682e+003,6.575563e-001
8.504538e+003,6.556354e-001
8.508396e+003,6.546199e-001
8.512252e+003,6.544467e-001
8.516109e+003,6.540602e-001
8.519966e+003,6.551223e-001
8.523823e+003,6.559773e-001
8.527680e+003,6.530855e-001
8.531537e+003,6.521574e-001
8.535394e+003,6.514933e-001
8.539251e+003,6.510990e-001
8.543107e+003,6.513880e-001
8.546965e+003,6.512390e-001
8.550821e+003,6.505702e-001
8.554679e+003,6.494291e-001
8.558535e+003,6.520631e-001
8.562393e+003,6.516446e-001
8.566249e+003,6.486658e-001
8.570106e+003,6.483032e-001
8.573963e+003,6.496633e-001
8.577820e+003,6.497459e-001
8.581677e+003,6.493391e-001
8.585534e+003,6.488212e-001
8.589391e+003,6.471952e-001
8.593248e+003,6.470569e-001
8.597104e+003,6.468066e-001
8.600962e+003,6.479751e-001
8.604818e+003,6.483698e-001
8.608676e+003,6.466643e-001
8.612532e+003,6.459736e-001
8.616390e+003,6.459175e-001
8.620246e+003,6.455396e-001
8.624104e+003,6.456919e-001
8.627960e+003,6.442147e-001
8.631817e+003,6.434138e-001
8.635674e+003,6.436144e-001
8.639531e+003,6.409186e-001
8.643388e+003,6.402435e-001
8.647245e+003,6.401860e-001
8.651102e+003,6.403117e-001
8.654959e+003,6.400024e-001
8.658815e+003,6.410981e-001
8.662673e+003,6.413177e-001
8.666529e+003,6.386347e-001
8.670387e+003,6.360793e-001
8.674243e+003,6.383312e-001
8.678101e+003,6.408589e-001
8.681957e+003,6.398919e-001
8.685814e+003,6.396109e-001
8.689671e+003,6.396977e-001
8.693528e+003,6.369342e-001
8.697385e+003,6.353443e-001
8.701242e+003,6.353463e-001
8.705099e+003,6.356552e-001
8.708956e+003,6.359407e-001
8.712813e+003,6.372378e-001
8.716670e+003,6.368431e-001
8.720526e+003,6.379798e-001
8.724384e+003,6.354800e-001
8.728240e+003,6.344507e-001
8.732098e+003,6.342126e-001
8.735954e+003,6.338067e-001
8.739812e+003,6.327106e-001
8.743668e+003,6.336564e-001
8.747525e+003,6.356797e-001
8.751382e+003,6.347038e-001
8.755239e+003,6.325560e-001
8.759096e+003,6.311503e-001
8.762953e+003,6.308368e-001
8.766810e+003,6.304834e-001
8.770667e+003,6.311877e-001
8.774523e+003,6.328885e-001
8.778381e+003,6.339749e-001
8.782237e+003,6.342605e-001
8.786095e+003,6.336579e-001
8.789951e+003,6.336047e-001
8.793809e+003,6.337020e-001
8.797665e+003,6.315293e-001
8.801522e+003,6.304078e-001
8.805379e+003,6.286275e-001
8.809236e+003,6.292670e-001
8.813093e+003,6.314643e-001
8.816950e+003,6.328487e-001
8.820807e+003,6.335973e-001
8.824664e+003,6.317157e-001
8.828521e+003,6.305200e-001
8.832378e+003,6.302867e-001
8.836234e+003,6.289668e-001
8.840092e+003,6.291472e-001
8.843948e+003,6.313927e-001
8.847806e+003,6.321529e-001
8.851662e+003,6.305856e-001
8.855520e+003,6.304485e-001
8.859376e+003,6.308276e-001
8.863233e+003,6.313954e-001
8.867090e+003,6.313321e-001
8.870947e+003,6.322073e-001
8.874804e+003,6.311995e-001
8.878661e+003,6.309420e-001
8.882518e+003,6.317024e-001
8.886375e+003,6.297983e-001
8.890231e+003,6.291495e-001
8.894089e+003,6.301790e-001
8.897945e+003,6.303395e-001
8.901803e+003,6.290104e-001
8.905659e+003,6.311810e-001
8.909517e+003,6.309804e-001
8.913373e+003,6.317289e-001
8.917230e+003,6.349111e-001
8.921087e+003,6.336890e-001
8.924944e+003,6.313013e-001
8.928801e+003,6.331087e-001
8.932658e+003,6.333803e-001
8.936515e+003,6.311815e-001
8.940372e+003,6.310999e-001
8.944229e+003,6.333386e-001
8.948086e+003,6.313076e-001
8.951942e+003,6.314489e-001
8.955800e+003,6.329218e-001
8.959656e+003,6.296961e-001
8.963514e+003,6.305510e-001
8.967370e+003,6.328595e-001
8.971228e+003,6.316410e-001
8.975084e+003,6.305281e-001
8.978941e+003,6.326882e-001
8.982798e+003,6.348317e-001
8.986655e+003,6.330963e-001
8.990512e+003,6.333596e-001
8.994369e+003,6.337975e-001
8.998226e+003,6.319386e-001
9.002083e+003,6.318665e-001
9.005939e+003,6.334103e-001
9.009797e+003,6.318960e-001
9.013653e+003,6.330372e-001
9.017511e+003,6.344776e-001
9.021367e+003,6.335233e-001
9.025225e+003,6.335798e-001
9.029081e+003,6.348504e-001
9.032938e+003,6.357529e-001
9.036795e+003,6.352258e-001
9.040652e+003,6.342804e-001
9.044509e+003,6.358353e-001
9.048366e+003,6.356748e-001
9.052223e+003,6.357327e-001
9.056080e+003,6.344453e-001
9.059937e+003,6.333334e-001
9.063794e+003,6.341742e-001
9.067650e+003,6.345425e-001
9.071508e+003,6.325061e-001
9.075364e+003,6.334049e-001
9.079222e+003,6.356556e-001
9.083078e+003,6.334912e-001
9.086936e+003,6.359721e-001
9.090792e+003,6.380126e-001
9.094649e+003,6.363434e-001
9.098506e+003,6.369576e-001
9.102363e+003,6.355347e-001
9.106220e+003,6.335093e-001
9.110077e+003,6.341736e-001
9.113934e+003,6.366521e-001
9.117791e+003,6.391186e-001
9.121647e+003,6.373061e-001
9.125505e+003,6.353068e-001
9.129361e+003,6.353542e-001
9.133219e+003,6.360490e-001
9.137075e+003,6.363469e-001
9.140933e+003,6.346127e-001
9.144789e+003,6.373288e-001
9.148646e+003,6.382185e-001
9.152503e+003,6.383646e-001
9.156360e+003,6.389528e-001
9.160217e+003,6.384921e-001
9.164074e+003,6.381701e-001
9.167931e+003,6.350123e-001
9.171788e+003,6.339608e-001
9.175645e+003,6.366227e-001
9.179502e+003,6.384957e-001
9.183358e+003,6.377952e-001
9.187216e+003,6.393853e-001
9.191072e+003,6.402446e-001
9.194930e+003,6.386065e-001
9.198786e+003,6.373446e-001
9.202644e+003,6.377211e-001
9.206500e+003,6.352844e-001
9.210357e+003,6.365844e-001
9.214214e+003,6.347918e-001
9.218071e+003,6.361094e-001
9.221928e+003,6.383718e-001
9.225785e+003,6.380154e-001
9.229642e+003,6.391286e-001
9.233499e+003,6.384200e-001
9.237355e+003,6.393490e-001
9.241213e+003,6.406572e-001
9.245069e+003,6.400064e-001
9.248927e+003,6.406614e-001
9.252783e+003,6.426294e-001
9.256641e+003,6.438252e-001
9.260497e+003,6.417523e-001
9.264354e+003,6.400924e-001
9.268211e+003,6.396950e-001
9.272068e+003,6.412585e-001
9.275925e+003,6.395463e-001
9.279782e+003,6.386288e-001
9.283639e+003,6.396177e-001
9.287496e+003,6.391326e-001
9.291353e+003,6.397752e-001
9.295210e+003,6.407762e-001
9.299066e+003,6.416719e-001
9.302924e+003,6.393142e-001
9.306780e+003,6.398820e-001
9.310638e+003,6.406330e-001
9.314494e+003,6.380197e-001
9.318352e+003,6.381539e-001
9.322208e+003,6.385117e-001
9.326065e+003,6.384293e-001
9.329922e+003,6.407273e-001
9.333779e+003,6.405139e-001
9.337636e+003,6.416062e-001
9.341493e+003,6.395661e-001
9.345350e+003,6.370227e-001
9.349207e+003,6.386361e-001
9.353063e+003,6.402671e-001
9.356921e+003,6.402593e-001
9.360777e+003,6.390936e-001
9.364635e+003,6.399311e-001
9.368491e+003,6.416816e-001
9.372349e+003,6.404269e-001
9.376205e+003,6.419291e-001
9.380063e+003,6.410530e-001
9.383919e+003,6.396319e-001
9.387776e+003,6.399329e-001
9.391633e+003,6.421254e-001
9.395490e+003,6.438990e-001
9.399347e+003,6.405541e-001
9.403204e+003,6.384506e-001
9.407061e+003,6.408725e-001
9.410918e+003,6.398803e-001
9.414774e+003,6.404088e-001
9.418632e+003,6.421514e-001
9.422488e+003,6.445825e-001
9.426346e+003,6.447144e-001
9.430202e+003,6.431220e-001
9.434060e+003,6.455414e-001
9.437916e+003,6.448436e-001
9.441773e+003,6.450810e-001
9.445630e+003,6.424117e-001
9.449487e+003,6.418005e-001
9.453344e+003,6.424114e-001
9.457201e+003,6.416621e-001
9.461058e+003,6.421854e-001
9.464915e+003,6.432459e-001
9.468771e+003,6.430619e-001
9.472629e+003,6.446127e-001
9.476485e+003,6.442606e-001
9.480343e+003,6.444898e-001
9.484199e+003,6.445972e-001
9.488057e+003,6.442392e-001
9.491913e+003,6.430243e-001
9.495771e+003,6.403105e-001
9.499627e+003,6.390241e-001
9.503484e+003,6.441838e-001
9.507341e+003,6.469598e-001
9.511198e+003,6.439086e-001
9.515055e+003,6.402230e-001
9.518912e+003,6.422714e-001
9.522769e+003,6.443083e-001
9.526626e+003,6.451427e-001
9.530482e+003,6.447552e-001
9.534340e+003,6.426634e-001
9.538196e+003,6.427437e-001
9.542054e+003,6.441220e-001
9.545910e+003,6.462173e-001
9.549768e+003,6.454366e-001
9.553624e+003,6.462829e-001
9.557481e+003,6.494017e-001
9.561338e+003,6.528672e-001
9.565195e+003,6.522957e-001
9.569052e+003,6.504580e-001
9.572909e+003,6.489667e-001
9.576766e+003,6.477771e-001
9.580623e+003,6.484804e-001
9.584479e+003,6.473689e-001
9.588337e+003,6.447986e-001
9.592193e+003,6.457852e-001
9.596051e+003,6.459383e-001
9.599907e+003,6.455346e-001
9.603765e+003,6.455413e-001
9.607621e+003,6.441261e-001
9.611479e+003,6.453683e-001
9.615335e+003,6.450421e-001
9.619192e+003,6.460271e-001
9.623049e+003,6.486055e-001
9.626906e+003,6.476035e-001
9.630763e+003,6.475034e-001
9.634620e+003,6.501089e-001
9.638477e+003,6.496630e-001
9.642334e+003,6.458527e-001
9.646190e+003,6.446902e-001
9.650048e+003,6.515607e-001
9.653904e+003,6.538785e-001
9.657762e+003,6.510997e-001
9.661618e+003,6.479384e-001
9.665476e+003,6.499467e-001
9.669332e+003,6.501571e-001
9.673189e+003,6.472365e-001
9.677046e+003,6.461919e-001
9.680903e+003,6.467881e-001
9.684760e+003,6.477439e-001
9.688617e+003,6.475998e-001
9.692474e+003,6.458830e-001
9.696331e+003,6.476210e-001
9.700188e+003,6.496807e-001
9.704045e+003,6.466409e-001
9.707901e+003,6.482553e-001
9.711759e+003,6.487879e-001
9.715615e+003,6.470503e-001
9.719473e+003,6.473108e-001
9.723329e+003,6.475825e-001
9.727187e+003,6.462790e-001
9.731043e+003,6.472679e-001
9.734900e+003,6.485085e-001
9.738757e+003,6.497887e-001
9.742614e+003,6.506707e-001
9.746471e+003,6.527961e-001
9.750328e+003,6.531168e-001
9.754185e+003,6.462294e-001
9.758042e+003,6.437574e-001
9.761898e+003,6.468979e-001
9.765756e+003,6.466339e-001
9.769612e+003,6.474241e-001
9.773470e+003,6.480391e-001
9.777326e+003,6.498536e-001
9.781184e+003,6.485029e-001
9.785040e+003,6.490760e-001
9.788897e+003,6.508929e-001
9.792754e+003,6.504806e-001
9.796611e+003,6.470302e-001
9.800468e+003,6.473789e-001
9.804325e+003,6.518879e-001
9.808182e+003,6.512009e-001
9.812039e+003,6.483211e-001
9.815896e+003,6.458907e-001
9.819753e+003,6.473147e-001
9.823609e+003,6.504046e-001
9.827467e+003,6.488583e-001
9.831323e+003,6.468991e-001
9.835181e+003,6.482341e-001
9.839037e+003,6.457543e-001
9.842895e+003,6.435512e-001
9.846751e+003,6.445686e-001
9.850608e+003,6.456696e-001
9.854465e+003,6.449751e-001
9.858322e+003,6.460077e-001
9.862179e+003,6.489118e-001
9.866036e+003,6.506761e-001
9.869893e+003,6.460941e-001
9.873750e+003,6.460176e-001
9.877606e+003,6.454926e-001
9.881464e+003,6.442360e-001
9.885320e+003,6.428487e-001
9.889178e+003,6.428786e-001
9.893034e+003,6.447579e-001
9.896892e+003,6.500385e-001
9.900748e+003,6.471773e-001
9.904605e+003,6.441755e-001
9.908462e+003,6.439736e-001
9.912319e+003,6.481533e-001
9.916176e+003,6.484145e-001
9.920033e+003,6.467728e-001
9.923890e+003,6.477380e-001
9.927747e+003,6.491917e-001
9.931604e+003,6.477966e-001
9.935461e+003,6.479108e-001
9.939317e+003,6.453812e-001
9.943175e+003,6.443626e-001
9.947031e+003,6.454678e-001
9.950889e+003,6.481495e-001
9.954745e+003,6.492581e-001
9.958603e+003,6.443628e-001
9.962459e+003,6.419076e-001
9.966316e+003,6.436774e-001
9.970173e+003,6.456716e-001
9.974030e+003,6.518407e-001
9.977887e+003,6.534504e-001
9.981744e+003,6.482375e-001
9.985601e+003,6.474761e-001
9.989458e+003,6.460171e-001
9.993314e+003,6.451229e-001
9.997172e+003,6.463633e-001
1.000103e+004,6.452743e-001
