3.999640e+003,5.287908e-001
4.003497e+003,5.057495e-001
4.007354e+003,4.468691e-001
4.011211e+003,4.189430e-001
4.015068e+003,4.615939e-001
4.018925e+003,5.776610e-001
4.022781e+003,5.185603e-001
4.026638e+003,4.475186e-001
4.030495e+003,3.841236e-001
4.034352e+003,4.535283e-001
4.038209e+003,3.919280e-001
4.042066e+003,4.788442e-001
4.045923e+003,4.950174e-001
4.049780e+003,5.078349e-001
4.053637e+003,4.958510e-001
4.057494e+003,4.447603e-001
4.061351e+003,4.537935e-001
4.065208e+003,5.858605e-001
4.069065e+003,6.735666e-001
4.072922e+003,6.570892e-001
4.076779e+003,5.944388e-001
4.080635e+003,6.841432e-001
4.084492e+003,8.024280e-001
4.088349e+003,6.914073e-001
4.092206e+003,8.107486e-001
4.096063e+003,9.879752e-001
4.099920e+003,1.016386e+000
4.103777e+003,8.405721e-001
4.107634e+003,7.738449e-001
4.111491e+003,8.706942e-001
4.115348e+003,9.208097e-001
4.119205e+003,9.124666e-001
4.123062e+003,9.844824e-001
4.126919e+003,9.477636e-001
4.130775e+003,9.117516e-001
4.134633e+003,1.039297e+000
4.138489e+003,1.125472e+000
4.142347e+003,1.064249e+000
4.146203e+003,1.132882e+000
4.150061e+003,1.063255e+000
4.153917e+003,1.041590e+000
4.157774e+003,1.090308e+000
4.161631e+003,1.063695e+000
4.165488e+003,1.000717e+000
4.169345e+003,9.832539e-001
4.173202e+003,9.936750e-001
4.177059e+003,9.760801e-001
4.180916e+003,9.899532e-001
4.184772e+003,9.970694e-001
4.188630e+003,1.020745e+000
4.192486e+003,1.005965e+000
4.196344e+003,1.008226e+000
4.200200e+003,1.013877e+000
4.204058e+003,1.058946e+000
4.207914e+003,1.053383e+000
4.211771e+003,1.026366e+000
4.215628e+003,9.932448e-001
4.219485e+003,9.815923e-001
4.223342e+003,1.004399e+000
4.227199e+003,1.008799e+000
4.231056e+003,1.010263e+000
4.234913e+003,1.024048e+000
4.238770e+003,1.021023e+000
4.242627e+003,1.020055e+000
4.246483e+003,1.017881e+000
4.250341e+003,1.028854e+000
4.254197e+003,1.039650e+000
4.258055e+003,1.034858e+000
4.261911e+003,1.031762e+000
4.265769e+003,1.038129e+000
4.269625e+003,1.033016e+000
4.273482e+003,1.015332e+000
4.277339e+003,1.010865e+000
4.281196e+003,1.014310e+000
4.285053e+003,1.019108e+000
4.288910e+003,1.021862e+000
4.292767e+003,1.026649e+000
4.296624e+003,1.026501e+000
4.300480e+003,1.020543e+000
4.304338e+003,1.019407e+000
4.308194e+003,1.022233e+000
4.312052e+003,1.027274e+000
4.315908e+003,1.026960e+000
4.319766e+003,1.020683e+000
4.323622e+003,1.014559e+000
4.327479e+003,1.012173e+000
4.331336e+003,1.013546e+000
4.335193e+003,1.016712e+000
4.339050e+003,1.019452e+000
4.342907e+003,1.017896e+000
4.346764e+003,1.009273e+000
4.350621e+003,1.001304e+000
4.354478e+003,9.964675e-001
4.358335e+003,9.965475e-001
4.362191e+003,9.917980e-001
4.366049e+003,9.896960e-001
4.369905e+003,9.845147e-001
4.373763e+003,9.795936e-001
4.377619e+003,9.765617e-001
4.381477e+003,9.706709e-001
4.385333e+003,9.700750e-001
4.389190e+003,9.661788e-001
4.393047e+003,9.637069e-001
4.396904e+003,9.730703e-001
4.400761e+003,9.708461e-001
4.404618e+003,9.617420e-001
4.408475e+003,9.557621e-001
4.412332e+003,9.565901e-001
4.416188e+003,9.513556e-001
4.420046e+003,9.465397e-001
4.423902e+003,9.502500e-001
4.427760e+003,9.486828e-001
4.431616e+003,9.399625e-001
4.435474e+003,9.312689e-001
4.439330e+003,9.285892e-001
4.443188e+003,9.247161e-001
4.447044e+003,9.200795e-001
4.450901e+003,9.154341e-001
4.454758e+003,9.172751e-001
4.458615e+003,9.149482e-001
4.462472e+003,9.139596e-001
4.466329e+003,9.141943e-001
4.470186e+003,9.108165e-001
4.474043e+003,9.088067e-001
4.477899e+003,9.054452e-001
4.481757e+003,8.977382e-001
4.485613e+003,8.941424e-001
4.489471e+003,9.001129e-001
4.493327e+003,8.994391e-001
4.497185e+003,8.956267e-001
4.501041e+003,9.023128e-001
4.504898e+003,9.056431e-001
4.508755e+003,9.035456e-001
4.512612e+003,9.019109e-001
4.516469e+003,8.997582e-001
4.520326e+003,9.009047e-001
4.524183e+003,9.010838e-001
4.528040e+003,9.006236e-001
4.531896e+003,9.031569e-001
4.535754e+003,9.043215e-001
4.539610e+003,9.044625e-001
4.543468e+003,9.076955e-001
4.547324e+003,9.082280e-001
4.551182e+003,9.155731e-001
4.555038e+003,9.200522e-001
4.558896e+003,9.197503e-001
4.562752e+003,9.238714e-001
4.566609e+003,9.264886e-001
4.570466e+003,9.284986e-001
4.574323e+003,9.352841e-001
4.578180e+003,9.386955e-001
4.582037e+003,9.423314e-001
4.585894e+003,9.434689e-001
4.589751e+003,9.419508e-001
4.593607e+003,9.418263e-001
4.597465e+003,9.438475e-001
4.601321e+003,9.442047e-001
4.605179e+003,9.456203e-001
4.609035e+003,9.491888e-001
4.612893e+003,9.507869e-001
4.616749e+003,9.518017e-001
4.620606e+003,9.521561e-001
4.624463e+003,9.525938e-001
4.628320e+003,9.527593e-001
4.632177e+003,9.564188e-001
4.636034e+003,9.576511e-001
4.639891e+003,9.570652e-001
4.643748e+003,9.573315e-001
4.647604e+003,9.579273e-001
4.651462e+003,9.600029e-001
4.655318e+003,9.635834e-001
4.659176e+003,9.640014e-001
4.663032e+003,9.653713e-001
4.666890e+003,9.634157e-001
4.670746e+003,9.662938e-001
4.674604e+003,9.689720e-001
4.678460e+003,9.680553e-001
4.682317e+003,9.672285e-001
4.686174e+003,9.673815e-001
4.690031e+003,9.684660e-001
4.693888e+003,9.686306e-001
4.697745e+003,9.693270e-001
4.701602e+003,9.720637e-001
4.705459e+003,9.737735e-001
4.709315e+003,9.761388e-001
4.713173e+003,9.779855e-001
4.717029e+003,9.750106e-001
4.720887e+003,9.769722e-001
4.724743e+003,9.775330e-001
4.728601e+003,9.760770e-001
4.732457e+003,9.763892e-001
4.736314e+003,9.776129e-001
4.740171e+003,9.774362e-001
4.744028e+003,9.775679e-001
4.747885e+003,9.801200e-001
4.751742e+003,9.815303e-001
4.755599e+003,9.824672e-001
4.759456e+003,9.833814e-001
4.763313e+003,9.835456e-001
4.767170e+003,9.833344e-001
4.771026e+003,9.814673e-001
4.774884e+003,9.823003e-001
4.778740e+003,9.830002e-001
4.782598e+003,9.825922e-001
4.786454e+003,9.821733e-001
4.790312e+003,9.820621e-001
4.794168e+003,9.789603e-001
4.798025e+003,9.784824e-001
4.801882e+003,9.813277e-001
4.805739e+003,9.825079e-001
4.809596e+003,9.797055e-001
4.813453e+003,9.769239e-001
4.817310e+003,9.780884e-001
4.821167e+003,9.793345e-001
4.825023e+003,9.792301e-001
4.828881e+003,9.795123e-001
4.832737e+003,9.776023e-001
4.836595e+003,9.764378e-001
4.840451e+003,9.746621e-001
4.844309e+003,9.735705e-001
4.848165e+003,9.739795e-001
4.852022e+003,9.708765e-001
4.855879e+003,9.704287e-001
4.859736e+003,9.722485e-001
4.863593e+003,9.712802e-001
4.867450e+003,9.700311e-001
4.871307e+003,9.681973e-001
4.875164e+003,9.662701e-001
4.879021e+003,9.652900e-001
4.882878e+003,9.629121e-001
4.886734e+003,9.611754e-001
4.890592e+003,9.599200e-001
4.894448e+003,9.572477e-001
4.898306e+003,9.551733e-001
4.902162e+003,9.530988e-001
4.906020e+003,9.497107e-001
4.909876e+003,9.484870e-001
4.913733e+003,9.473109e-001
4.917590e+003,9.468657e-001
4.921447e+003,9.450433e-001
4.925304e+003,9.415376e-001
4.929161e+003,9.372957e-001
4.933018e+003,9.362162e-001
4.936875e+003,9.351512e-001
4.940731e+003,9.328573e-001
4.944589e+003,9.310837e-001
4.948445e+003,9.293361e-001
4.952303e+003,9.267675e-001
4.956159e+003,9.257453e-001
4.960017e+003,9.271793e-001
4.963873e+003,9.274625e-001
4.967730e+003,9.270335e-001
4.971587e+003,9.266167e-001
4.975444e+003,9.261251e-001
4.979301e+003,9.265181e-001
4.983158e+003,9.261501e-001
4.987015e+003,9.266165e-001
4.990872e+003,9.259764e-001
4.994729e+003,9.278279e-001
4.998586e+003,9.297377e-001
5.002442e+003,9.293299e-001
5.006300e+003,9.310687e-001
5.010156e+003,9.331403e-001
5.014014e+003,9.338594e-001
5.017870e+003,9.345363e-001
5.021728e+003,9.382471e-001
5.025584e+003,9.405654e-001
5.029441e+003,9.422132e-001
5.033298e+003,9.448095e-001
5.037155e+003,9.470307e-001
5.041012e+003,9.498837e-001
5.044869e+003,9.512052e-001
5.048726e+003,9.525487e-001
5.052583e+003,9.528495e-001
5.056439e+003,9.560125e-001
5.060297e+003,9.583426e-001
5.064153e+003,9.606580e-001
5.068011e+003,9.615244e-001
5.071867e+003,9.624373e-001
5.075725e+003,9.652659e-001
5.079581e+003,9.682119e-001
5.083438e+003,9.700109e-001
5.087295e+003,9.710115e-001
5.091152e+003,9.718062e-001
5.095009e+003,9.741132e-001
5.098866e+003,9.761974e-001
5.102723e+003,9.787818e-001
5.106580e+003,9.832696e-001
5.110437e+003,9.858059e-001
5.114294e+003,9.872876e-001
5.118150e+003,9.891416e-001
5.122008e+003,9.909469e-001
5.125864e+003,9.927440e-001
5.129722e+003,9.937629e-001
5.133578e+003,9.956436e-001
5.137436e+003,9.979258e-001
5.141292e+003,1.001110e+000
5.145149e+003,1.005381e+000
5.149006e+003,1.006385e+000
5.152863e+003,1.007527e+000
5.156720e+003,1.010001e+000
5.160577e+003,1.010366e+000
5.164434e+003,1.009814e+000
5.168291e+003,1.009756e+000
5.172147e+003,1.011253e+000
5.176005e+003,1.011876e+000
5.179861e+003,1.012531e+000
5.183719e+003,1.010155e+000
5.187575e+003,1.007565e+000
5.191433e+003,1.006312e+000
5.195289e+003,1.004495e+000
5.199146e+003,1.003440e+000
5.203003e+003,1.001517e+000
5.206860e+003,9.979295e-001
5.210717e+003,9.945310e-001
5.214574e+003,9.892238e-001
5.218431e+003,9.833276e-001
5.222288e+003,9.789478e-001
5.226145e+003,9.755821e-001
5.230002e+003,9.689091e-001
5.233858e+003,9.630749e-001
5.237716e+003,9.563558e-001
5.241572e+003,9.508154e-001
5.245430e+003,9.426123e-001
5.249286e+003,9.331201e-001
5.253144e+003,9.251339e-001
5.257000e+003,9.178062e-001
5.260857e+003,9.113012e-001
5.264714e+003,9.031509e-001
5.268571e+003,8.932441e-001
5.272428e+003,8.840299e-001
5.276285e+003,8.746760e-001
5.280142e+003,8.662760e-001
5.283999e+003,8.604199e-001
5.287855e+003,8.547917e-001
5.291713e+003,8.496729e-001
5.295569e+003,8.439067e-001
5.299427e+003,8.399902e-001
5.303283e+003,8.367627e-001
5.307141e+003,8.328416e-001
5.310997e+003,8.294165e-001
5.314854e+003,8.259543e-001
5.318711e+003,8.229142e-001
5.322568e+003,8.201565e-001
5.326425e+003,8.195032e-001
5.330282e+003,8.180874e-001
5.334139e+003,8.155345e-001
5.337996e+003,8.147694e-001
5.341853e+003,8.138001e-001
5.345710e+003,8.119240e-001
5.349566e+003,8.101612e-001
5.353424e+003,8.103811e-001
5.357280e+003,8.079284e-001
5.361138e+003,8.058932e-001
5.364994e+003,8.061663e-001
5.368852e+003,8.055112e-001
5.372708e+003,8.045588e-001
5.376565e+003,8.036606e-001
5.380422e+003,8.031135e-001
5.384279e+003,8.032504e-001
5.388136e+003,8.028637e-001
5.391993e+003,8.042881e-001
5.395850e+003,8.047802e-001
5.399707e+003,8.045084e-001
5.403563e+003,8.045793e-001
5.407421e+003,8.055619e-001
5.411277e+003,8.073700e-001
5.415135e+003,8.069667e-001
5.418991e+003,8.063552e-001
5.422849e+003,8.068945e-001
5.426705e+003,8.085319e-001
5.430563e+003,8.085644e-001
5.434419e+003,8.098684e-001
5.438276e+003,8.109778e-001
5.442133e+003,8.104751e-001
5.445990e+003,8.109279e-001
5.449847e+003,8.105422e-001
5.453704e+003,8.107157e-001
5.457561e+003,8.130813e-001
5.461418e+003,8.146434e-001
5.465274e+003,8.148512e-001
5.469132e+003,8.150327e-001
5.472988e+003,8.157915e-001
5.476846e+003,8.171008e-001
5.480702e+003,8.177606e-001
5.484560e+003,8.170645e-001
5.488416e+003,8.184102e-001
5.492273e+003,8.195999e-001
5.496130e+003,8.192635e-001
5.499987e+003,8.201823e-001
5.503844e+003,8.210112e-001
5.507701e+003,8.211942e-001
5.511558e+003,8.204044e-001
5.515415e+003,8.213606e-001
5.519271e+003,8.226075e-001
5.523129e+003,8.226540e-001
5.526985e+003,8.227161e-001
5.530843e+003,8.238425e-001
5.534699e+003,8.242177e-001
5.538557e+003,8.250542e-001
5.542413e+003,8.262236e-001
5.546271e+003,8.268100e-001
5.550127e+003,8.252982e-001
5.553984e+003,8.259954e-001
5.557841e+003,8.269600e-001
5.561698e+003,8.269431e-001
5.565555e+003,8.283970e-001
5.569412e+003,8.291481e-001
5.573269e+003,8.301175e-001
5.577126e+003,8.294866e-001
5.580982e+003,8.296035e-001
5.584840e+003,8.314794e-001
5.588696e+003,8.314503e-001
5.592554e+003,8.315306e-001
5.596410e+003,8.323998e-001
5.600268e+003,8.332338e-001
5.604124e+003,8.333335e-001
5.607981e+003,8.343514e-001
5.611838e+003,8.346814e-001
5.615695e+003,8.342125e-001
5.619552e+003,8.338276e-001
5.623409e+003,8.323276e-001
5.627266e+003,8.321773e-001
5.631123e+003,8.332918e-001
5.634979e+003,8.316807e-001
5.638837e+003,8.312914e-001
5.642693e+003,8.314387e-001
5.646551e+003,8.316994e-001
5.650407e+003,8.312139e-001
5.654265e+003,8.304529e-001
5.658121e+003,8.295106e-001
5.661979e+003,8.299099e-001
5.665835e+003,8.298696e-001
5.669692e+003,8.295233e-001
5.673549e+003,8.279557e-001
5.677406e+003,8.277589e-001
5.681263e+003,8.278829e-001
5.685120e+003,8.277947e-001
5.688977e+003,8.283196e-001
5.692834e+003,8.286628e-001
5.696690e+003,8.256609e-001
5.700548e+003,8.253119e-001
5.704404e+003,8.259509e-001
5.708262e+003,8.252866e-001
5.712118e+003,8.243029e-001
5.715976e+003,8.252667e-001
5.719832e+003,8.252454e-001
5.723689e+003,8.244158e-001
5.727546e+003,8.230516e-001
5.731403e+003,8.211929e-001
5.735260e+003,8.207673e-001
5.739117e+003,8.215453e-001
5.742974e+003,8.207804e-001
5.746831e+003,8.202754e-001
5.750688e+003,8.199035e-001
5.754545e+003,8.184320e-001
5.758401e+003,8.182395e-001
5.762259e+003,8.186631e-001
5.766115e+003,8.192387e-001
5.769973e+003,8.192261e-001
5.773829e+003,8.177087e-001
5.777687e+003,8.175761e-001
5.781543e+003,8.172008e-001
5.785400e+003,8.163298e-001
5.789257e+003,8.159541e-001
5.793114e+003,8.159271e-001
5.796971e+003,8.152400e-001
5.800828e+003,8.149945e-001
5.804685e+003,8.139849e-001
5.808542e+003,8.119929e-001
5.812398e+003,8.112631e-001
5.816256e+003,8.128164e-001
5.820112e+003,8.122799e-001
5.823970e+003,8.104447e-001
5.827826e+003,8.097605e-001
5.831684e+003,8.093225e-001
5.835540e+003,8.083911e-001
5.839397e+003,8.088599e-001
5.843254e+003,8.088664e-001
5.847111e+003,8.074114e-001
5.850968e+003,8.066365e-001
5.854825e+003,8.067988e-001
5.858682e+003,8.070773e-001
5.862539e+003,8.078424e-001
5.866396e+003,8.075191e-001
5.870253e+003,8.068946e-001
5.874109e+003,8.055332e-001
5.877967e+003,8.045981e-001
5.881823e+003,8.044936e-001
5.885681e+003,8.044732e-001
5.889537e+003,8.038725e-001
5.893395e+003,8.036522e-001
5.897251e+003,8.028858e-001
5.901108e+003,8.025444e-001
5.904965e+003,8.010455e-001
5.908822e+003,7.995069e-001
5.912679e+003,7.985091e-001
5.916536e+003,7.986286e-001
5.920393e+003,7.978498e-001
5.924250e+003,7.965542e-001
5.928106e+003,7.951047e-001
5.931964e+003,7.934727e-001
5.935820e+003,7.925362e-001
5.939678e+003,7.918135e-001
5.943534e+003,7.897982e-001
5.947392e+003,7.887468e-001
5.951248e+003,7.882493e-001
5.955105e+003,7.868264e-001
5.958962e+003,7.854809e-001
5.962819e+003,7.846602e-001
5.966676e+003,7.844448e-001
5.970533e+003,7.837163e-001
5.974390e+003,7.833644e-001
5.978247e+003,7.830895e-001
5.982104e+003,7.829797e-001
5.985961e+003,7.825772e-001
5.989817e+003,7.821439e-001
5.993675e+003,7.816271e-001
5.997531e+003,7.816130e-001
6.001389e+003,7.814214e-001
6.005245e+003,7.813838e-001
6.009103e+003,7.808231e-001
6.012959e+003,7.809600e-001
6.016816e+003,7.803910e-001
6.020673e+003,7.801275e-001
6.024530e+003,7.797647e-001
6.028387e+003,7.804348e-001
6.032244e+003,7.820038e-001
6.036101e+003,7.825630e-001
6.039958e+003,7.825226e-001
6.043814e+003,7.819725e-001
6.047672e+003,7.828880e-001
6.051528e+003,7.833996e-001
6.055386e+003,7.827803e-001
6.059242e+003,7.831543e-001
6.063100e+003,7.834967e-001
6.066956e+003,7.835039e-001
6.070813e+003,7.845531e-001
6.074670e+003,7.855847e-001
6.078527e+003,7.861481e-001
6.082384e+003,7.854496e-001
6.086241e+003,7.859152e-001
6.090098e+003,7.855486e-001
6.093955e+003,7.852305e-001
6.097812e+003,7.882726e-001
6.101669e+003,7.895842e-001
6.105525e+003,7.897978e-001
6.109383e+003,7.903032e-001
6.113239e+003,7.898820e-001
6.117097e+003,7.889344e-001
6.120953e+003,7.892651e-001
6.124811e+003,7.895443e-001
6.128667e+003,7.903099e-001
6.132524e+003,7.921665e-001
6.136381e+003,7.940532e-001
6.140238e+003,7.933453e-001
6.144095e+003,7.915943e-001
6.147952e+003,7.925676e-001
6.151809e+003,7.941779e-001
6.155666e+003,7.935260e-001
6.159522e+003,7.932840e-001
6.163380e+003,7.946607e-001
6.167236e+003,7.955120e-001
6.171094e+003,7.958478e-001
6.174950e+003,7.955959e-001
6.178808e+003,7.952117e-001
6.182664e+003,7.960648e-001
6.186521e+003,7.976754e-001
6.190378e+003,7.972052e-001
6.194235e+003,7.979078e-001
6.198092e+003,7.981197e-001
6.201949e+003,7.981178e-001
6.205806e+003,7.994619e-001
6.209663e+003,8.007783e-001
6.213520e+003,8.018743e-001
6.217377e+003,8.019039e-001
6.221233e+003,8.015634e-001
6.225091e+003,8.017516e-001
6.228947e+003,8.021682e-001
6.232805e+003,8.027843e-001
6.236661e+003,8.037432e-001
6.240519e+003,8.037964e-001
6.244375e+003,8.050010e-001
6.248232e+003,8.056707e-001
6.252089e+003,8.070611e-001
6.255946e+003,8.072794e-001
6.259803e+003,8.067753e-001
6.263660e+003,8.084046e-001
6.267517e+003,8.079249e-001
6.271374e+003,8.071483e-001
6.275230e+003,8.076191e-001
6.279088e+003,8.073301e-001
6.282944e+003,8.073987e-001
6.286802e+003,8.085116e-001
6.290658e+003,8.090404e-001
6.294516e+003,8.093458e-001
6.298372e+003,8.117578e-001
6.302229e+003,8.117813e-001
6.306086e+003,8.108802e-001
6.309943e+003,8.119802e-001
6.313800e+003,8.127525e-001
6.317657e+003,8.117965e-001
6.321514e+003,8.112705e-001
6.325371e+003,8.118741e-001
6.329228e+003,8.132106e-001
6.333085e+003,8.135995e-001
6.336941e+003,8.136902e-001
6.340799e+003,8.125595e-001
6.344655e+003,8.123916e-001
6.348513e+003,8.133625e-001
6.352369e+003,8.144312e-001
6.356227e+003,8.141713e-001
6.360083e+003,8.131388e-001
6.363940e+003,8.132548e-001
6.367797e+003,8.147581e-001
6.371654e+003,8.157327e-001
6.375511e+003,8.164645e-001
6.379368e+003,8.154047e-001
6.383225e+003,8.170034e-001
6.387082e+003,8.181843e-001
6.390938e+003,8.172079e-001
6.394796e+003,8.166192e-001
6.398652e+003,8.161839e-001
6.402510e+003,8.177815e-001
6.406366e+003,8.187041e-001
6.410224e+003,8.181878e-001
6.414080e+003,8.186306e-001
6.417938e+003,8.196055e-001
6.421794e+003,8.193755e-001
6.425651e+003,8.183662e-001
6.429508e+003,8.180974e-001
6.433365e+003,8.169692e-001
6.437222e+003,8.181919e-001
6.441079e+003,8.189280e-001
6.444936e+003,8.179073e-001
6.448793e+003,8.177270e-001
6.452649e+003,8.183643e-001
6.456507e+003,8.188925e-001
6.460363e+003,8.193070e-001
6.464221e+003,8.174409e-001
6.468077e+003,8.168435e-001
6.471935e+003,8.182166e-001
6.475791e+003,8.191713e-001
6.479648e+003,8.182986e-001
6.483505e+003,8.191874e-001
6.487362e+003,8.194532e-001
6.491219e+003,8.180426e-001
6.495076e+003,8.174385e-001
6.498933e+003,8.164358e-001
6.502790e+003,8.169364e-001
6.506646e+003,8.176509e-001
6.510504e+003,8.182002e-001
6.514360e+003,8.194575e-001
6.518218e+003,8.180506e-001
6.522074e+003,8.184870e-001
6.525932e+003,8.201413e-001
6.529788e+003,8.195400e-001
6.533646e+003,8.179426e-001
6.537502e+003,8.171670e-001
6.541359e+003,8.186596e-001
6.545216e+003,8.184673e-001
6.549073e+003,8.191090e-001
6.552930e+003,8.207280e-001
6.556787e+003,8.217717e-001
6.560644e+003,8.229041e-001
6.564501e+003,8.226328e-001
6.568357e+003,8.221338e-001
6.572215e+003,8.212077e-001
6.576071e+003,8.211008e-001
6.579929e+003,8.218873e-001
6.583785e+003,8.237632e-001
6.587643e+003,8.247695e-001
6.591499e+003,8.255506e-001
6.595356e+003,8.271626e-001
6.599213e+003,8.271128e-001
6.603070e+003,8.266879e-001
6.606927e+003,8.273616e-001
6.610784e+003,8.272074e-001
6.614641e+003,8.280857e-001
6.618498e+003,8.289039e-001
6.622354e+003,8.286231e-001
6.626212e+003,8.299106e-001
6.630068e+003,8.336497e-001
6.633926e+003,8.348070e-001
6.637782e+003,8.339053e-001
6.641640e+003,8.344257e-001
6.645496e+003,8.344368e-001
6.649354e+003,8.342189e-001
6.653210e+003,8.347042e-001
6.657067e+003,8.363349e-001
6.660924e+003,8.359300e-001
6.664781e+003,8.352710e-001
6.668638e+003,8.364086e-001
6.672495e+003,8.398886e-001
6.676352e+003,8.396277e-001
6.680209e+003,8.388341e-001
6.684065e+003,8.399609e-001
6.687923e+003,8.388762e-001
6.691779e+003,8.388290e-001
6.695637e+003,8.405727e-001
6.699493e+003,8.420026e-001
6.703351e+003,8.424196e-001
6.707207e+003,8.448039e-001
6.711064e+003,8.453737e-001
6.714921e+003,8.451255e-001
6.718778e+003,8.457540e-001
6.722635e+003,8.462709e-001
6.726492e+003,8.469293e-001
6.730349e+003,8.466619e-001
6.734206e+003,8.473588e-001
6.738063e+003,8.489347e-001
6.741920e+003,8.497592e-001
6.745776e+003,8.491908e-001
6.749634e+003,8.497245e-001
6.753490e+003,8.510242e-001
6.757348e+003,8.527646e-001
6.761204e+003,8.534704e-001
6.765062e+003,8.532197e-001
6.768918e+003,8.526819e-001
6.772775e+003,8.541034e-001
6.776632e+003,8.551570e-001
6.780489e+003,8.552204e-001
6.784346e+003,8.549128e-001
6.788203e+003,8.545088e-001
6.792060e+003,8.541925e-001
6.795917e+003,8.551015e-001
6.799773e+003,8.563570e-001
6.803631e+003,8.586519e-001
6.807487e+003,8.580425e-001
6.811345e+003,8.563101e-001
6.815201e+003,8.559505e-001
6.819059e+003,8.565362e-001
6.822915e+003,8.576053e-001
6.826772e+003,8.590293e-001
6.830629e+003,8.582618e-001
6.834486e+003,8.583130e-001
6.838343e+003,8.600183e-001
6.842200e+003,8.609121e-001
6.846057e+003,8.588458e-001
6.849914e+003,8.549633e-001
6.853771e+003,8.558404e-001
6.857628e+003,8.582134e-001
6.861484e+003,8.574323e-001
6.865342e+003,8.575478e-001
6.869198e+003,8.597846e-001
6.873056e+003,8.587087e-001
6.876912e+003,8.574257e-001
6.880770e+003,8.576452e-001
6.884626e+003,8.585014e-001
6.888483e+003,8.598218e-001
6.892340e+003,8.593756e-001
6.896197e+003,8.577040e-001
6.900054e+003,8.568771e-001
6.903911e+003,8.567755e-001
6.907768e+003,8.579878e-001
6.911625e+003,8.562631e-001
6.915481e+003,8.557556e-001
6.919339e+003,8.548255e-001
6.923195e+003,8.554773e-001
6.927053e+003,8.537003e-001
6.930909e+003,8.536394e-001
6.934767e+003,8.518060e-001
6.938623e+003,8.515856e-001
6.942480e+003,8.508890e-001
6.946337e+003,8.483199e-001
6.950194e+003,8.474588e-001
6.954051e+003,8.474591e-001
6.957908e+003,8.465577e-001
6.961765e+003,8.442478e-001
6.965622e+003,8.429906e-001
6.969479e+003,8.411892e-001
6.973336e+003,8.382850e-001
6.977192e+003,8.377915e-001
6.981050e+003,8.366720e-001
6.984906e+003,8.335871e-001
6.988764e+003,8.315964e-001
6.992620e+003,8.282372e-001
6.996478e+003,8.252409e-001
7.000334e+003,8.240665e-001
7.004191e+003,8.223602e-001
7.008048e+003,8.191126e-001
7.011905e+003,8.155710e-001
7.015762e+003,8.144836e-001
7.019619e+003,8.124096e-001
7.023476e+003,8.084617e-001
7.027333e+003,8.047131e-001
7.031189e+003,8.004569e-001
7.035047e+003,7.976493e-001
7.038903e+003,7.943559e-001
7.042761e+003,7.912073e-001
7.046617e+003,7.884465e-001
7.050475e+003,7.854220e-001
7.054331e+003,7.817057e-001
7.058188e+003,7.770637e-001
7.062045e+003,7.729483e-001
7.065902e+003,7.697453e-001
7.069759e+003,7.666559e-001
7.073616e+003,7.632883e-001
7.077473e+003,7.610281e-001
7.081330e+003,7.577604e-001
7.085187e+003,7.554545e-001
7.089044e+003,7.528515e-001
7.092900e+003,7.496929e-001
7.096758e+003,7.457638e-001
7.100614e+003,7.420631e-001
7.104472e+003,7.402947e-001
7.108328e+003,7.363606e-001
7.112186e+003,7.344866e-001
7.116042e+003,7.338827e-001
7.119899e+003,7.317892e-001
7.123756e+003,7.273663e-001
7.127613e+003,7.237275e-001
7.131470e+003,7.212404e-001
7.135327e+003,7.198579e-001
7.139184e+003,7.183719e-001
7.143041e+003,7.158657e-001
7.146897e+003,7.125497e-001
7.150755e+003,7.104558e-001
7.154611e+003,7.083529e-001
7.158469e+003,7.060042e-001
7.162325e+003,7.052877e-001
7.166183e+003,7.033830e-001
7.170039e+003,7.007979e-001
7.173896e+003,6.985767e-001
7.177753e+003,6.995461e-001
7.181610e+003,6.988758e-001
7.185467e+003,6.958525e-001
7.189324e+003,6.932261e-001
7.193181e+003,6.902971e-001
7.197038e+003,6.891124e-001
7.200895e+003,6.891315e-001
7.204752e+003,6.893932e-001
7.208608e+003,6.890336e-001
7.212466e+003,6.880937e-001
7.216322e+003,6.868479e-001
7.220180e+003,6.823652e-001
7.224036e+003,6.806540e-001
7.227894e+003,6.823502e-001
7.231750e+003,6.843393e-001
7.235607e+003,6.836208e-001
7.239464e+003,6.830269e-001
7.243321e+003,6.810201e-001
7.247178e+003,6.782404e-001
7.251035e+003,6.805002e-001
7.254892e+003,6.812595e-001
7.258749e+003,6.798409e-001
7.262605e+003,6.799318e-001
7.266463e+003,6.802710e-001
7.270319e+003,6.821433e-001
7.274177e+003,6.842126e-001
7.278033e+003,6.839069e-001
7.281891e+003,6.824541e-001
7.285747e+003,6.836051e-001
7.289604e+003,6.850288e-001
7.293461e+003,6.851670e-001
7.297318e+003,6.832279e-001
7.301175e+003,6.830976e-001
7.305032e+003,6.849133e-001
7.308889e+003,6.857768e-001
7.312746e+003,6.840153e-001
7.316603e+003,6.815873e-001
7.320460e+003,6.807066e-001
7.324316e+003,6.818796e-001
7.328174e+003,6.804386e-001
7.332030e+003,6.784145e-001
7.335888e+003,6.774190e-001
7.339744e+003,6.785604e-001
7.343602e+003,6.788913e-001
7.347458e+003,6.784300e-001
7.351315e+003,6.779054e-001
7.355172e+003,6.770456e-001
7.359029e+003,6.754269e-001
7.362886e+003,6.749789e-001
7.366743e+003,6.759510e-001
7.370600e+003,6.752042e-001
7.374457e+003,6.730753e-001
7.378313e+003,6.723567e-001
7.382171e+003,6.720737e-001
7.386027e+003,6.715929e-001
7.389885e+003,6.709223e-001
7.393741e+003,6.697485e-001
7.397599e+003,6.697214e-001
7.401455e+003,6.695037e-001
7.405313e+003,6.666320e-001
7.409169e+003,6.651381e-001
7.413026e+003,6.651556e-001
7.416883e+003,6.654051e-001
7.420740e+003,6.650979e-001
7.424597e+003,6.626812e-001
7.428454e+003,6.621525e-001
7.432311e+003,6.619486e-001
7.436168e+003,6.614332e-001
7.440024e+003,6.614451e-001
7.443882e+003,6.616625e-001
7.447738e+003,6.597939e-001
7.451596e+003,6.583965e-001
7.455452e+003,6.582554e-001
7.459310e+003,6.579480e-001
7.463166e+003,6.571568e-001
7.467023e+003,6.565421e-001
7.470880e+003,6.552826e-001
7.474737e+003,6.542311e-001
7.478594e+003,6.547288e-001
7.482451e+003,6.550749e-001
7.486308e+003,6.529619e-001
7.490165e+003,6.513991e-001
7.494021e+003,6.534947e-001
7.497879e+003,6.538333e-001
7.501735e+003,6.519013e-001
7.505593e+003,6.496424e-001
7.509449e+003,6.492298e-001
7.513307e+003,6.502201e-001
7.517163e+003,6.512042e-001
7.521021e+003,6.492299e-001
7.524877e+003,6.473323e-001
7.528734e+003,6.468626e-001
7.532591e+003,6.475730e-001
7.536448e+003,6.477485e-001
7.540305e+003,6.476128e-001
7.544162e+003,6.478221e-001
7.548019e+003,6.471166e-001
7.551876e+003,6.465706e-001
7.555732e+003,6.467291e-001
7.559590e+003,6.465258e-001
7.563446e+003,6.465104e-001
7.567304e+003,6.468769e-001
7.571160e+003,6.458663e-001
7.575018e+003,6.463022e-001
7.578874e+003,6.463987e-001
7.582731e+003,6.442260e-001
7.586588e+003,6.441249e-001
7.590445e+003,6.460403e-001
7.594302e+003,6.463063e-001
7.598159e+003,6.445050e-001
7.602016e+003,6.424052e-001
7.605873e+003,6.418509e-001
7.609729e+003,6.428413e-001
7.613587e+003,6.432789e-001
7.617443e+003,6.436423e-001
7.621301e+003,6.446746e-001
7.625157e+003,6.442106e-001
7.629015e+003,6.452255e-001
7.632871e+003,6.441357e-001
7.636729e+003,6.432857e-001
7.640585e+003,6.444370e-001
7.644442e+003,6.445132e-001
7.648299e+003,6.429439e-001
7.652156e+003,6.431492e-001
7.656013e+003,6.428215e-001
7.659870e+003,6.426739e-001
7.663727e+003,6.414832e-001
7.667584e+003,6.421905e-001
7.671440e+003,6.437535e-001
7.675298e+003,6.431640e-001
7.679154e+003,6.416754e-001
7.683012e+003,6.425032e-001
7.686868e+003,6.434594e-001
7.690726e+003,6.431236e-001
7.694582e+003,6.439385e-001
7.698439e+003,6.444021e-001
7.702296e+003,6.432515e-001
7.706153e+003,6.430300e-001
7.710010e+003,6.444131e-001
7.713867e+003,6.444052e-001
7.717724e+003,6.424751e-001
7.721581e+003,6.432608e-001
7.725438e+003,6.441351e-001
7.729295e+003,6.440769e-001
7.733151e+003,6.434559e-001
7.737009e+003,6.445112e-001
7.740865e+003,6.453301e-001
7.744723e+003,6.435593e-001
7.748579e+003,6.430208e-001
7.752437e+003,6.427687e-001
7.756293e+003,6.431742e-001
7.760150e+003,6.430604e-001
7.764007e+003,6.430893e-001
7.767864e+003,6.436930e-001
7.771721e+003,6.460707e-001
7.775578e+003,6.467672e-001
7.779435e+003,6.463051e-001
7.783292e+003,6.451978e-001
7.787148e+003,6.445862e-001
7.791006e+003,6.446277e-001
7.794862e+003,6.440686e-001
7.798720e+003,6.446075e-001
7.802576e+003,6.456722e-001
7.806434e+003,6.463839e-001
7.810290e+003,6.469167e-001
7.814147e+003,6.457925e-001
7.818004e+003,6.444475e-001
7.821861e+003,6.454384e-001
7.825718e+003,6.468405e-001
7.829575e+003,6.467251e-001
7.833432e+003,6.456339e-001
7.837289e+003,6.468310e-001
7.841146e+003,6.465482e-001
7.845003e+003,6.473557e-001
7.848859e+003,6.479844e-001
7.852717e+003,6.462753e-001
7.856573e+003,6.454104e-001
7.860431e+003,6.460484e-001
7.864287e+003,6.460982e-001
7.868145e+003,6.462016e-001
7.872001e+003,6.474570e-001
7.875858e+003,6.467363e-001
7.879715e+003,6.463321e-001
7.883572e+003,6.455953e-001
7.887429e+003,6.462436e-001
7.891286e+003,6.470492e-001
7.895143e+003,6.472912e-001
7.899000e+003,6.484866e-001
7.902856e+003,6.488030e-001
7.906714e+003,6.490421e-001
7.910570e+003,6.480345e-001
7.914428e+003,6.472191e-001
7.918284e+003,6.466467e-001
7.922142e+003,6.473640e-001
7.925998e+003,6.482675e-001
7.929855e+003,6.482814e-001
7.933712e+003,6.491331e-001
7.937569e+003,6.500396e-001
7.941426e+003,6.488025e-001
7.945283e+003,6.488264e-001
7.949140e+003,6.474522e-001
7.952997e+003,6.472663e-001
7.956854e+003,6.475502e-001
7.960711e+003,6.475354e-001
7.964567e+003,6.476721e-001
7.968425e+003,6.495398e-001
7.972281e+003,6.503336e-001
7.976139e+003,6.497163e-001
7.979995e+003,6.492343e-001
7.983853e+003,6.499935e-001
7.987709e+003,6.488858e-001
7.991566e+003,6.480731e-001
7.995423e+003,6.487587e-001
7.999280e+003,6.490124e-001
8.003137e+003,6.478199e-001
8.006994e+003,6.476933e-001
8.010851e+003,6.496005e-001
8.014708e+003,6.503227e-001
8.018564e+003,6.512268e-001
8.022422e+003,6.518558e-001
8.026278e+003,6.510797e-001
8.030136e+003,6.495415e-001
8.033992e+003,6.495103e-001
8.037850e+003,6.503058e-001
8.041706e+003,6.509207e-001
8.045563e+003,6.516383e-001
8.049420e+003,6.515581e-001
8.053277e+003,6.520535e-001
8.057134e+003,6.522399e-001
8.060991e+003,6.525680e-001
8.064848e+003,6.518996e-001
8.068705e+003,6.516104e-001
8.072562e+003,6.516552e-001
8.076419e+003,6.535667e-001
8.080275e+003,6.547380e-001
8.084133e+003,6.541235e-001
8.087989e+003,6.540562e-001
8.091847e+003,6.541271e-001
8.095703e+003,6.565999e-001
8.099561e+003,6.565417e-001
8.103417e+003,6.552733e-001
8.107274e+003,6.560103e-001
8.111131e+003,6.563229e-001
8.114988e+003,6.550280e-001
8.118845e+003,6.554037e-001
8.122702e+003,6.582068e-001
8.126559e+003,6.595244e-001
8.130416e+003,6.591608e-001
8.134272e+003,6.587799e-001
8.138130e+003,6.581716e-001
8.141986e+003,6.579996e-001
8.145844e+003,6.583713e-001
8.149700e+003,6.575304e-001
8.153558e+003,6.571742e-001
8.157414e+003,6.578505e-001
8.161271e+003,6.588035e-001
8.165128e+003,6.586940e-001
8.168985e+003,6.592888e-001
8.172842e+003,6.590232e-001
8.176699e+003,6.614416e-001
8.180556e+003,6.617341e-001
8.184413e+003,6.615935e-001
8.188270e+003,6.618856e-001
8.192127e+003,6.615695e-001
8.195983e+003,6.621122e-001
8.199841e+003,6.642529e-001
8.203697e+003,6.645307e-001
8.207555e+003,6.636109e-001
8.211411e+003,6.624200e-001
8.215269e+003,6.614732e-001
8.219125e+003,6.632161e-001
8.222982e+003,6.632499e-001
8.226839e+003,6.639206e-001
8.230696e+003,6.653454e-001
8.234553e+003,6.658134e-001
8.238410e+003,6.641843e-001
8.242267e+003,6.638915e-001
8.246124e+003,6.640184e-001
8.249980e+003,6.660701e-001
8.253838e+003,6.670809e-001
8.257694e+003,6.662390e-001
8.261552e+003,6.665815e-001
8.265408e+003,6.657600e-001
8.269266e+003,6.659212e-001
8.273122e+003,6.684245e-001
8.276979e+003,6.663742e-001
8.280836e+003,6.647595e-001
8.284693e+003,6.659136e-001
8.288550e+003,6.673269e-001
8.292407e+003,6.690857e-001
8.296264e+003,6.694089e-001
8.300121e+003,6.676976e-001
8.303978e+003,6.659499e-001
8.307835e+003,6.654056e-001
8.311691e+003,6.643475e-001
8.315549e+003,6.639944e-001
8.319405e+003,6.657568e-001
8.323263e+003,6.667765e-001
8.327119e+003,6.689289e-001
8.330977e+003,6.684190e-001
8.334833e+003,6.672011e-001
8.338690e+003,6.670316e-001
8.342547e+003,6.682945e-001
8.346404e+003,6.671955e-001
8.350261e+003,6.664922e-001
8.354118e+003,6.662527e-001
8.357975e+003,6.662134e-001
8.361832e+003,6.641127e-001
8.365688e+003,6.643819e-001
8.369546e+003,6.668605e-001
8.373402e+003,6.684743e-001
8.377260e+003,6.663797e-001
8.381116e+003,6.662881e-001
8.384974e+003,6.652007e-001
8.388830e+003,6.628552e-001
8.392688e+003,6.631435e-001
8.396544e+003,6.636993e-001
8.400401e+003,6.647142e-001
8.404258e+003,6.646351e-001
8.408115e+003,6.652567e-001
8.411972e+003,6.654518e-001
8.415829e+003,6.649305e-001
8.419686e+003,6.624666e-001
8.423543e+003,6.597833e-001
8.427399e+003,6.594638e-001
8.431257e+003,6.607407e-001
8.435113e+003,6.621627e-001
8.438971e+003,6.612861e-001
8.442827e+003,6.599908e-001
8.446685e+003,6.592484e-001
8.450541e+003,6.585020e-001
8.454398e+003,6.599620e-001
8.458255e+003,6.589936e-001
8.462112e+003,6.575519e-001
8.465969e+003,6.577482e-001
8.469826e+003,6.571345e-001
8.473683e+003,6.580312e-001
8.477540e+003,6.553541e-001
8.481396e+003,6.541075e-001
8.485254e+003,6.572114e-001
8.489110e+003,6.589991e-001
8.492968e+003,6.576257e-001
8.496824e+003,6.558679e-001
8.500682e+003,6.527377e-001
8.504538e+003,6.523997e-001
8.508396e+003,6.540229e-001
8.512252e+003,6.545420e-001
8.516109e+003,6.546097e-001
8.519966e+003,6.533600e-001
8.523823e+003,6.520096e-001
8.527680e+003,6.525962e-001
8.531537e+003,6.527728e-001
8.535394e+003,6.513876e-001
8.539251e+003,6.486690e-001
8.543107e+003,6.477061e-001
8.546965e+003,6.481266e-001
8.550821e+003,6.479043e-001
8.554679e+003,6.493406e-001
8.558535e+003,6.502979e-001
8.562393e+003,6.495914e-001
8.566249e+003,6.471030e-001
8.570106e+003,6.473987e-001
8.573963e+003,6.482678e-001
8.577820e+003,6.484060e-001
8.581677e+003,6.480210e-001
8.585534e+003,6.458932e-001
8.589391e+003,6.446174e-001
8.593248e+003,6.448928e-001
8.597104e+003,6.435487e-001
8.600962e+003,6.407829e-001
8.604818e+003,6.397926e-001
8.608676e+003,6.424841e-001
8.612532e+003,6.428251e-001
8.616390e+003,6.429155e-001
8.620246e+003,6.421393e-001
8.624104e+003,6.422743e-001
8.627960e+003,6.411735e-001
8.631817e+003,6.411967e-001
8.635674e+003,6.411342e-001
8.639531e+003,6.398048e-001
8.643388e+003,6.413136e-001
8.647245e+003,6.386113e-001
8.651102e+003,6.358474e-001
8.654959e+003,6.376680e-001
8.658815e+003,6.377077e-001
8.662673e+003,6.371589e-001
8.666529e+003,6.368567e-001
8.670387e+003,6.377332e-001
8.674243e+003,6.361384e-001
8.678101e+003,6.353583e-001
8.681957e+003,6.345480e-001
8.685814e+003,6.348796e-001
8.689671e+003,6.347327e-001
8.693528e+003,6.338586e-001
8.697385e+003,6.314687e-001
8.701242e+003,6.303181e-001
8.705099e+003,6.311053e-001
8.708956e+003,6.311422e-001
8.712813e+003,6.309956e-001
8.716670e+003,6.326664e-001
8.720526e+003,6.338804e-001
8.724384e+003,6.324984e-001
8.728240e+003,6.328876e-001
8.732098e+003,6.329439e-001
8.735954e+003,6.315353e-001
8.739812e+003,6.301163e-001
8.743668e+003,6.285900e-001
8.747525e+003,6.295063e-001
8.751382e+003,6.298767e-001
8.755239e+003,6.283644e-001
8.759096e+003,6.287482e-001
8.762953e+003,6.263654e-001
8.766810e+003,6.243750e-001
8.770667e+003,6.270100e-001
8.774523e+003,6.279960e-001
8.778381e+003,6.271805e-001
8.782237e+003,6.262359e-001
8.786095e+003,6.241319e-001
8.789951e+003,6.261994e-001
8.793809e+003,6.279678e-001
8.797665e+003,6.267363e-001
8.801522e+003,6.275975e-001
8.805379e+003,6.277861e-001
8.809236e+003,6.259944e-001
8.813093e+003,6.268734e-001
8.816950e+003,6.266983e-001
8.820807e+003,6.247382e-001
8.824664e+003,6.251079e-001
8.828521e+003,6.253258e-001
8.832378e+003,6.250350e-001
8.836234e+003,6.249211e-001
8.840092e+003,6.258020e-001
8.843948e+003,6.238212e-001
8.847806e+003,6.238537e-001
8.851662e+003,6.254506e-001
8.855520e+003,6.244339e-001
8.859376e+003,6.241872e-001
8.863233e+003,6.251953e-001
8.867090e+003,6.263893e-001
8.870947e+003,6.238300e-001
8.874804e+003,6.220778e-001
8.878661e+003,6.221889e-001
8.882518e+003,6.255918e-001
8.886375e+003,6.269198e-001
8.890231e+003,6.224855e-001
8.894089e+003,6.204774e-001
8.897945e+003,6.214486e-001
8.901803e+003,6.216992e-001
8.905659e+003,6.221073e-001
8.909517e+003,6.230960e-001
8.913373e+003,6.233298e-001
8.917230e+003,6.222794e-001
8.921087e+003,6.226100e-001
8.924944e+003,6.211095e-001
8.928801e+003,6.208716e-001
8.932658e+003,6.219447e-001
8.936515e+003,6.238313e-001
8.940372e+003,6.248569e-001
8.944229e+003,6.261774e-001
8.948086e+003,6.246977e-001
8.951942e+003,6.235752e-001
8.955800e+003,6.220338e-001
8.959656e+003,6.236302e-001
8.963514e+003,6.258684e-001
8.967370e+003,6.246417e-001
8.971228e+003,6.227955e-001
8.975084e+003,6.249641e-001
8.978941e+003,6.268473e-001
8.982798e+003,6.246927e-001
8.986655e+003,6.230745e-001
8.990512e+003,6.238049e-001
8.994369e+003,6.249526e-001
8.998226e+003,6.252894e-001
9.002083e+003,6.264840e-001
9.005939e+003,6.242746e-001
9.009797e+003,6.227368e-001
9.013653e+003,6.218151e-001
9.017511e+003,6.229457e-001
9.021367e+003,6.226310e-001
9.025225e+003,6.240287e-001
9.029081e+003,6.256239e-001
9.032938e+003,6.252789e-001
9.036795e+003,6.228196e-001
9.040652e+003,6.216876e-001
9.044509e+003,6.204112e-001
9.048366e+003,6.210065e-001
9.052223e+003,6.242626e-001
9.056080e+003,6.282561e-001
9.059937e+003,6.285338e-001
9.063794e+003,6.259300e-001
9.067650e+003,6.222795e-001
9.071508e+003,6.213610e-001
9.075364e+003,6.232556e-001
9.079222e+003,6.245251e-001
9.083078e+003,6.255569e-001
9.086936e+003,6.245530e-001
9.090792e+003,6.248009e-001
9.094649e+003,6.252490e-001
9.098506e+003,6.255377e-001
9.102363e+003,6.245112e-001
9.106220e+003,6.232888e-001
9.110077e+003,6.254931e-001
9.113934e+003,6.264769e-001
9.117791e+003,6.263784e-001
9.121647e+003,6.247890e-001
9.125505e+003,6.232675e-001
9.129361e+003,6.248042e-001
9.133219e+003,6.268167e-001
9.137075e+003,6.299363e-001
9.140933e+003,6.283365e-001
9.144789e+003,6.246586e-001
9.148646e+003,6.256654e-001
9.152503e+003,6.265169e-001
9.156360e+003,6.256218e-001
9.160217e+003,6.268029e-001
9.164074e+003,6.282461e-001
9.167931e+003,6.239195e-001
9.171788e+003,6.238902e-001
9.175645e+003,6.274547e-001
9.179502e+003,6.285930e-001
9.183358e+003,6.276504e-001
9.187216e+003,6.266364e-001
9.191072e+003,6.257882e-001
9.194930e+003,6.267666e-001
9.198786e+003,6.255428e-001
9.202644e+003,6.229361e-001
9.206500e+003,6.242809e-001
9.210357e+003,6.244907e-001
9.214214e+003,6.248543e-001
9.218071e+003,6.240602e-001
9.221928e+003,6.243984e-001
9.225785e+003,6.244196e-001
9.229642e+003,6.233320e-001
9.233499e+003,6.223226e-001
9.237355e+003,6.260908e-001
9.241213e+003,6.271267e-001
9.245069e+003,6.255847e-001
9.248927e+003,6.272376e-001
9.252783e+003,6.292427e-001
9.256641e+003,6.302345e-001
9.260497e+003,6.298649e-001
9.264354e+003,6.285639e-001
9.268211e+003,6.283513e-001
9.272068e+003,6.272782e-001
9.275925e+003,6.249691e-001
9.279782e+003,6.242556e-001
9.283639e+003,6.251893e-001
9.287496e+003,6.251407e-001
9.291353e+003,6.245502e-001
9.295210e+003,6.220226e-001
9.299066e+003,6.234394e-001
9.302924e+003,6.266153e-001
9.306780e+003,6.267459e-001
9.310638e+003,6.271526e-001
9.314494e+003,6.270911e-001
9.318352e+003,6.280403e-001
9.322208e+003,6.274080e-001
9.326065e+003,6.286362e-001
9.329922e+003,6.315939e-001
9.333779e+003,6.315767e-001
9.337636e+003,6.308290e-001
9.341493e+003,6.277950e-001
9.345350e+003,6.251630e-001
9.349207e+003,6.282101e-001
9.353063e+003,6.295968e-001
9.356921e+003,6.313463e-001
9.360777e+003,6.329695e-001
9.364635e+003,6.327615e-001
9.368491e+003,6.317620e-001
9.372349e+003,6.295491e-001
9.376205e+003,6.305838e-001
9.380063e+003,6.314014e-001
9.383919e+003,6.340028e-001
9.387776e+003,6.357358e-001
9.391633e+003,6.337989e-001
9.395490e+003,6.297997e-001
9.399347e+003,6.263204e-001
9.403204e+003,6.270469e-001
9.407061e+003,6.271910e-001
9.410918e+003,6.249437e-001
9.414774e+003,6.281485e-001
9.418632e+003,6.315640e-001
9.422488e+003,6.316472e-001
9.426346e+003,6.321689e-001
9.430202e+003,6.306828e-001
9.434060e+003,6.298803e-001
9.437916e+003,6.304897e-001
9.441773e+003,6.306196e-001
9.445630e+003,6.320083e-001
9.449487e+003,6.306450e-001
9.453344e+003,6.318080e-001
9.457201e+003,6.326228e-001
9.461058e+003,6.335575e-001
9.464915e+003,6.316607e-001
9.468771e+003,6.312906e-001
9.472629e+003,6.313593e-001
9.476485e+003,6.328949e-001
9.480343e+003,6.312954e-001
9.484199e+003,6.322005e-001
9.488057e+003,6.360966e-001
9.491913e+003,6.345237e-001
9.495771e+003,6.327516e-001
9.499627e+003,6.306177e-001
9.503484e+003,6.299316e-001
9.507341e+003,6.307561e-001
9.511198e+003,6.307213e-001
9.515055e+003,6.333749e-001
9.518912e+003,6.351394e-001
9.522769e+003,6.332666e-001
9.526626e+003,6.309206e-001
9.530482e+003,6.338382e-001
9.534340e+003,6.335331e-001
9.538196e+003,6.321436e-001
9.542054e+003,6.308844e-001
9.545910e+003,6.304009e-001
9.549768e+003,6.303852e-001
9.553624e+003,6.318927e-001
9.557481e+003,6.329963e-001
9.561338e+003,6.341280e-001
9.565195e+003,6.326144e-001
9.569052e+003,6.343592e-001
9.572909e+003,6.383720e-001
9.576766e+003,6.371012e-001
9.580623e+003,6.332186e-001
9.584479e+003,6.341888e-001
9.588337e+003,6.322042e-001
9.592193e+003,6.296291e-001
9.596051e+003,6.305394e-001
9.599907e+003,6.304019e-001
9.603765e+003,6.298789e-001
9.607621e+003,6.297999e-001
9.611479e+003,6.329046e-001
9.615335e+003,6.350507e-001
9.619192e+003,6.371751e-001
9.623049e+003,6.361039e-001
9.626906e+003,6.345329e-001
9.630763e+003,6.312255e-001
9.634620e+003,6.330028e-001
9.638477e+003,6.361098e-001
9.642334e+003,6.361420e-001
9.646190e+003,6.368416e-001
9.650048e+003,6.350482e-001
9.653904e+003,6.339849e-001
9.657762e+003,6.361871e-001
9.661618e+003,6.327962e-001
9.665476e+003,6.312554e-001
9.669332e+003,6.341796e-001
9.673189e+003,6.347609e-001
9.677046e+003,6.354905e-001
9.680903e+003,6.390334e-001
9.684760e+003,6.410646e-001
9.688617e+003,6.380450e-001
9.692474e+003,6.369864e-001
9.696331e+003,6.358566e-001
9.700188e+003,6.376087e-001
9.704045e+003,6.384065e-001
9.707901e+003,6.403589e-001
9.711759e+003,6.394790e-001
9.715615e+003,6.358935e-001
9.719473e+003,6.331238e-001
9.723329e+003,6.379461e-001
9.727187e+003,6.379032e-001
9.731043e+003,6.351970e-001
9.734900e+003,6.348912e-001
9.738757e+003,6.336874e-001
9.742614e+003,6.338514e-001
9.746471e+003,6.374951e-001
9.750328e+003,6.404861e-001
9.754185e+003,6.395506e-001
9.758042e+003,6.343312e-001
9.761898e+003,6.358969e-001
9.765756e+003,6.364719e-001
9.769612e+003,6.356201e-001
9.773470e+003,6.366585e-001
9.777326e+003,6.394456e-001
9.781184e+003,6.410241e-001
9.785040e+003,6.383215e-001
9.788897e+003,6.333225e-001
9.792754e+003,6.359145e-001
9.796611e+003,6.414515e-001
9.800468e+003,6.443998e-001
9.804325e+003,6.469001e-001
9.808182e+003,6.456270e-001
9.812039e+003,6.418909e-001
9.815896e+003,6.359256e-001
9.819753e+003,6.386883e-001
9.823609e+003,6.398101e-001
9.827467e+003,6.401879e-001
9.831323e+003,6.415644e-001
9.835181e+003,6.440049e-001
9.839037e+003,6.440875e-001
9.842895e+003,6.424294e-001
9.846751e+003,6.405018e-001
9.850608e+003,6.432580e-001
9.854465e+003,6.415463e-001
9.858322e+003,6.413125e-001
9.862179e+003,6.413929e-001
9.866036e+003,6.404054e-001
9.869893e+003,6.403055e-001
9.873750e+003,6.437020e-001
9.877606e+003,6.418364e-001
9.881464e+003,6.404867e-001
9.885320e+003,6.415845e-001
9.889178e+003,6.424652e-001
9.893034e+003,6.429468e-001
9.896892e+003,6.429315e-001
9.900748e+003,6.382166e-001
9.904605e+003,6.338395e-001
9.908462e+003,6.361561e-001
9.912319e+003,6.385924e-001
9.916176e+003,6.400884e-001
9.920033e+003,6.395459e-001
9.923890e+003,6.388291e-001
9.927747e+003,6.389946e-001
9.931604e+003,6.395753e-001
9.935461e+003,6.451742e-001
9.939317e+003,6.479043e-001
9.943175e+003,6.480624e-001
9.947031e+003,6.472551e-001
9.950889e+003,6.474624e-001
9.954745e+003,6.444789e-001
9.958603e+003,6.425539e-001
9.962459e+003,6.483567e-001
9.966316e+003,6.490624e-001
9.970173e+003,6.453794e-001
9.974030e+003,6.438067e-001
9.977887e+003,6.458689e-001
9.981744e+003,6.443409e-001
9.985601e+003,6.441792e-001
9.989458e+003,6.465321e-001
9.993314e+003,6.504072e-001
9.997172e+003,6.465740e-001
1.000103e+004,6.446363e-001
