3.999640e+003,-6.389419e-003
4.003497e+003,1.201838e-001
4.007354e+003,2.693240e-001
4.011211e+003,2.694265e-001
4.015068e+003,5.012275e-002
4.018925e+003,1.418922e-002
4.022781e+003,4.680561e-002
4.026638e+003,7.176815e-002
4.030495e+003,4.359848e-002
4.034352e+003,-1.927068e-002
4.038209e+003,-2.189064e-002
4.042066e+003,-2.864209e-002
4.045923e+003,-6.713995e-002
4.049780e+003,-2.191896e-002
4.053637e+003,1.061477e-001
4.057494e+003,5.362495e-002
4.061351e+003,-1.213732e-001
4.065208e+003,-1.756969e-001
4.069065e+003,9.119215e-002
4.072922e+003,8.362016e-002
4.076779e+003,1.633209e-001
4.080635e+003,1.857373e-001
4.084492e+003,1.276428e-001
4.088349e+003,-1.444052e-002
4.092206e+003,-1.270624e-001
4.096063e+003,-2.615271e-002
4.099920e+003,1.033474e-002
4.103777e+003,1.071687e-001
4.107634e+003,2.255885e-001
4.111491e+003,2.109747e-001
4.115348e+003,1.940663e-001
4.119205e+003,1.847198e-001
4.123062e+003,2.309871e-001
4.126919e+003,2.607634e-001
4.130775e+003,1.701378e-001
4.134633e+003,1.410796e-001
4.138489e+003,1.421033e-001
4.142347e+003,1.281102e-001
4.146203e+003,1.508247e-001
4.150061e+003,1.469487e-001
4.153917e+003,1.446553e-001
4.157774e+003,1.312619e-001
4.161631e+003,1.311872e-001
4.165488e+003,1.530184e-001
4.169345e+003,1.863483e-001
4.173202e+003,2.190279e-001
4.177059e+003,2.371072e-001
4.180916e+003,1.983434e-001
4.184772e+003,1.763161e-001
4.188630e+003,1.832111e-001
4.192486e+003,1.996211e-001
4.196344e+003,1.798786e-001
4.200200e+003,1.559946e-001
4.204058e+003,1.637135e-001
4.207914e+003,1.691074e-001
4.211771e+003,1.730118e-001
4.215628e+003,1.671995e-001
4.219485e+003,1.724791e-001
4.223342e+003,1.814728e-001
4.227199e+003,1.757796e-001
4.231056e+003,1.678798e-001
4.234913e+003,1.712111e-001
4.238770e+003,1.667327e-001
4.242627e+003,1.726730e-001
4.246483e+003,1.880246e-001
4.250341e+003,1.966686e-001
4.254197e+003,1.893827e-001
4.258055e+003,1.814974e-001
4.261911e+003,1.919099e-001
4.265769e+003,1.964958e-001
4.269625e+003,1.880225e-001
4.273482e+003,1.916525e-001
4.277339e+003,1.857912e-001
4.281196e+003,1.690391e-001
4.285053e+003,1.608672e-001
4.288910e+003,1.668745e-001
4.292767e+003,1.658360e-001
4.296624e+003,1.715971e-001
4.300480e+003,1.737295e-001
4.304338e+003,1.690083e-001
4.308194e+003,1.612373e-001
4.312052e+003,1.644297e-001
4.315908e+003,1.771422e-001
4.319766e+003,1.835939e-001
4.323622e+003,1.798507e-001
4.327479e+003,1.727650e-001
4.331336e+003,1.822241e-001
4.335193e+003,1.869221e-001
4.339050e+003,1.780199e-001
4.342907e+003,1.707919e-001
4.346764e+003,1.711606e-001
4.350621e+003,1.767949e-001
4.354478e+003,1.813576e-001
4.358335e+003,1.844593e-001
4.362191e+003,1.811286e-001
4.366049e+003,1.764300e-001
4.369905e+003,1.738342e-001
4.373763e+003,1.738039e-001
4.377619e+003,1.694723e-001
4.381477e+003,1.689172e-001
4.385333e+003,1.691986e-001
4.389190e+003,1.668134e-001
4.393047e+003,1.678418e-001
4.396904e+003,1.752940e-001
4.400761e+003,1.839470e-001
4.404618e+003,1.800746e-001
4.408475e+003,1.748122e-001
4.412332e+003,1.805857e-001
4.416188e+003,1.818743e-001
4.420046e+003,1.783682e-001
4.423902e+003,1.832414e-001
4.427760e+003,1.825776e-001
4.431616e+003,1.733915e-001
4.435474e+003,1.749087e-001
4.439330e+003,1.774771e-001
4.443188e+003,1.779294e-001
4.447044e+003,1.754864e-001
4.450901e+003,1.756977e-001
4.454758e+003,1.764342e-001
4.458615e+003,1.733017e-001
4.462472e+003,1.720661e-001
4.466329e+003,1.763602e-001
4.470186e+003,1.781083e-001
4.474043e+003,1.760444e-001
4.477899e+003,1.734354e-001
4.481757e+003,1.763799e-001
4.485613e+003,1.797031e-001
4.489471e+003,1.788681e-001
4.493327e+003,1.794941e-001
4.497185e+003,1.786768e-001
4.501041e+003,1.780655e-001
4.504898e+003,1.827473e-001
4.508755e+003,1.863161e-001
4.512612e+003,1.876907e-001
4.516469e+003,1.853175e-001
4.520326e+003,1.843414e-001
4.524183e+003,1.818169e-001
4.528040e+003,1.813219e-001
4.531896e+003,1.858887e-001
4.535754e+003,1.896297e-001
4.539610e+003,1.852465e-001
4.543468e+003,1.815104e-001
4.547324e+003,1.833017e-001
4.551182e+003,1.830218e-001
4.555038e+003,1.806176e-001
4.558896e+003,1.807416e-001
4.562752e+003,1.799098e-001
4.566609e+003,1.815104e-001
4.570466e+003,1.817119e-001
4.574323e+003,1.804156e-001
4.578180e+003,1.820689e-001
4.582037e+003,1.823854e-001
4.585894e+003,1.791824e-001
4.589751e+003,1.767976e-001
4.593607e+003,1.755074e-001
4.597465e+003,1.731952e-001
4.601321e+003,1.741105e-001
4.605179e+003,1.738388e-001
4.609035e+003,1.727687e-001
4.612893e+003,1.695434e-001
4.616749e+003,1.650473e-001
4.620606e+003,1.652770e-001
4.624463e+003,1.639071e-001
4.628320e+003,1.611328e-001
4.632177e+003,1.590176e-001
4.636034e+003,1.580029e-001
4.639891e+003,1.570902e-001
4.643748e+003,1.542631e-001
4.647604e+003,1.521302e-001
4.651462e+003,1.517149e-001
4.655318e+003,1.481985e-001
4.659176e+003,1.460539e-001
4.663032e+003,1.459664e-001
4.666890e+003,1.419470e-001
4.670746e+003,1.408460e-001
4.674604e+003,1.387190e-001
4.678460e+003,1.365495e-001
4.682317e+003,1.338762e-001
4.686174e+003,1.328448e-001
4.690031e+003,1.330269e-001
4.693888e+003,1.302889e-001
4.697745e+003,1.293326e-001
4.701602e+003,1.299584e-001
4.705459e+003,1.271065e-001
4.709315e+003,1.268401e-001
4.713173e+003,1.293149e-001
4.717029e+003,1.295851e-001
4.720887e+003,1.276055e-001
4.724743e+003,1.261485e-001
4.728601e+003,1.249145e-001
4.732457e+003,1.241144e-001
4.736314e+003,1.259243e-001
4.740171e+003,1.257018e-001
4.744028e+003,1.245677e-001
4.747885e+003,1.255025e-001
4.751742e+003,1.247853e-001
4.755599e+003,1.212936e-001
4.759456e+003,1.234408e-001
4.763313e+003,1.272987e-001
4.767170e+003,1.270646e-001
4.771026e+003,1.245682e-001
4.774884e+003,1.232596e-001
4.778740e+003,1.245218e-001
4.782598e+003,1.247327e-001
4.786454e+003,1.255001e-001
4.790312e+003,1.273567e-001
4.794168e+003,1.292599e-001
4.798025e+003,1.299820e-001
4.801882e+003,1.308490e-001
4.805739e+003,1.319951e-001
4.809596e+003,1.351326e-001
4.813453e+003,1.366783e-001
4.817310e+003,1.354708e-001
4.821167e+003,1.365017e-001
4.825023e+003,1.381685e-001
4.828881e+003,1.414408e-001
4.832737e+003,1.435559e-001
4.836595e+003,1.422151e-001
4.840451e+003,1.411911e-001
4.844309e+003,1.441734e-001
4.848165e+003,1.456698e-001
4.852022e+003,1.479772e-001
4.855879e+003,1.502856e-001
4.859736e+003,1.515650e-001
4.863593e+003,1.528110e-001
4.867450e+003,1.523070e-001
4.871307e+003,1.514985e-001
4.875164e+003,1.512271e-001
4.879021e+003,1.514635e-001
4.882878e+003,1.521048e-001
4.886734e+003,1.509981e-001
4.890592e+003,1.502047e-001
4.894448e+003,1.502628e-001
4.898306e+003,1.509941e-001
4.902162e+003,1.518887e-001
4.906020e+003,1.515778e-001
4.909876e+003,1.497841e-001
4.913733e+003,1.481661e-001
4.917590e+003,1.468851e-001
4.921447e+003,1.471134e-001
4.925304e+003,1.486070e-001
4.929161e+003,1.487844e-001
4.933018e+003,1.489988e-001
4.936875e+003,1.508270e-001
4.940731e+003,1.485643e-001
4.944589e+003,1.464725e-001
4.948445e+003,1.497986e-001
4.952303e+003,1.520177e-001
4.956159e+003,1.502805e-001
4.960017e+003,1.490271e-001
4.963873e+003,1.497792e-001
4.967730e+003,1.504330e-001
4.971587e+003,1.489305e-001
4.975444e+003,1.485747e-001
4.979301e+003,1.495218e-001
4.983158e+003,1.497149e-001
4.987015e+003,1.489652e-001
4.990872e+003,1.498089e-001
4.994729e+003,1.522293e-001
4.998586e+003,1.524308e-001
5.002442e+003,1.539542e-001
5.006300e+003,1.563502e-001
5.010156e+003,1.554251e-001
5.014014e+003,1.538448e-001
5.017870e+003,1.538994e-001
5.021728e+003,1.559953e-001
5.025584e+003,1.573219e-001
5.029441e+003,1.584028e-001
5.033298e+003,1.573990e-001
5.037155e+003,1.577456e-001
5.041012e+003,1.591282e-001
5.044869e+003,1.590389e-001
5.048726e+003,1.564458e-001
5.052583e+003,1.556953e-001
5.056439e+003,1.562659e-001
5.060297e+003,1.546084e-001
5.064153e+003,1.541562e-001
5.068011e+003,1.520177e-001
5.071867e+003,1.528308e-001
5.075725e+003,1.521384e-001
5.079581e+003,1.501494e-001
5.083438e+003,1.495892e-001
5.087295e+003,1.463868e-001
5.091152e+003,1.437760e-001
5.095009e+003,1.445243e-001
5.098866e+003,1.443781e-001
5.102723e+003,1.441396e-001
5.106580e+003,1.453431e-001
5.110437e+003,1.435984e-001
5.114294e+003,1.409083e-001
5.118150e+003,1.395149e-001
5.122008e+003,1.399092e-001
5.125864e+003,1.406752e-001
5.129722e+003,1.412699e-001
5.133578e+003,1.399680e-001
5.137436e+003,1.381274e-001
5.141292e+003,1.381634e-001
5.145149e+003,1.367475e-001
5.149006e+003,1.371774e-001
5.152863e+003,1.354537e-001
5.156720e+003,1.333575e-001
5.160577e+003,1.322894e-001
5.164434e+003,1.311610e-001
5.168291e+003,1.306227e-001
5.172147e+003,1.308937e-001
5.176005e+003,1.316651e-001
5.179861e+003,1.298826e-001
5.183719e+003,1.281006e-001
5.187575e+003,1.282711e-001
5.191433e+003,1.272079e-001
5.195289e+003,1.261965e-001
5.199146e+003,1.290455e-001
5.203003e+003,1.288581e-001
5.206860e+003,1.265047e-001
5.210717e+003,1.253993e-001
5.214574e+003,1.244594e-001
5.218431e+003,1.253396e-001
5.222288e+003,1.234610e-001
5.226145e+003,1.224759e-001
5.230002e+003,1.235489e-001
5.233858e+003,1.234815e-001
5.237716e+003,1.224273e-001
5.241572e+003,1.227795e-001
5.245430e+003,1.236962e-001
5.249286e+003,1.225331e-001
5.253144e+003,1.216599e-001
5.257000e+003,1.219851e-001
5.260857e+003,1.210081e-001
5.264714e+003,1.206716e-001
5.268571e+003,1.207775e-001
5.272428e+003,1.196539e-001
5.276285e+003,1.188007e-001
5.280142e+003,1.179854e-001
5.283999e+003,1.181826e-001
5.287855e+003,1.168674e-001
5.291713e+003,1.158084e-001
5.295569e+003,1.157746e-001
5.299427e+003,1.139029e-001
5.303283e+003,1.132001e-001
5.307141e+003,1.145303e-001
5.310997e+003,1.151158e-001
5.314854e+003,1.141430e-001
5.318711e+003,1.132144e-001
5.322568e+003,1.131016e-001
5.326425e+003,1.133984e-001
5.330282e+003,1.136020e-001
5.334139e+003,1.135762e-001
5.337996e+003,1.140458e-001
5.341853e+003,1.131697e-001
5.345710e+003,1.124553e-001
5.349566e+003,1.121004e-001
5.353424e+003,1.115664e-001
5.357280e+003,1.115455e-001
5.361138e+003,1.124897e-001
5.364994e+003,1.120722e-001
5.368852e+003,1.123640e-001
5.372708e+003,1.128105e-001
5.376565e+003,1.124098e-001
5.380422e+003,1.113449e-001
5.384279e+003,1.113971e-001
5.388136e+003,1.117522e-001
5.391993e+003,1.119640e-001
5.395850e+003,1.113677e-001
5.399707e+003,1.114645e-001
5.403563e+003,1.119790e-001
5.407421e+003,1.127387e-001
5.411277e+003,1.128021e-001
5.415135e+003,1.115862e-001
5.418991e+003,1.115578e-001
5.422849e+003,1.118697e-001
5.426705e+003,1.117641e-001
5.430563e+003,1.114965e-001
5.434419e+003,1.109504e-001
5.438276e+003,1.115443e-001
5.442133e+003,1.120204e-001
5.445990e+003,1.123874e-001
5.449847e+003,1.117064e-001
5.453704e+003,1.101167e-001
5.457561e+003,1.099991e-001
5.461418e+003,1.108508e-001
5.465274e+003,1.115959e-001
5.469132e+003,1.115752e-001
5.472988e+003,1.116309e-001
5.476846e+003,1.114344e-001
5.480702e+003,1.114207e-001
5.484560e+003,1.127900e-001
5.488416e+003,1.127133e-001
5.492273e+003,1.121930e-001
5.496130e+003,1.122602e-001
5.499987e+003,1.113987e-001
5.503844e+003,1.120271e-001
5.507701e+003,1.119018e-001
5.511558e+003,1.115738e-001
5.515415e+003,1.113953e-001
5.519271e+003,1.113549e-001
5.523129e+003,1.120175e-001
5.526985e+003,1.116791e-001
5.530843e+003,1.117989e-001
5.534699e+003,1.114046e-001
5.538557e+003,1.102160e-001
5.542413e+003,1.102430e-001
5.546271e+003,1.108714e-001
5.550127e+003,1.113893e-001
5.553984e+003,1.109024e-001
5.557841e+003,1.099863e-001
5.561698e+003,1.109992e-001
5.565555e+003,1.109860e-001
5.569412e+003,1.108620e-001
5.573269e+003,1.092886e-001
5.577126e+003,1.089924e-001
5.580982e+003,1.095414e-001
5.584840e+003,1.100018e-001
5.588696e+003,1.098095e-001
5.592554e+003,1.092725e-001
5.596410e+003,1.093028e-001
5.600268e+003,1.087628e-001
5.604124e+003,1.083467e-001
5.607981e+003,1.074800e-001
5.611838e+003,1.078406e-001
5.615695e+003,1.084448e-001
5.619552e+003,1.088546e-001
5.623409e+003,1.093751e-001
5.627266e+003,1.095567e-001
5.631123e+003,1.091737e-001
5.634979e+003,1.100025e-001
5.638837e+003,1.106679e-001
5.642693e+003,1.106140e-001
5.646551e+003,1.114482e-001
5.650407e+003,1.122181e-001
5.654265e+003,1.136222e-001
5.658121e+003,1.140568e-001
5.661979e+003,1.141797e-001
5.665835e+003,1.149143e-001
5.669692e+003,1.151763e-001
5.673549e+003,1.165992e-001
5.677406e+003,1.168468e-001
5.681263e+003,1.155758e-001
5.685120e+003,1.156151e-001
5.688977e+003,1.166333e-001
5.692834e+003,1.171154e-001
5.696690e+003,1.173418e-001
5.700548e+003,1.176359e-001
5.704404e+003,1.187212e-001
5.708262e+003,1.180454e-001
5.712118e+003,1.166074e-001
5.715976e+003,1.176904e-001
5.719832e+003,1.185575e-001
5.723689e+003,1.189135e-001
5.727546e+003,1.197318e-001
5.731403e+003,1.205448e-001
5.735260e+003,1.198813e-001
5.739117e+003,1.204434e-001
5.742974e+003,1.223237e-001
5.746831e+003,1.232529e-001
5.750688e+003,1.229766e-001
5.754545e+003,1.225564e-001
5.758401e+003,1.235051e-001
5.762259e+003,1.253079e-001
5.766115e+003,1.257527e-001
5.769973e+003,1.263716e-001
5.773829e+003,1.267466e-001
5.777687e+003,1.276079e-001
5.781543e+003,1.288388e-001
5.785400e+003,1.286625e-001
5.789257e+003,1.287353e-001
5.793114e+003,1.278682e-001
5.796971e+003,1.261856e-001
5.800828e+003,1.260277e-001
5.804685e+003,1.253273e-001
5.808542e+003,1.235634e-001
5.812398e+003,1.228887e-001
5.816256e+003,1.227648e-001
5.820112e+003,1.229973e-001
5.823970e+003,1.228326e-001
5.827826e+003,1.216679e-001
5.831684e+003,1.209653e-001
5.835540e+003,1.209096e-001
5.839397e+003,1.209785e-001
5.843254e+003,1.206242e-001
5.847111e+003,1.192607e-001
5.850968e+003,1.191284e-001
5.854825e+003,1.195286e-001
5.858682e+003,1.180504e-001
5.862539e+003,1.173466e-001
5.866396e+003,1.187308e-001
5.870253e+003,1.194801e-001
5.874109e+003,1.192391e-001
5.877967e+003,1.194936e-001
5.881823e+003,1.172942e-001
5.885681e+003,1.173581e-001
5.889537e+003,1.179920e-001
5.893395e+003,1.176723e-001
5.897251e+003,1.179265e-001
5.901108e+003,1.185828e-001
5.904965e+003,1.179091e-001
5.908822e+003,1.173418e-001
5.912679e+003,1.181005e-001
5.916536e+003,1.175999e-001
5.920393e+003,1.153698e-001
5.924250e+003,1.147942e-001
5.928106e+003,1.149421e-001
5.931964e+003,1.142142e-001
5.935820e+003,1.138202e-001
5.939678e+003,1.134248e-001
5.943534e+003,1.117086e-001
5.947392e+003,1.104298e-001
5.951248e+003,1.101662e-001
5.955105e+003,1.098637e-001
5.958962e+003,1.077968e-001
5.962819e+003,1.070735e-001
5.966676e+003,1.065542e-001
5.970533e+003,1.058056e-001
5.974390e+003,1.058245e-001
5.978247e+003,1.047403e-001
5.982104e+003,1.043330e-001
5.985961e+003,1.049072e-001
5.989817e+003,1.036979e-001
5.993675e+003,1.021569e-001
5.997531e+003,1.012038e-001
6.001389e+003,1.015044e-001
6.005245e+003,1.019003e-001
6.009103e+003,1.016569e-001
6.012959e+003,1.002879e-001
6.016816e+003,9.937196e-002
6.020673e+003,9.944357e-002
6.024530e+003,9.860023e-002
6.028387e+003,9.933577e-002
6.032244e+003,9.926713e-002
6.036101e+003,9.893266e-002
6.039958e+003,9.798642e-002
6.043814e+003,9.735672e-002
6.047672e+003,9.741622e-002
6.051528e+003,9.727824e-002
6.055386e+003,9.828788e-002
6.059242e+003,9.796674e-002
6.063100e+003,9.733658e-002
6.066956e+003,9.676541e-002
6.070813e+003,9.744260e-002
6.074670e+003,9.747083e-002
6.078527e+003,9.721102e-002
6.082384e+003,9.715345e-002
6.086241e+003,9.692919e-002
6.090098e+003,9.623370e-002
6.093955e+003,9.634805e-002
6.097812e+003,9.828243e-002
6.101669e+003,9.805008e-002
6.105525e+003,9.708363e-002
6.109383e+003,9.615612e-002
6.113239e+003,9.679186e-002
6.117097e+003,9.658024e-002
6.120953e+003,9.450799e-002
6.124811e+003,9.394925e-002
6.128667e+003,9.499095e-002
6.132524e+003,9.673150e-002
6.136381e+003,9.751488e-002
6.140238e+003,9.554946e-002
6.144095e+003,9.587399e-002
6.147952e+003,9.590171e-002
6.151809e+003,9.597065e-002
6.155666e+003,9.686247e-002
6.159522e+003,9.668671e-002
6.163380e+003,9.505393e-002
6.167236e+003,9.514046e-002
6.171094e+003,9.596638e-002
6.174950e+003,9.636832e-002
6.178808e+003,9.626856e-002
6.182664e+003,9.610816e-002
6.186521e+003,9.606736e-002
6.190378e+003,9.494123e-002
6.194235e+003,9.434075e-002
6.198092e+003,9.473162e-002
6.201949e+003,9.525271e-002
6.205806e+003,9.587378e-002
6.209663e+003,9.632443e-002
6.213520e+003,9.752442e-002
6.217377e+003,9.726710e-002
6.221233e+003,9.680019e-002
6.225091e+003,9.656733e-002
6.228947e+003,9.630387e-002
6.232805e+003,9.542785e-002
6.236661e+003,9.447611e-002
6.240519e+003,9.450869e-002
6.244375e+003,9.531382e-002
6.248232e+003,9.567463e-002
6.252089e+003,9.666891e-002
6.255946e+003,9.620818e-002
6.259803e+003,9.563969e-002
6.263660e+003,9.627319e-002
6.267517e+003,9.668890e-002
6.271374e+003,9.736323e-002
6.275230e+003,9.784698e-002
6.279088e+003,9.662011e-002
6.282944e+003,9.606248e-002
6.286802e+003,9.806819e-002
6.290658e+003,9.736472e-002
6.294516e+003,9.519297e-002
6.298372e+003,9.618602e-002
6.302229e+003,9.606285e-002
6.306086e+003,9.575001e-002
6.309943e+003,9.577401e-002
6.313800e+003,9.674015e-002
6.317657e+003,9.674620e-002
6.321514e+003,9.665748e-002
6.325371e+003,9.679915e-002
6.329228e+003,9.536817e-002
6.333085e+003,9.561516e-002
6.336941e+003,9.688430e-002
6.340799e+003,9.700193e-002
6.344655e+003,9.679899e-002
6.348513e+003,9.509211e-002
6.352369e+003,9.566183e-002
6.356227e+003,9.749132e-002
6.360083e+003,9.724849e-002
6.363940e+003,9.690550e-002
6.367797e+003,9.783905e-002
6.371654e+003,9.679369e-002
6.375511e+003,9.563953e-002
6.379368e+003,9.707381e-002
6.383225e+003,9.712726e-002
6.387082e+003,9.621356e-002
6.390938e+003,9.497046e-002
6.394796e+003,9.591953e-002
6.398652e+003,9.815034e-002
6.402510e+003,9.773716e-002
6.406366e+003,9.723796e-002
6.410224e+003,9.677820e-002
6.414080e+003,9.622447e-002
6.417938e+003,9.596907e-002
6.421794e+003,9.605471e-002
6.425651e+003,9.752587e-002
6.429508e+003,9.952298e-002
6.433365e+003,9.965879e-002
6.437222e+003,9.946386e-002
6.441079e+003,9.785242e-002
6.444936e+003,9.675948e-002
6.448793e+003,9.754823e-002
6.452649e+003,9.759963e-002
6.456507e+003,9.838462e-002
6.460363e+003,1.002929e-001
6.464221e+003,1.004142e-001
6.468077e+003,1.006931e-001
6.471935e+003,1.000773e-001
6.475791e+003,1.001190e-001
6.479648e+003,1.002286e-001
6.483505e+003,1.004790e-001
6.487362e+003,9.984594e-002
6.491219e+003,1.003612e-001
6.495076e+003,1.010354e-001
6.498933e+003,1.006755e-001
6.502790e+003,9.984861e-002
6.506646e+003,1.007255e-001
6.510504e+003,1.014510e-001
6.514360e+003,1.019752e-001
6.518218e+003,1.025378e-001
6.522074e+003,1.026693e-001
6.525932e+003,1.028272e-001
6.529788e+003,1.024927e-001
6.533646e+003,1.044095e-001
6.537502e+003,1.053740e-001
6.541359e+003,1.029068e-001
6.545216e+003,1.041324e-001
6.549073e+003,1.066576e-001
6.552930e+003,1.042223e-001
6.556787e+003,1.031138e-001
6.560644e+003,1.044007e-001
6.564501e+003,1.047330e-001
6.568357e+003,1.042786e-001
6.572215e+003,1.045976e-001
6.576071e+003,1.046108e-001
6.579929e+003,1.050240e-001
6.583785e+003,1.039201e-001
6.587643e+003,1.037624e-001
6.591499e+003,1.056769e-001
6.595356e+003,1.040471e-001
6.599213e+003,1.045334e-001
6.603070e+003,1.056620e-001
6.606927e+003,1.061259e-001
6.610784e+003,1.074857e-001
6.614641e+003,1.060824e-001
6.618498e+003,1.056170e-001
6.622354e+003,1.065462e-001
6.626212e+003,1.060509e-001
6.630068e+003,1.061052e-001
6.633926e+003,1.061914e-001
6.637782e+003,1.045588e-001
6.641640e+003,1.041208e-001
6.645496e+003,1.052435e-001
6.649354e+003,1.061446e-001
6.653210e+003,1.056623e-001
6.657067e+003,1.059732e-001
6.660924e+003,1.065833e-001
6.664781e+003,1.067190e-001
6.668638e+003,1.075089e-001
6.672495e+003,1.069878e-001
6.676352e+003,1.042291e-001
6.680209e+003,1.039837e-001
6.684065e+003,1.049301e-001
6.687923e+003,1.043729e-001
6.691779e+003,1.050314e-001
6.695637e+003,1.056572e-001
6.699493e+003,1.035586e-001
6.703351e+003,1.026572e-001
6.707207e+003,1.044607e-001
6.711064e+003,1.046767e-001
6.714921e+003,1.042015e-001
6.718778e+003,1.030722e-001
6.722635e+003,1.022761e-001
6.726492e+003,1.018927e-001
6.730349e+003,1.010350e-001
6.734206e+003,1.022715e-001
6.738063e+003,1.023636e-001
6.741920e+003,9.951594e-002
6.745776e+003,9.816803e-002
6.749634e+003,9.988772e-002
6.753490e+003,1.013633e-001
6.757348e+003,9.908327e-002
6.761204e+003,9.749468e-002
6.765062e+003,9.739537e-002
6.768918e+003,9.780265e-002
6.772775e+003,1.002241e-001
6.776632e+003,9.986199e-002
6.780489e+003,9.929312e-002
6.784346e+003,9.910759e-002
6.788203e+003,9.941399e-002
6.792060e+003,9.882574e-002
6.795917e+003,9.712755e-002
6.799773e+003,9.613797e-002
6.803631e+003,9.723046e-002
6.807487e+003,9.735623e-002
6.811345e+003,9.764007e-002
6.815201e+003,9.770853e-002
6.819059e+003,9.579165e-002
6.822915e+003,9.644245e-002
6.826772e+003,9.739035e-002
6.830629e+003,9.670960e-002
6.834486e+003,9.719282e-002
6.838343e+003,9.871259e-002
6.842200e+003,9.800427e-002
6.846057e+003,9.682392e-002
6.849914e+003,9.661998e-002
6.853771e+003,9.584767e-002
6.857628e+003,9.567298e-002
6.861484e+003,9.678404e-002
6.865342e+003,9.612867e-002
6.869198e+003,9.523629e-002
6.873056e+003,9.475425e-002
6.876912e+003,9.562916e-002
6.880770e+003,9.630904e-002
6.884626e+003,9.562433e-002
6.888483e+003,9.632427e-002
6.892340e+003,9.657632e-002
6.896197e+003,9.602305e-002
6.900054e+003,9.550488e-002
6.903911e+003,9.459907e-002
6.907768e+003,9.283116e-002
6.911625e+003,9.530663e-002
6.915481e+003,9.621277e-002
6.919339e+003,9.517445e-002
6.923195e+003,9.396369e-002
6.927053e+003,9.276864e-002
6.930909e+003,9.204233e-002
6.934767e+003,9.257755e-002
6.938623e+003,9.366271e-002
6.942480e+003,9.491925e-002
6.946337e+003,9.427838e-002
6.950194e+003,9.388891e-002
6.954051e+003,9.314192e-002
6.957908e+003,9.367138e-002
6.961765e+003,9.471386e-002
6.965622e+003,9.467319e-002
6.969479e+003,9.391770e-002
6.973336e+003,9.428751e-002
6.977192e+003,9.406301e-002
6.981050e+003,9.243462e-002
6.984906e+003,9.302073e-002
6.988764e+003,9.164267e-002
6.992620e+003,9.121034e-002
6.996478e+003,9.077427e-002
7.000334e+003,9.138794e-002
7.004191e+003,9.116930e-002
7.008048e+003,9.049622e-002
7.011905e+003,9.147862e-002
7.015762e+003,9.216842e-002
7.019619e+003,9.330106e-002
7.023476e+003,9.335799e-002
7.027333e+003,9.255791e-002
7.031189e+003,9.169345e-002
7.035047e+003,9.163576e-002
7.038903e+003,9.114600e-002
7.042761e+003,9.201015e-002
7.046617e+003,9.152762e-002
7.050475e+003,9.140651e-002
7.054331e+003,9.130804e-002
7.058188e+003,9.221344e-002
7.062045e+003,9.439580e-002
7.065902e+003,9.453167e-002
7.069759e+003,9.397314e-002
7.073616e+003,9.254790e-002
7.077473e+003,9.116382e-002
7.081330e+003,9.086964e-002
7.085187e+003,9.066325e-002
7.089044e+003,9.084043e-002
7.092900e+003,9.359936e-002
7.096758e+003,9.262931e-002
7.100614e+003,9.191801e-002
7.104472e+003,9.122624e-002
7.108328e+003,8.971866e-002
7.112186e+003,9.022753e-002
7.116042e+003,9.202345e-002
7.119899e+003,9.304774e-002
7.123756e+003,9.163420e-002
7.127613e+003,9.059128e-002
7.131470e+003,9.139944e-002
7.135327e+003,9.197124e-002
7.139184e+003,8.988760e-002
7.143041e+003,8.946983e-002
7.146897e+003,8.929370e-002
7.150755e+003,8.976429e-002
7.154611e+003,9.035790e-002
7.158469e+003,9.076566e-002
7.162325e+003,9.069403e-002
7.166183e+003,9.095235e-002
7.170039e+003,9.050781e-002
7.173896e+003,9.056655e-002
7.177753e+003,9.178488e-002
7.181610e+003,9.287331e-002
7.185467e+003,9.245311e-002
7.189324e+003,9.032946e-002
7.193181e+003,8.874353e-002
7.197038e+003,8.825556e-002
7.200895e+003,8.827716e-002
7.204752e+003,8.967039e-002
7.208608e+003,9.091383e-002
7.212466e+003,8.892392e-002
7.216322e+003,8.803597e-002
7.220180e+003,8.876596e-002
7.224036e+003,8.881479e-002
7.227894e+003,8.848660e-002
7.231750e+003,8.901814e-002
7.235607e+003,8.892859e-002
7.239464e+003,8.791681e-002
7.243321e+003,8.756076e-002
7.247178e+003,8.956292e-002
7.251035e+003,8.791368e-002
7.254892e+003,8.569798e-002
7.258749e+003,8.529600e-002
7.262605e+003,8.549339e-002
7.266463e+003,8.628439e-002
7.270319e+003,8.717309e-002
7.274177e+003,8.674045e-002
7.278033e+003,8.554467e-002
7.281891e+003,8.476356e-002
7.285747e+003,8.457740e-002
7.289604e+003,8.556356e-002
7.293461e+003,8.492436e-002
7.297318e+003,8.289972e-002
7.301175e+003,8.448482e-002
7.305032e+003,8.507890e-002
7.308889e+003,8.334500e-002
7.312746e+003,8.305173e-002
7.316603e+003,8.329041e-002
7.320460e+003,8.192711e-002
7.324316e+003,8.332100e-002
7.328174e+003,8.356441e-002
7.332030e+003,8.331060e-002
7.335888e+003,8.270919e-002
7.339744e+003,8.216657e-002
7.343602e+003,8.451988e-002
7.347458e+003,8.516625e-002
7.351315e+003,8.405690e-002
7.355172e+003,8.265264e-002
7.359029e+003,8.262281e-002
7.362886e+003,8.281146e-002
7.366743e+003,8.301061e-002
7.370600e+003,8.205429e-002
7.374457e+003,8.195104e-002
7.378313e+003,8.216225e-002
7.382171e+003,8.133832e-002
7.386027e+003,8.111940e-002
7.389885e+003,8.165719e-002
7.393741e+003,8.136857e-002
7.397599e+003,8.050343e-002
7.401455e+003,8.018967e-002
7.405313e+003,8.114108e-002
7.409169e+003,8.130495e-002
7.413026e+003,8.135902e-002
7.416883e+003,8.120000e-002
7.420740e+003,8.007797e-002
7.424597e+003,7.912939e-002
7.428454e+003,7.930741e-002
7.432311e+003,7.968852e-002
7.436168e+003,7.937885e-002
7.440024e+003,7.861104e-002
7.443882e+003,7.846247e-002
7.447738e+003,7.922911e-002
7.451596e+003,8.010709e-002
7.455452e+003,7.979103e-002
7.459310e+003,7.966838e-002
7.463166e+003,7.944091e-002
7.467023e+003,7.896960e-002
7.470880e+003,7.833412e-002
7.474737e+003,7.937101e-002
7.478594e+003,7.935713e-002
7.482451e+003,7.885507e-002
7.486308e+003,7.900334e-002
7.490165e+003,7.963598e-002
7.494021e+003,7.939786e-002
7.497879e+003,7.889338e-002
7.501735e+003,7.851190e-002
7.505593e+003,7.820783e-002
7.509449e+003,7.901618e-002
7.513307e+003,7.959355e-002
7.517163e+003,7.769676e-002
7.521021e+003,7.661211e-002
7.524877e+003,7.746746e-002
7.528734e+003,7.802431e-002
7.532591e+003,7.835658e-002
7.536448e+003,7.827511e-002
7.540305e+003,7.852198e-002
7.544162e+003,7.911416e-002
7.548019e+003,7.783721e-002
7.551876e+003,7.756779e-002
7.555732e+003,7.794107e-002
7.559590e+003,7.696051e-002
7.563446e+003,7.634123e-002
7.567304e+003,7.787424e-002
7.571160e+003,7.758851e-002
7.575018e+003,7.751396e-002
7.578874e+003,7.797593e-002
7.582731e+003,7.817113e-002
7.586588e+003,7.940411e-002
7.590445e+003,7.886346e-002
7.594302e+003,7.693571e-002
7.598159e+003,7.633464e-002
7.602016e+003,7.621568e-002
7.605873e+003,7.814372e-002
7.609729e+003,7.800765e-002
7.613587e+003,7.866652e-002
7.617443e+003,7.963570e-002
7.621301e+003,7.958025e-002
7.625157e+003,7.950051e-002
7.629015e+003,7.926136e-002
7.632871e+003,7.783052e-002
7.636729e+003,7.782108e-002
7.640585e+003,7.778873e-002
7.644442e+003,7.768784e-002
7.648299e+003,7.820041e-002
7.652156e+003,7.911532e-002
7.656013e+003,7.886267e-002
7.659870e+003,7.762896e-002
7.663727e+003,7.806923e-002
7.667584e+003,7.765131e-002
7.671440e+003,7.746093e-002
7.675298e+003,7.736419e-002
7.679154e+003,7.708561e-002
7.683012e+003,7.616091e-002
7.686868e+003,7.706986e-002
7.690726e+003,7.750977e-002
7.694582e+003,7.695604e-002
7.698439e+003,7.729404e-002
7.702296e+003,7.715613e-002
7.706153e+003,7.864070e-002
7.710010e+003,7.845052e-002
7.713867e+003,7.864606e-002
7.717724e+003,7.898553e-002
7.721581e+003,7.831575e-002
7.725438e+003,7.748450e-002
7.729295e+003,7.571803e-002
7.733151e+003,7.623720e-002
7.737009e+003,7.730350e-002
7.740865e+003,7.770920e-002
7.744723e+003,7.776131e-002
7.748579e+003,7.910100e-002
7.752437e+003,7.892136e-002
7.756293e+003,7.758752e-002
7.760150e+003,7.771312e-002
7.764007e+003,7.853588e-002
7.767864e+003,8.015136e-002
7.771721e+003,7.985459e-002
7.775578e+003,7.998857e-002
7.779435e+003,7.904332e-002
7.783292e+003,7.866556e-002
7.787148e+003,7.808006e-002
7.791006e+003,7.768622e-002
7.794862e+003,7.906113e-002
7.798720e+003,8.061519e-002
7.802576e+003,7.991692e-002
7.806434e+003,7.963601e-002
7.810290e+003,7.914139e-002
7.814147e+003,7.808030e-002
7.818004e+003,7.812297e-002
7.821861e+003,7.893074e-002
7.825718e+003,8.011179e-002
7.829575e+003,8.127419e-002
7.833432e+003,8.071932e-002
7.837289e+003,7.818200e-002
7.841146e+003,7.713864e-002
7.845003e+003,7.798786e-002
7.848859e+003,7.831357e-002
7.852717e+003,7.870834e-002
7.856573e+003,7.884543e-002
7.860431e+003,7.823976e-002
7.864287e+003,7.839579e-002
7.868145e+003,7.885734e-002
7.872001e+003,7.806841e-002
7.875858e+003,7.663479e-002
7.879715e+003,7.677115e-002
7.883572e+003,7.850384e-002
7.887429e+003,7.928891e-002
7.891286e+003,7.939962e-002
7.895143e+003,7.816427e-002
7.899000e+003,7.834511e-002
7.902856e+003,7.765773e-002
7.906714e+003,7.762207e-002
7.910570e+003,7.788105e-002
7.914428e+003,7.887506e-002
7.918284e+003,7.913321e-002
7.922142e+003,8.101290e-002
7.925998e+003,8.176501e-002
7.929855e+003,8.022482e-002
7.933712e+003,8.050406e-002
7.937569e+003,7.992560e-002
7.941426e+003,7.927329e-002
7.945283e+003,8.065002e-002
7.949140e+003,8.004589e-002
7.952997e+003,7.773338e-002
7.956854e+003,7.872689e-002
7.960711e+003,7.903923e-002
7.964567e+003,7.827622e-002
7.968425e+003,7.785481e-002
7.972281e+003,7.703382e-002
7.976139e+003,7.753828e-002
7.979995e+003,8.032822e-002
7.983853e+003,8.095975e-002
7.987709e+003,8.212118e-002
7.991566e+003,8.147736e-002
7.995423e+003,8.016763e-002
7.999280e+003,7.981994e-002
8.003137e+003,7.926752e-002
8.006994e+003,7.982345e-002
8.010851e+003,7.983838e-002
8.014708e+003,7.944680e-002
8.018564e+003,7.935021e-002
8.022422e+003,7.988780e-002
8.026278e+003,7.986227e-002
8.030136e+003,8.089864e-002
8.033992e+003,7.895465e-002
8.037850e+003,7.855942e-002
8.041706e+003,8.009502e-002
8.045563e+003,8.149511e-002
8.049420e+003,8.007570e-002
8.053277e+003,8.028221e-002
8.057134e+003,7.938176e-002
8.060991e+003,8.115862e-002
8.064848e+003,8.265904e-002
8.068705e+003,8.023737e-002
8.072562e+003,7.932225e-002
8.076419e+003,7.946243e-002
8.080275e+003,7.957886e-002
8.084133e+003,7.950031e-002
8.087989e+003,8.069546e-002
8.091847e+003,8.164719e-002
8.095703e+003,8.093265e-002
8.099561e+003,7.943315e-002
8.103417e+003,7.950083e-002
8.107274e+003,7.948682e-002
8.111131e+003,7.943626e-002
8.114988e+003,8.022255e-002
8.118845e+003,8.149646e-002
8.122702e+003,8.076521e-002
8.126559e+003,8.185522e-002
8.130416e+003,8.064423e-002
8.134272e+003,7.947465e-002
8.138130e+003,8.084291e-002
8.141986e+003,8.198997e-002
8.145844e+003,8.052871e-002
8.149700e+003,7.933601e-002
8.153558e+003,8.024865e-002
8.157414e+003,8.021896e-002
8.161271e+003,8.088574e-002
8.165128e+003,8.022250e-002
8.168985e+003,8.016273e-002
8.172842e+003,8.193804e-002
8.176699e+003,8.162476e-002
8.180556e+003,8.020409e-002
8.184413e+003,8.037303e-002
8.188270e+003,8.268481e-002
8.192127e+003,8.423748e-002
8.195983e+003,8.374687e-002
8.199841e+003,8.406522e-002
8.203697e+003,8.522632e-002
8.207555e+003,8.398943e-002
8.211411e+003,8.202796e-002
8.215269e+003,8.331205e-002
8.219125e+003,8.386149e-002
8.222982e+003,8.492976e-002
8.226839e+003,8.573386e-002
8.230696e+003,8.503211e-002
8.234553e+003,8.416423e-002
8.238410e+003,8.439672e-002
8.242267e+003,8.648571e-002
8.246124e+003,8.659757e-002
8.249980e+003,8.548976e-002
8.253838e+003,8.641265e-002
8.257694e+003,8.675995e-002
8.261552e+003,8.575526e-002
8.265408e+003,8.363137e-002
8.269266e+003,8.420075e-002
8.273122e+003,8.524519e-002
8.276979e+003,8.478720e-002
8.280836e+003,8.401898e-002
8.284693e+003,8.546697e-002
8.288550e+003,8.554100e-002
8.292407e+003,8.441443e-002
8.296264e+003,8.563688e-002
8.300121e+003,8.513831e-002
8.303978e+003,8.557844e-002
8.307835e+003,8.440706e-002
8.311691e+003,8.548892e-002
8.315549e+003,8.577782e-002
8.319405e+003,8.458912e-002
8.323263e+003,8.588316e-002
8.327119e+003,8.646461e-002
8.330977e+003,8.589285e-002
8.334833e+003,8.357666e-002
8.338690e+003,8.337455e-002
8.342547e+003,8.487090e-002
8.346404e+003,8.674542e-002
8.350261e+003,8.740525e-002
8.354118e+003,8.444312e-002
8.357975e+003,8.619160e-002
8.361832e+003,8.639308e-002
8.365688e+003,8.550852e-002
8.369546e+003,8.379975e-002
8.373402e+003,8.640549e-002
8.377260e+003,8.722821e-002
8.381116e+003,8.702400e-002
8.384974e+003,8.859142e-002
8.388830e+003,8.608150e-002
8.392688e+003,8.669865e-002
8.396544e+003,8.969740e-002
8.400401e+003,8.857683e-002
8.404258e+003,8.765668e-002
8.408115e+003,8.824322e-002
8.411972e+003,8.854900e-002
8.415829e+003,9.094103e-002
8.419686e+003,8.910677e-002
8.423543e+003,8.813516e-002
8.427399e+003,8.757734e-002
8.431257e+003,8.805075e-002
8.435113e+003,8.839403e-002
8.438971e+003,8.862884e-002
8.442827e+003,8.804730e-002
8.446685e+003,8.807655e-002
8.450541e+003,8.795263e-002
8.454398e+003,8.774394e-002
8.458255e+003,8.831440e-002
8.462112e+003,8.833154e-002
8.465969e+003,8.708319e-002
8.469826e+003,8.550711e-002
8.473683e+003,8.456331e-002
8.477540e+003,8.474910e-002
8.481396e+003,8.550590e-002
8.485254e+003,8.775095e-002
8.489110e+003,8.635613e-002
8.492968e+003,8.673616e-002
8.496824e+003,8.650658e-002
8.500682e+003,8.490865e-002
8.504538e+003,8.493379e-002
8.508396e+003,8.483630e-002
8.512252e+003,8.558155e-002
8.516109e+003,8.745132e-002
8.519966e+003,8.563142e-002
8.523823e+003,8.372975e-002
8.527680e+003,8.458062e-002
8.531537e+003,8.441769e-002
8.535394e+003,8.575723e-002
8.539251e+003,8.671816e-002
8.543107e+003,8.689830e-002
8.546965e+003,8.575594e-002
8.550821e+003,8.437560e-002
8.554679e+003,8.295883e-002
8.558535e+003,8.245236e-002
8.562393e+003,8.338659e-002
8.566249e+003,8.685986e-002
8.570106e+003,8.896584e-002
8.573963e+003,8.408468e-002
8.577820e+003,8.309302e-002
8.581677e+003,8.542655e-002
8.585534e+003,8.580898e-002
8.589391e+003,8.391687e-002
8.593248e+003,8.390867e-002
8.597104e+003,8.489338e-002
8.600962e+003,8.449999e-002
8.604818e+003,8.595932e-002
8.608676e+003,8.525342e-002
8.612532e+003,8.352577e-002
8.616390e+003,8.085664e-002
8.620246e+003,7.875918e-002
8.624104e+003,8.328965e-002
8.627960e+003,8.572034e-002
8.631817e+003,8.411440e-002
8.635674e+003,8.243393e-002
8.639531e+003,8.294712e-002
8.643388e+003,8.441922e-002
8.647245e+003,8.316030e-002
8.651102e+003,8.204853e-002
8.654959e+003,8.281154e-002
8.658815e+003,8.376853e-002
8.662673e+003,8.450064e-002
8.666529e+003,8.507112e-002
8.670387e+003,8.532124e-002
8.674243e+003,8.338752e-002
8.678101e+003,8.073831e-002
8.681957e+003,8.052819e-002
8.685814e+003,8.181289e-002
8.689671e+003,8.285609e-002
8.693528e+003,8.135127e-002
8.697385e+003,8.098930e-002
8.701242e+003,8.327091e-002
8.705099e+003,8.313213e-002
8.708956e+003,8.179809e-002
8.712813e+003,8.168846e-002
8.716670e+003,8.161353e-002
8.720526e+003,8.321396e-002
8.724384e+003,8.312552e-002
8.728240e+003,8.391844e-002
8.732098e+003,8.238129e-002
8.735954e+003,8.034823e-002
8.739812e+003,8.062425e-002
8.743668e+003,8.082000e-002
8.747525e+003,8.014288e-002
8.751382e+003,8.046275e-002
8.755239e+003,8.125062e-002
8.759096e+003,8.082886e-002
8.762953e+003,8.084698e-002
8.766810e+003,7.997893e-002
8.770667e+003,8.038690e-002
8.774523e+003,8.316821e-002
8.778381e+003,8.374888e-002
8.782237e+003,8.084989e-002
8.786095e+003,7.991178e-002
8.789951e+003,8.343614e-002
8.793809e+003,8.433407e-002
8.797665e+003,8.152436e-002
8.801522e+003,8.053780e-002
8.805379e+003,8.148471e-002
8.809236e+003,8.486051e-002
8.813093e+003,8.446316e-002
8.816950e+003,8.186634e-002
8.820807e+003,8.101010e-002
8.824664e+003,8.194104e-002
8.828521e+003,8.285721e-002
8.832378e+003,8.199938e-002
8.836234e+003,8.185802e-002
8.840092e+003,8.057909e-002
8.843948e+003,7.993010e-002
8.847806e+003,8.003406e-002
8.851662e+003,8.182821e-002
8.855520e+003,8.219484e-002
8.859376e+003,8.090921e-002
8.863233e+003,7.690640e-002
8.867090e+003,7.643001e-002
8.870947e+003,7.983611e-002
8.874804e+003,8.220453e-002
8.878661e+003,8.217266e-002
8.882518e+003,8.093304e-002
8.886375e+003,8.191287e-002
8.890231e+003,8.140805e-002
8.894089e+003,7.824746e-002
8.897945e+003,7.606185e-002
8.901803e+003,7.627018e-002
8.905659e+003,7.885464e-002
8.909517e+003,7.909345e-002
8.913373e+003,7.719440e-002
8.917230e+003,7.928033e-002
8.921087e+003,7.722393e-002
8.924944e+003,7.734871e-002
8.928801e+003,7.844970e-002
8.932658e+003,7.869082e-002
8.936515e+003,8.055563e-002
8.940372e+003,7.847255e-002
8.944229e+003,7.929619e-002
8.948086e+003,8.255725e-002
8.951942e+003,8.082303e-002
8.955800e+003,8.017623e-002
8.959656e+003,7.983667e-002
8.963514e+003,7.823104e-002
8.967370e+003,8.090642e-002
8.971228e+003,8.254054e-002
8.975084e+003,8.143699e-002
8.978941e+003,8.086008e-002
8.982798e+003,8.166479e-002
8.986655e+003,7.987195e-002
8.990512e+003,7.910065e-002
8.994369e+003,7.884316e-002
8.998226e+003,7.796478e-002
9.002083e+003,7.836115e-002
9.005939e+003,7.805610e-002
9.009797e+003,7.953361e-002
9.013653e+003,7.963860e-002
9.017511e+003,7.886294e-002
9.021367e+003,7.911289e-002
9.025225e+003,8.388596e-002
9.029081e+003,8.411372e-002
9.032938e+003,7.943932e-002
9.036795e+003,7.825948e-002
9.040652e+003,8.321829e-002
9.044509e+003,8.324867e-002
9.048366e+003,7.839143e-002
9.052223e+003,7.820727e-002
9.056080e+003,7.601223e-002
9.059937e+003,7.444146e-002
9.063794e+003,7.589036e-002
9.067650e+003,7.858717e-002
9.071508e+003,7.989544e-002
9.075364e+003,7.836571e-002
9.079222e+003,7.821600e-002
9.083078e+003,7.879966e-002
9.086936e+003,8.009402e-002
9.090792e+003,8.073097e-002
9.094649e+003,8.244495e-002
9.098506e+003,8.201463e-002
9.102363e+003,7.991588e-002
9.106220e+003,7.961839e-002
9.110077e+003,7.923964e-002
9.113934e+003,7.981648e-002
9.117791e+003,7.860345e-002
9.121647e+003,7.876506e-002
9.125505e+003,8.322302e-002
9.129361e+003,8.046490e-002
9.133219e+003,7.644051e-002
9.137075e+003,7.568837e-002
9.140933e+003,7.708407e-002
9.144789e+003,7.543167e-002
9.148646e+003,7.910335e-002
9.152503e+003,7.940916e-002
9.156360e+003,8.063238e-002
9.160217e+003,8.026312e-002
9.164074e+003,7.964672e-002
9.167931e+003,8.067423e-002
9.171788e+003,8.036302e-002
9.175645e+003,8.025921e-002
9.179502e+003,7.950692e-002
9.183358e+003,7.701717e-002
9.187216e+003,7.803573e-002
9.191072e+003,8.101881e-002
9.194930e+003,8.179401e-002
9.198786e+003,8.125146e-002
9.202644e+003,8.112667e-002
9.206500e+003,7.981982e-002
9.210357e+003,7.930531e-002
9.214214e+003,7.699750e-002
9.218071e+003,7.744458e-002
9.221928e+003,7.915181e-002
9.225785e+003,7.743305e-002
9.229642e+003,7.671402e-002
9.233499e+003,7.822211e-002
9.237355e+003,8.054347e-002
9.241213e+003,8.209164e-002
9.245069e+003,7.812543e-002
9.248927e+003,7.869753e-002
9.252783e+003,7.913297e-002
9.256641e+003,7.861533e-002
9.260497e+003,8.077383e-002
9.264354e+003,8.082507e-002
9.268211e+003,7.825309e-002
9.272068e+003,7.771197e-002
9.275925e+003,8.039827e-002
9.279782e+003,8.337732e-002
9.283639e+003,8.350252e-002
9.287496e+003,7.979673e-002
9.291353e+003,7.719559e-002
9.295210e+003,7.930388e-002
9.299066e+003,7.916442e-002
9.302924e+003,7.756847e-002
9.306780e+003,7.593235e-002
9.310638e+003,8.088753e-002
9.314494e+003,8.236620e-002
9.318352e+003,8.192980e-002
9.322208e+003,7.978466e-002
9.326065e+003,7.795785e-002
9.329922e+003,8.091708e-002
9.333779e+003,8.149803e-002
9.337636e+003,8.168934e-002
9.341493e+003,8.071537e-002
9.345350e+003,7.961567e-002
9.349207e+003,8.199738e-002
9.353063e+003,8.287089e-002
9.356921e+003,7.877709e-002
9.360777e+003,8.057602e-002
9.364635e+003,8.380333e-002
9.368491e+003,8.147164e-002
9.372349e+003,7.658424e-002
9.376205e+003,7.642467e-002
9.380063e+003,7.921559e-002
9.383919e+003,8.186646e-002
9.387776e+003,8.051204e-002
9.391633e+003,8.027285e-002
9.395490e+003,8.348738e-002
9.399347e+003,8.072191e-002
9.403204e+003,7.752723e-002
9.407061e+003,7.782215e-002
9.410918e+003,7.859603e-002
9.414774e+003,7.843548e-002
9.418632e+003,7.936926e-002
9.422488e+003,7.820211e-002
9.426346e+003,7.932670e-002
9.430202e+003,8.022087e-002
9.434060e+003,7.991692e-002
9.437916e+003,8.040166e-002
9.441773e+003,8.429854e-002
9.445630e+003,8.238250e-002
9.449487e+003,7.879664e-002
9.453344e+003,7.974000e-002
9.457201e+003,8.244563e-002
9.461058e+003,8.175289e-002
9.464915e+003,8.287024e-002
9.468771e+003,8.161268e-002
9.472629e+003,8.054937e-002
9.476485e+003,8.033443e-002
9.480343e+003,8.041338e-002
9.484199e+003,8.024076e-002
9.488057e+003,7.996483e-002
9.491913e+003,8.206910e-002
9.495771e+003,8.303215e-002
9.499627e+003,8.408488e-002
9.503484e+003,8.167826e-002
9.507341e+003,8.080727e-002
9.511198e+003,7.839306e-002
9.515055e+003,7.939269e-002
9.518912e+003,7.911412e-002
9.522769e+003,8.048484e-002
9.526626e+003,8.309879e-002
9.530482e+003,8.336604e-002
9.534340e+003,8.152908e-002
9.538196e+003,8.228934e-002
9.542054e+003,8.819381e-002
9.545910e+003,8.852734e-002
9.549768e+003,8.451512e-002
9.553624e+003,7.974071e-002
9.557481e+003,8.236311e-002
9.561338e+003,8.461440e-002
9.565195e+003,8.222031e-002
9.569052e+003,8.033192e-002
9.572909e+003,8.016241e-002
9.576766e+003,8.292317e-002
9.580623e+003,8.475026e-002
9.584479e+003,8.091588e-002
9.588337e+003,8.230115e-002
9.592193e+003,8.433025e-002
9.596051e+003,8.623803e-002
9.599907e+003,8.431150e-002
9.603765e+003,8.294977e-002
9.607621e+003,8.664307e-002
9.611479e+003,8.337070e-002
9.615335e+003,8.162052e-002
9.619192e+003,8.097368e-002
9.623049e+003,8.218800e-002
9.626906e+003,8.207426e-002
9.630763e+003,7.825262e-002
9.634620e+003,7.748557e-002
9.638477e+003,8.353212e-002
9.642334e+003,8.304351e-002
9.646190e+003,7.768416e-002
9.650048e+003,7.803509e-002
9.653904e+003,8.056401e-002
9.657762e+003,7.985196e-002
9.661618e+003,8.096191e-002
9.665476e+003,8.391237e-002
9.669332e+003,8.276499e-002
9.673189e+003,8.153816e-002
9.677046e+003,8.240978e-002
9.680903e+003,7.933474e-002
9.684760e+003,8.119445e-002
9.688617e+003,8.394235e-002
9.692474e+003,8.242904e-002
9.696331e+003,8.220525e-002
9.700188e+003,8.208187e-002
9.704045e+003,8.155759e-002
9.707901e+003,7.930201e-002
9.711759e+003,7.874881e-002
9.715615e+003,8.296698e-002
9.719473e+003,8.567816e-002
9.723329e+003,8.357111e-002
9.727187e+003,7.991242e-002
9.731043e+003,8.087943e-002
9.734900e+003,8.287882e-002
9.738757e+003,8.001785e-002
9.742614e+003,7.916918e-002
9.746471e+003,8.379453e-002
9.750328e+003,8.763941e-002
9.754185e+003,8.882747e-002
9.758042e+003,9.059659e-002
9.761898e+003,9.131434e-002
9.765756e+003,9.035863e-002
9.769612e+003,8.606979e-002
9.773470e+003,8.290645e-002
9.777326e+003,8.302598e-002
9.781184e+003,8.094011e-002
9.785040e+003,8.187046e-002
9.788897e+003,7.952008e-002
9.792754e+003,7.901105e-002
9.796611e+003,8.294865e-002
9.800468e+003,8.520310e-002
9.804325e+003,8.565964e-002
9.808182e+003,8.668947e-002
9.812039e+003,8.311468e-002
9.815896e+003,8.388761e-002
9.819753e+003,8.648761e-002
9.823609e+003,8.186878e-002
9.827467e+003,8.155379e-002
9.831323e+003,8.345449e-002
9.835181e+003,8.547176e-002
9.839037e+003,8.603153e-002
9.842895e+003,8.217855e-002
9.846751e+003,8.004203e-002
9.850608e+003,8.458215e-002
9.854465e+003,8.645288e-002
9.858322e+003,8.648255e-002
9.862179e+003,8.458070e-002
9.866036e+003,8.727285e-002
9.869893e+003,8.923949e-002
9.873750e+003,8.627861e-002
9.877606e+003,8.336443e-002
9.881464e+003,7.738640e-002
9.885320e+003,7.711719e-002
9.889178e+003,8.272370e-002
9.893034e+003,8.454528e-002
9.896892e+003,8.573996e-002
9.900748e+003,8.375997e-002
9.904605e+003,8.171146e-002
9.908462e+003,8.102544e-002
9.912319e+003,7.918179e-002
9.916176e+003,8.129177e-002
9.920033e+003,8.817360e-002
9.923890e+003,8.767094e-002
9.927747e+003,8.448353e-002
9.931604e+003,8.395618e-002
9.935461e+003,8.365522e-002
9.939317e+003,8.413535e-002
9.943175e+003,8.178349e-002
9.947031e+003,8.096530e-002
9.950889e+003,8.046035e-002
9.954745e+003,8.595391e-002
9.958603e+003,8.866785e-002
9.962459e+003,8.938210e-002
9.966316e+003,8.758926e-002
9.970173e+003,8.346899e-002
9.974030e+003,8.002498e-002
9.977887e+003,7.981879e-002
9.981744e+003,8.077798e-002
9.985601e+003,8.040887e-002
9.989458e+003,8.645809e-002
9.993314e+003,8.404315e-002
9.997172e+003,7.998180e-002
1.000103e+004,7.992767e-002
