3.999640e+003,1.573751e-001
4.003497e+003,2.541151e-001
4.007354e+003,3.286546e-001
4.011211e+003,1.716141e-001
4.015068e+003,5.574002e-002
4.018925e+003,2.194743e-001
4.022781e+003,1.021263e-001
4.026638e+003,1.373543e-001
4.030495e+003,1.377917e-001
4.034352e+003,1.131096e-001
4.038209e+003,2.272204e-001
4.042066e+003,2.068684e-001
4.045923e+003,2.982225e-001
4.049780e+003,4.549432e-001
4.053637e+003,4.036842e-001
4.057494e+003,3.103602e-001
4.061351e+003,6.214533e-001
4.065208e+003,1.077869e+000
4.069065e+003,5.486923e-001
4.072922e+003,4.378346e-001
4.076779e+003,5.186741e-001
4.080635e+003,4.211076e-001
4.084492e+003,4.717180e-001
4.088349e+003,7.296740e-001
4.092206e+003,7.593191e-001
4.096063e+003,7.210692e-001
4.099920e+003,8.147894e-001
4.103777e+003,6.683130e-001
4.107634e+003,6.163070e-001
4.111491e+003,6.284662e-001
4.115348e+003,6.369566e-001
4.119205e+003,6.983694e-001
4.123062e+003,7.979677e-001
4.126919e+003,7.129858e-001
4.130775e+003,7.315335e-001
4.134633e+003,7.948730e-001
4.138489e+003,7.204915e-001
4.142347e+003,6.758394e-001
4.146203e+003,6.690878e-001
4.150061e+003,7.094231e-001
4.153917e+003,6.514273e-001
4.157774e+003,6.135067e-001
4.161631e+003,6.575047e-001
4.165488e+003,7.280734e-001
4.169345e+003,6.913066e-001
4.173202e+003,6.708274e-001
4.177059e+003,6.966193e-001
4.180916e+003,6.864340e-001
4.184772e+003,6.382762e-001
4.188630e+003,6.501222e-001
4.192486e+003,6.806118e-001
4.196344e+003,7.017602e-001
4.200200e+003,6.803517e-001
4.204058e+003,6.648949e-001
4.207914e+003,6.624688e-001
4.211771e+003,6.862875e-001
4.215628e+003,6.925304e-001
4.219485e+003,6.820469e-001
4.223342e+003,6.894969e-001
4.227199e+003,7.014346e-001
4.231056e+003,7.095047e-001
4.234913e+003,7.087238e-001
4.238770e+003,6.915757e-001
4.242627e+003,6.639346e-001
4.246483e+003,6.549923e-001
4.250341e+003,6.583690e-001
4.254197e+003,6.685430e-001
4.258055e+003,6.769964e-001
4.261911e+003,6.963427e-001
4.265769e+003,7.066222e-001
4.269625e+003,7.053772e-001
4.273482e+003,7.050445e-001
4.277339e+003,7.009247e-001
4.281196e+003,6.799053e-001
4.285053e+003,6.716952e-001
4.288910e+003,6.778883e-001
4.292767e+003,6.793802e-001
4.296624e+003,6.651732e-001
4.300480e+003,6.522214e-001
4.304338e+003,6.691586e-001
4.308194e+003,6.837913e-001
4.312052e+003,6.761394e-001
4.315908e+003,6.611473e-001
4.319766e+003,6.622693e-001
4.323622e+003,6.598701e-001
4.327479e+003,6.661780e-001
4.331336e+003,6.721240e-001
4.335193e+003,6.675744e-001
4.339050e+003,6.599324e-001
4.342907e+003,6.503168e-001
4.346764e+003,6.487050e-001
4.350621e+003,6.487010e-001
4.354478e+003,6.516819e-001
4.358335e+003,6.475405e-001
4.362191e+003,6.376073e-001
4.366049e+003,6.337675e-001
4.369905e+003,6.415598e-001
4.373763e+003,6.505656e-001
4.377619e+003,6.553039e-001
4.381477e+003,6.631076e-001
4.385333e+003,6.640397e-001
4.389190e+003,6.610929e-001
4.393047e+003,6.618365e-001
4.396904e+003,6.552776e-001
4.400761e+003,6.420723e-001
4.404618e+003,6.352500e-001
4.408475e+003,6.308900e-001
4.412332e+003,6.314397e-001
4.416188e+003,6.243011e-001
4.420046e+003,6.121764e-001
4.423902e+003,6.067119e-001
4.427760e+003,6.051266e-001
4.431616e+003,6.026329e-001
4.435474e+003,6.008563e-001
4.439330e+003,6.048484e-001
4.443188e+003,6.075513e-001
4.447044e+003,6.015714e-001
4.450901e+003,5.928406e-001
4.454758e+003,5.933824e-001
4.458615e+003,5.987121e-001
4.462472e+003,5.953354e-001
4.466329e+003,5.928183e-001
4.470186e+003,5.974512e-001
4.474043e+003,5.981072e-001
4.477899e+003,5.932698e-001
4.481757e+003,5.943154e-001
4.485613e+003,5.994586e-001
4.489471e+003,5.995144e-001
4.493327e+003,5.995978e-001
4.497185e+003,5.957769e-001
4.501041e+003,5.910265e-001
4.504898e+003,5.954822e-001
4.508755e+003,5.981026e-001
4.512612e+003,5.933110e-001
4.516469e+003,5.948582e-001
4.520326e+003,5.976599e-001
4.524183e+003,6.012623e-001
4.528040e+003,6.020164e-001
4.531896e+003,5.984553e-001
4.535754e+003,6.004794e-001
4.539610e+003,6.094922e-001
4.543468e+003,6.143431e-001
4.547324e+003,6.167902e-001
4.551182e+003,6.179264e-001
4.555038e+003,6.201915e-001
4.558896e+003,6.234291e-001
4.562752e+003,6.235806e-001
4.566609e+003,6.254351e-001
4.570466e+003,6.260526e-001
4.574323e+003,6.224430e-001
4.578180e+003,6.198575e-001
4.582037e+003,6.231549e-001
4.585894e+003,6.303486e-001
4.589751e+003,6.372520e-001
4.593607e+003,6.343174e-001
4.597465e+003,6.321462e-001
4.601321e+003,6.365298e-001
4.605179e+003,6.391611e-001
4.609035e+003,6.379287e-001
4.612893e+003,6.353483e-001
4.616749e+003,6.372596e-001
4.620606e+003,6.415900e-001
4.624463e+003,6.434765e-001
4.628320e+003,6.404223e-001
4.632177e+003,6.412165e-001
4.636034e+003,6.423311e-001
4.639891e+003,6.406322e-001
4.643748e+003,6.419324e-001
4.647604e+003,6.405001e-001
4.651462e+003,6.381994e-001
4.655318e+003,6.377385e-001
4.659176e+003,6.396878e-001
4.663032e+003,6.417390e-001
4.666890e+003,6.384479e-001
4.670746e+003,6.368268e-001
4.674604e+003,6.395077e-001
4.678460e+003,6.397857e-001
4.682317e+003,6.399475e-001
4.686174e+003,6.401589e-001
4.690031e+003,6.400670e-001
4.693888e+003,6.393620e-001
4.697745e+003,6.382355e-001
4.701602e+003,6.404314e-001
4.705459e+003,6.427525e-001
4.709315e+003,6.424460e-001
4.713173e+003,6.426724e-001
4.717029e+003,6.475761e-001
4.720887e+003,6.498291e-001
4.724743e+003,6.475872e-001
4.728601e+003,6.449326e-001
4.732457e+003,6.454022e-001
4.736314e+003,6.455037e-001
4.740171e+003,6.478274e-001
4.744028e+003,6.463599e-001
4.747885e+003,6.437055e-001
4.751742e+003,6.431559e-001
4.755599e+003,6.402154e-001
4.759456e+003,6.403774e-001
4.763313e+003,6.436528e-001
4.767170e+003,6.425549e-001
4.771026e+003,6.406757e-001
4.774884e+003,6.369961e-001
4.778740e+003,6.335021e-001
4.782598e+003,6.349940e-001
4.786454e+003,6.345738e-001
4.790312e+003,6.370919e-001
4.794168e+003,6.347730e-001
4.798025e+003,6.310627e-001
4.801882e+003,6.279554e-001
4.805739e+003,6.247936e-001
4.809596e+003,6.228138e-001
4.813453e+003,6.193780e-001
4.817310e+003,6.168954e-001
4.821167e+003,6.169428e-001
4.825023e+003,6.196335e-001
4.828881e+003,6.161768e-001
4.832737e+003,6.118241e-001
4.836595e+003,6.100281e-001
4.840451e+003,6.071483e-001
4.844309e+003,6.071400e-001
4.848165e+003,6.033095e-001
4.852022e+003,5.982372e-001
4.855879e+003,5.998558e-001
4.859736e+003,5.991622e-001
4.863593e+003,5.954870e-001
4.867450e+003,5.912970e-001
4.871307e+003,5.903808e-001
4.875164e+003,5.869819e-001
4.879021e+003,5.848683e-001
4.882878e+003,5.835667e-001
4.886734e+003,5.808458e-001
4.890592e+003,5.776137e-001
4.894448e+003,5.749735e-001
4.898306e+003,5.711564e-001
4.902162e+003,5.686814e-001
4.906020e+003,5.697746e-001
4.909876e+003,5.669216e-001
4.913733e+003,5.641242e-001
4.917590e+003,5.637487e-001
4.921447e+003,5.617784e-001
4.925304e+003,5.600188e-001
4.929161e+003,5.600011e-001
4.933018e+003,5.575290e-001
4.936875e+003,5.568702e-001
4.940731e+003,5.571456e-001
4.944589e+003,5.566782e-001
4.948445e+003,5.549189e-001
4.952303e+003,5.540003e-001
4.956159e+003,5.550385e-001
4.960017e+003,5.539104e-001
4.963873e+003,5.533854e-001
4.967730e+003,5.534590e-001
4.971587e+003,5.530620e-001
4.975444e+003,5.540543e-001
4.979301e+003,5.555342e-001
4.983158e+003,5.562801e-001
4.987015e+003,5.567707e-001
4.990872e+003,5.564569e-001
4.994729e+003,5.548176e-001
4.998586e+003,5.551014e-001
5.002442e+003,5.570875e-001
5.006300e+003,5.585205e-001
5.010156e+003,5.582664e-001
5.014014e+003,5.598611e-001
5.017870e+003,5.601556e-001
5.021728e+003,5.603746e-001
5.025584e+003,5.622244e-001
5.029441e+003,5.634466e-001
5.033298e+003,5.660314e-001
5.037155e+003,5.675198e-001
5.041012e+003,5.689676e-001
5.044869e+003,5.722162e-001
5.048726e+003,5.732142e-001
5.052583e+003,5.725862e-001
5.056439e+003,5.728955e-001
5.060297e+003,5.748758e-001
5.064153e+003,5.752909e-001
5.068011e+003,5.781459e-001
5.071867e+003,5.807370e-001
5.075725e+003,5.809328e-001
5.079581e+003,5.799474e-001
5.083438e+003,5.856284e-001
5.087295e+003,5.860628e-001
5.091152e+003,5.844003e-001
5.095009e+003,5.883305e-001
5.098866e+003,5.903439e-001
5.102723e+003,5.922315e-001
5.106580e+003,5.946574e-001
5.110437e+003,5.972756e-001
5.114294e+003,5.987073e-001
5.118150e+003,5.989405e-001
5.122008e+003,6.019787e-001
5.125864e+003,6.040576e-001
5.129722e+003,6.031326e-001
5.133578e+003,6.056514e-001
5.137436e+003,6.077242e-001
5.141292e+003,6.088033e-001
5.145149e+003,6.119139e-001
5.149006e+003,6.142737e-001
5.152863e+003,6.168280e-001
5.156720e+003,6.178091e-001
5.160577e+003,6.183522e-001
5.164434e+003,6.179232e-001
5.168291e+003,6.179702e-001
5.172147e+003,6.176454e-001
5.176005e+003,6.174611e-001
5.179861e+003,6.174788e-001
5.183719e+003,6.194348e-001
5.187575e+003,6.180932e-001
5.191433e+003,6.158656e-001
5.195289e+003,6.141633e-001
5.199146e+003,6.123915e-001
5.203003e+003,6.110235e-001
5.206860e+003,6.087214e-001
5.210717e+003,6.040807e-001
5.214574e+003,6.022822e-001
5.218431e+003,5.978618e-001
5.222288e+003,5.930064e-001
5.226145e+003,5.888606e-001
5.230002e+003,5.852547e-001
5.233858e+003,5.812116e-001
5.237716e+003,5.769797e-001
5.241572e+003,5.717342e-001
5.245430e+003,5.675380e-001
5.249286e+003,5.608906e-001
5.253144e+003,5.534926e-001
5.257000e+003,5.475920e-001
5.260857e+003,5.420291e-001
5.264714e+003,5.361496e-001
5.268571e+003,5.294276e-001
5.272428e+003,5.244893e-001
5.276285e+003,5.188979e-001
5.280142e+003,5.133854e-001
5.283999e+003,5.092311e-001
5.287855e+003,5.043921e-001
5.291713e+003,5.000510e-001
5.295569e+003,4.954438e-001
5.299427e+003,4.915003e-001
5.303283e+003,4.885967e-001
5.307141e+003,4.853392e-001
5.310997e+003,4.824027e-001
5.314854e+003,4.804851e-001
5.318711e+003,4.784872e-001
5.322568e+003,4.767825e-001
5.326425e+003,4.741257e-001
5.330282e+003,4.722786e-001
5.334139e+003,4.710398e-001
5.337996e+003,4.716325e-001
5.341853e+003,4.712498e-001
5.345710e+003,4.681506e-001
5.349566e+003,4.659407e-001
5.353424e+003,4.658206e-001
5.357280e+003,4.655870e-001
5.361138e+003,4.649553e-001
5.364994e+003,4.645583e-001
5.368852e+003,4.634860e-001
5.372708e+003,4.632236e-001
5.376565e+003,4.632052e-001
5.380422e+003,4.629885e-001
5.384279e+003,4.637324e-001
5.388136e+003,4.635493e-001
5.391993e+003,4.643389e-001
5.395850e+003,4.653583e-001
5.399707e+003,4.648143e-001
5.403563e+003,4.657851e-001
5.407421e+003,4.671728e-001
5.411277e+003,4.693382e-001
5.415135e+003,4.702501e-001
5.418991e+003,4.707159e-001
5.422849e+003,4.713928e-001
5.426705e+003,4.719544e-001
5.430563e+003,4.735570e-001
5.434419e+003,4.751034e-001
5.438276e+003,4.757846e-001
5.442133e+003,4.762399e-001
5.445990e+003,4.775203e-001
5.449847e+003,4.772406e-001
5.453704e+003,4.783166e-001
5.457561e+003,4.795880e-001
5.461418e+003,4.793637e-001
5.465274e+003,4.814309e-001
5.469132e+003,4.814067e-001
5.472988e+003,4.806762e-001
5.476846e+003,4.816905e-001
5.480702e+003,4.826816e-001
5.484560e+003,4.827308e-001
5.488416e+003,4.825847e-001
5.492273e+003,4.819750e-001
5.496130e+003,4.815464e-001
5.499987e+003,4.822569e-001
5.503844e+003,4.819835e-001
5.507701e+003,4.809428e-001
5.511558e+003,4.811688e-001
5.515415e+003,4.849673e-001
5.519271e+003,4.858141e-001
5.523129e+003,4.861219e-001
5.526985e+003,4.881060e-001
5.530843e+003,4.886329e-001
5.534699e+003,4.895800e-001
5.538557e+003,4.900233e-001
5.542413e+003,4.905682e-001
5.546271e+003,4.917858e-001
5.550127e+003,4.925249e-001
5.553984e+003,4.938985e-001
5.557841e+003,4.944227e-001
5.561698e+003,4.967486e-001
5.565555e+003,4.996774e-001
5.569412e+003,5.006010e-001
5.573269e+003,5.013061e-001
5.577126e+003,5.039397e-001
5.580982e+003,5.050822e-001
5.584840e+003,5.059208e-001
5.588696e+003,5.060656e-001
5.592554e+003,5.065834e-001
5.596410e+003,5.061664e-001
5.600268e+003,5.047548e-001
5.604124e+003,5.043871e-001
5.607981e+003,5.058383e-001
5.611838e+003,5.064538e-001
5.615695e+003,5.058947e-001
5.619552e+003,5.054927e-001
5.623409e+003,5.059510e-001
5.627266e+003,5.064862e-001
5.631123e+003,5.074093e-001
5.634979e+003,5.082553e-001
5.638837e+003,5.088760e-001
5.642693e+003,5.081437e-001
5.646551e+003,5.079049e-001
5.650407e+003,5.078782e-001
5.654265e+003,5.081393e-001
5.658121e+003,5.077628e-001
5.661979e+003,5.089489e-001
5.665835e+003,5.084628e-001
5.669692e+003,5.085566e-001
5.673549e+003,5.083037e-001
5.677406e+003,5.088577e-001
5.681263e+003,5.079573e-001
5.685120e+003,5.082442e-001
5.688977e+003,5.082235e-001
5.692834e+003,5.085387e-001
5.696690e+003,5.077288e-001
5.700548e+003,5.059881e-001
5.704404e+003,5.061767e-001
5.708262e+003,5.060378e-001
5.712118e+003,5.065783e-001
5.715976e+003,5.092914e-001
5.719832e+003,5.100026e-001
5.723689e+003,5.079373e-001
5.727546e+003,5.085475e-001
5.731403e+003,5.094370e-001
5.735260e+003,5.097598e-001
5.739117e+003,5.108002e-001
5.742974e+003,5.086423e-001
5.746831e+003,5.064576e-001
5.750688e+003,5.061417e-001
5.754545e+003,5.049744e-001
5.758401e+003,5.022779e-001
5.762259e+003,5.023239e-001
5.766115e+003,5.008689e-001
5.769973e+003,5.001848e-001
5.773829e+003,4.999903e-001
5.777687e+003,4.978203e-001
5.781543e+003,4.977384e-001
5.785400e+003,4.979777e-001
5.789257e+003,4.980550e-001
5.793114e+003,4.988017e-001
5.796971e+003,4.991865e-001
5.800828e+003,4.996234e-001
5.804685e+003,4.998571e-001
5.808542e+003,4.989659e-001
5.812398e+003,4.986840e-001
5.816256e+003,4.992404e-001
5.820112e+003,5.005365e-001
5.823970e+003,5.021388e-001
5.827826e+003,5.028423e-001
5.831684e+003,5.032418e-001
5.835540e+003,5.026394e-001
5.839397e+003,5.016904e-001
5.843254e+003,5.021562e-001
5.847111e+003,5.031832e-001
5.850968e+003,5.053043e-001
5.854825e+003,5.066847e-001
5.858682e+003,5.052642e-001
5.862539e+003,5.029515e-001
5.866396e+003,5.008964e-001
5.870253e+003,5.021316e-001
5.874109e+003,5.031741e-001
5.877967e+003,5.024713e-001
5.881823e+003,5.030183e-001
5.885681e+003,5.035074e-001
5.889537e+003,5.049533e-001
5.893395e+003,5.047967e-001
5.897251e+003,5.030745e-001
5.901108e+003,5.025161e-001
5.904965e+003,5.025570e-001
5.908822e+003,5.015152e-001
5.912679e+003,4.995826e-001
5.916536e+003,4.988616e-001
5.920393e+003,4.993649e-001
5.924250e+003,4.971192e-001
5.928106e+003,4.956384e-001
5.931964e+003,4.969269e-001
5.935820e+003,4.982037e-001
5.939678e+003,4.978094e-001
5.943534e+003,4.977130e-001
5.947392e+003,4.979269e-001
5.951248e+003,4.977815e-001
5.955105e+003,4.975368e-001
5.958962e+003,4.982085e-001
5.962819e+003,4.991687e-001
5.966676e+003,4.984672e-001
5.970533e+003,4.975463e-001
5.974390e+003,4.986992e-001
5.978247e+003,4.985721e-001
5.982104e+003,4.978672e-001
5.985961e+003,4.991898e-001
5.989817e+003,4.998349e-001
5.993675e+003,4.987350e-001
5.997531e+003,5.018909e-001
6.001389e+003,5.023319e-001
6.005245e+003,5.002654e-001
6.009103e+003,5.012286e-001
6.012959e+003,5.030177e-001
6.016816e+003,5.025834e-001
6.020673e+003,5.016298e-001
6.024530e+003,5.031634e-001
6.028387e+003,5.057043e-001
6.032244e+003,5.050787e-001
6.036101e+003,5.047390e-001
6.039958e+003,5.053992e-001
6.043814e+003,5.071592e-001
6.047672e+003,5.098428e-001
6.051528e+003,5.098494e-001
6.055386e+003,5.087044e-001
6.059242e+003,5.104138e-001
6.063100e+003,5.116464e-001
6.066956e+003,5.122498e-001
6.070813e+003,5.135362e-001
6.074670e+003,5.133925e-001
6.078527e+003,5.129617e-001
6.082384e+003,5.152010e-001
6.086241e+003,5.165259e-001
6.090098e+003,5.143383e-001
6.093955e+003,5.162981e-001
6.097812e+003,5.177622e-001
6.101669e+003,5.177471e-001
6.105525e+003,5.179501e-001
6.109383e+003,5.166548e-001
6.113239e+003,5.181521e-001
6.117097e+003,5.205573e-001
6.120953e+003,5.193847e-001
6.124811e+003,5.191423e-001
6.128667e+003,5.218009e-001
6.132524e+003,5.224808e-001
6.136381e+003,5.229369e-001
6.140238e+003,5.241570e-001
6.144095e+003,5.247935e-001
6.147952e+003,5.260153e-001
6.151809e+003,5.269246e-001
6.155666e+003,5.256305e-001
6.159522e+003,5.266559e-001
6.163380e+003,5.287205e-001
6.167236e+003,5.285990e-001
6.171094e+003,5.284244e-001
6.174950e+003,5.295700e-001
6.178808e+003,5.299225e-001
6.182664e+003,5.294574e-001
6.186521e+003,5.307979e-001
6.190378e+003,5.317813e-001
6.194235e+003,5.330260e-001
6.198092e+003,5.336500e-001
6.201949e+003,5.336756e-001
6.205806e+003,5.351396e-001
6.209663e+003,5.363849e-001
6.213520e+003,5.351119e-001
6.217377e+003,5.367476e-001
6.221233e+003,5.371875e-001
6.225091e+003,5.379162e-001
6.228947e+003,5.395259e-001
6.232805e+003,5.416760e-001
6.236661e+003,5.433099e-001
6.240519e+003,5.421794e-001
6.244375e+003,5.420098e-001
6.248232e+003,5.425084e-001
6.252089e+003,5.436110e-001
6.255946e+003,5.431485e-001
6.259803e+003,5.433965e-001
6.263660e+003,5.441013e-001
6.267517e+003,5.438277e-001
6.271374e+003,5.424035e-001
6.275230e+003,5.411452e-001
6.279088e+003,5.408936e-001
6.282944e+003,5.430408e-001
6.286802e+003,5.435650e-001
6.290658e+003,5.432398e-001
6.294516e+003,5.419896e-001
6.298372e+003,5.422751e-001
6.302229e+003,5.419251e-001
6.306086e+003,5.436179e-001
6.309943e+003,5.449558e-001
6.313800e+003,5.442215e-001
6.317657e+003,5.444037e-001
6.321514e+003,5.457927e-001
6.325371e+003,5.438572e-001
6.329228e+003,5.447709e-001
6.333085e+003,5.472905e-001
6.336941e+003,5.479993e-001
6.340799e+003,5.470272e-001
6.344655e+003,5.485461e-001
6.348513e+003,5.500326e-001
6.352369e+003,5.485820e-001
6.356227e+003,5.463564e-001
6.360083e+003,5.455797e-001
6.363940e+003,5.478748e-001
6.367797e+003,5.485488e-001
6.371654e+003,5.464739e-001
6.375511e+003,5.444933e-001
6.379368e+003,5.435876e-001
6.383225e+003,5.437349e-001
6.387082e+003,5.414034e-001
6.390938e+003,5.407685e-001
6.394796e+003,5.417975e-001
6.398652e+003,5.425725e-001
6.402510e+003,5.433962e-001
6.406366e+003,5.418934e-001
6.410224e+003,5.408682e-001
6.414080e+003,5.421314e-001
6.417938e+003,5.422263e-001
6.421794e+003,5.416816e-001
6.425651e+003,5.415608e-001
6.429508e+003,5.424440e-001
6.433365e+003,5.427094e-001
6.437222e+003,5.401642e-001
6.441079e+003,5.386398e-001
6.444936e+003,5.384745e-001
6.448793e+003,5.392930e-001
6.452649e+003,5.410401e-001
6.456507e+003,5.412187e-001
6.460363e+003,5.423482e-001
6.464221e+003,5.425059e-001
6.468077e+003,5.408122e-001
6.471935e+003,5.426617e-001
6.475791e+003,5.435659e-001
6.479648e+003,5.430333e-001
6.483505e+003,5.436386e-001
6.487362e+003,5.427528e-001
6.491219e+003,5.402921e-001
6.495076e+003,5.405541e-001
6.498933e+003,5.428786e-001
6.502790e+003,5.431872e-001
6.506646e+003,5.430250e-001
6.510504e+003,5.418574e-001
6.514360e+003,5.418097e-001
6.518218e+003,5.419545e-001
6.522074e+003,5.403192e-001
6.525932e+003,5.411643e-001
6.529788e+003,5.418309e-001
6.533646e+003,5.422316e-001
6.537502e+003,5.444145e-001
6.541359e+003,5.436688e-001
6.545216e+003,5.422944e-001
6.549073e+003,5.425662e-001
6.552930e+003,5.451608e-001
6.556787e+003,5.440239e-001
6.560644e+003,5.429590e-001
6.564501e+003,5.439355e-001
6.568357e+003,5.434658e-001
6.572215e+003,5.435206e-001
6.576071e+003,5.435275e-001
6.579929e+003,5.413954e-001
6.583785e+003,5.414540e-001
6.587643e+003,5.433083e-001
6.591499e+003,5.432556e-001
6.595356e+003,5.426584e-001
6.599213e+003,5.413464e-001
6.603070e+003,5.419707e-001
6.606927e+003,5.418429e-001
6.610784e+003,5.406438e-001
6.614641e+003,5.391204e-001
6.618498e+003,5.379940e-001
6.622354e+003,5.360103e-001
6.626212e+003,5.355693e-001
6.630068e+003,5.355870e-001
6.633926e+003,5.356154e-001
6.637782e+003,5.373605e-001
6.641640e+003,5.386633e-001
6.645496e+003,5.373629e-001
6.649354e+003,5.368720e-001
6.653210e+003,5.360966e-001
6.657067e+003,5.375065e-001
6.660924e+003,5.383504e-001
6.664781e+003,5.383182e-001
6.668638e+003,5.382146e-001
6.672495e+003,5.373716e-001
6.676352e+003,5.355029e-001
6.680209e+003,5.357314e-001
6.684065e+003,5.350469e-001
6.687923e+003,5.321403e-001
6.691779e+003,5.313850e-001
6.695637e+003,5.300066e-001
6.699493e+003,5.293273e-001
6.703351e+003,5.317170e-001
6.707207e+003,5.324726e-001
6.711064e+003,5.300241e-001
6.714921e+003,5.299736e-001
6.718778e+003,5.292997e-001
6.722635e+003,5.263442e-001
6.726492e+003,5.267435e-001
6.730349e+003,5.276665e-001
6.734206e+003,5.273717e-001
6.738063e+003,5.262906e-001
6.741920e+003,5.256784e-001
6.745776e+003,5.245295e-001
6.749634e+003,5.234838e-001
6.753490e+003,5.217332e-001
6.757348e+003,5.204981e-001
6.761204e+003,5.198963e-001
6.765062e+003,5.193339e-001
6.768918e+003,5.178438e-001
6.772775e+003,5.164311e-001
6.776632e+003,5.166817e-001
6.780489e+003,5.180625e-001
6.784346e+003,5.138459e-001
6.788203e+003,5.120791e-001
6.792060e+003,5.124077e-001
6.795917e+003,5.113817e-001
6.799773e+003,5.108820e-001
6.803631e+003,5.098600e-001
6.807487e+003,5.086381e-001
6.811345e+003,5.092465e-001
6.815201e+003,5.068886e-001
6.819059e+003,5.061516e-001
6.822915e+003,5.066854e-001
6.826772e+003,5.038063e-001
6.830629e+003,5.019819e-001
6.834486e+003,5.008979e-001
6.838343e+003,5.010101e-001
6.842200e+003,5.019528e-001
6.846057e+003,5.017221e-001
6.849914e+003,5.012164e-001
6.853771e+003,5.000520e-001
6.857628e+003,4.991964e-001
6.861484e+003,4.977758e-001
6.865342e+003,4.975983e-001
6.869198e+003,4.965988e-001
6.873056e+003,4.958852e-001
6.876912e+003,4.937562e-001
6.880770e+003,4.921652e-001
6.884626e+003,4.916014e-001
6.888483e+003,4.909662e-001
6.892340e+003,4.926072e-001
6.896197e+003,4.926468e-001
6.900054e+003,4.903586e-001
6.903911e+003,4.892015e-001
6.907768e+003,4.897749e-001
6.911625e+003,4.885414e-001
6.915481e+003,4.855983e-001
6.919339e+003,4.845708e-001
6.923195e+003,4.839297e-001
6.927053e+003,4.835166e-001
6.930909e+003,4.831196e-001
6.934767e+003,4.806900e-001
6.938623e+003,4.778352e-001
6.942480e+003,4.793585e-001
6.946337e+003,4.819590e-001
6.950194e+003,4.792320e-001
6.954051e+003,4.755841e-001
6.957908e+003,4.748917e-001
6.961765e+003,4.757237e-001
6.965622e+003,4.745073e-001
6.969479e+003,4.723282e-001
6.973336e+003,4.696071e-001
6.977192e+003,4.684138e-001
6.981050e+003,4.680036e-001
6.984906e+003,4.682984e-001
6.988764e+003,4.669595e-001
6.992620e+003,4.638650e-001
6.996478e+003,4.630287e-001
7.000334e+003,4.609821e-001
7.004191e+003,4.594916e-001
7.008048e+003,4.584289e-001
7.011905e+003,4.566358e-001
7.015762e+003,4.526406e-001
7.019619e+003,4.502479e-001
7.023476e+003,4.497670e-001
7.027333e+003,4.481799e-001
7.031189e+003,4.466113e-001
7.035047e+003,4.453418e-001
7.038903e+003,4.409728e-001
7.042761e+003,4.382047e-001
7.046617e+003,4.395335e-001
7.050475e+003,4.378166e-001
7.054331e+003,4.346730e-001
7.058188e+003,4.347178e-001
7.062045e+003,4.342895e-001
7.065902e+003,4.324563e-001
7.069759e+003,4.316469e-001
7.073616e+003,4.305631e-001
7.077473e+003,4.293244e-001
7.081330e+003,4.275909e-001
7.085187e+003,4.233238e-001
7.089044e+003,4.193047e-001
7.092900e+003,4.204772e-001
7.096758e+003,4.188156e-001
7.100614e+003,4.170656e-001
7.104472e+003,4.156424e-001
7.108328e+003,4.128744e-001
7.112186e+003,4.111230e-001
7.116042e+003,4.100122e-001
7.119899e+003,4.079948e-001
7.123756e+003,4.056779e-001
7.127613e+003,4.041451e-001
7.131470e+003,4.032129e-001
7.135327e+003,4.028718e-001
7.139184e+003,4.001615e-001
7.143041e+003,3.993392e-001
7.146897e+003,3.981510e-001
7.150755e+003,3.968502e-001
7.154611e+003,3.952579e-001
7.158469e+003,3.949212e-001
7.162325e+003,3.941800e-001
7.166183e+003,3.949776e-001
7.170039e+003,3.906204e-001
7.173896e+003,3.885557e-001
7.177753e+003,3.890505e-001
7.181610e+003,3.891936e-001
7.185467e+003,3.854553e-001
7.189324e+003,3.863407e-001
7.193181e+003,3.859248e-001
7.197038e+003,3.836138e-001
7.200895e+003,3.845496e-001
7.204752e+003,3.828585e-001
7.208608e+003,3.798463e-001
7.212466e+003,3.794349e-001
7.216322e+003,3.806391e-001
7.220180e+003,3.807478e-001
7.224036e+003,3.767089e-001
7.227894e+003,3.762851e-001
7.231750e+003,3.782840e-001
7.235607e+003,3.772708e-001
7.239464e+003,3.771707e-001
7.243321e+003,3.774183e-001
7.247178e+003,3.765354e-001
7.251035e+003,3.741706e-001
7.254892e+003,3.757758e-001
7.258749e+003,3.791115e-001
7.262605e+003,3.778331e-001
7.266463e+003,3.760945e-001
7.270319e+003,3.754562e-001
7.274177e+003,3.754980e-001
7.278033e+003,3.759915e-001
7.281891e+003,3.753982e-001
7.285747e+003,3.754002e-001
7.289604e+003,3.744900e-001
7.293461e+003,3.731655e-001
7.297318e+003,3.716059e-001
7.301175e+003,3.704877e-001
7.305032e+003,3.707332e-001
7.308889e+003,3.722573e-001
7.312746e+003,3.712327e-001
7.316603e+003,3.692414e-001
7.320460e+003,3.696342e-001
7.324316e+003,3.703137e-001
7.328174e+003,3.677177e-001
7.332030e+003,3.631686e-001
7.335888e+003,3.609104e-001
7.339744e+003,3.622226e-001
7.343602e+003,3.630053e-001
7.347458e+003,3.625607e-001
7.351315e+003,3.619713e-001
7.355172e+003,3.602370e-001
7.359029e+003,3.606498e-001
7.362886e+003,3.605515e-001
7.366743e+003,3.571908e-001
7.370600e+003,3.546612e-001
7.374457e+003,3.555564e-001
7.378313e+003,3.561478e-001
7.382171e+003,3.565716e-001
7.386027e+003,3.553425e-001
7.389885e+003,3.534470e-001
7.393741e+003,3.517514e-001
7.397599e+003,3.508803e-001
7.401455e+003,3.512459e-001
7.405313e+003,3.519642e-001
7.409169e+003,3.523781e-001
7.413026e+003,3.492883e-001
7.416883e+003,3.487726e-001
7.420740e+003,3.483389e-001
7.424597e+003,3.462911e-001
7.428454e+003,3.459472e-001
7.432311e+003,3.468328e-001
7.436168e+003,3.457115e-001
7.440024e+003,3.438090e-001
7.443882e+003,3.436109e-001
7.447738e+003,3.430577e-001
7.451596e+003,3.429295e-001
7.455452e+003,3.420228e-001
7.459310e+003,3.429172e-001
7.463166e+003,3.423202e-001
7.467023e+003,3.412662e-001
7.470880e+003,3.429601e-001
7.474737e+003,3.435703e-001
7.478594e+003,3.426312e-001
7.482451e+003,3.406523e-001
7.486308e+003,3.404365e-001
7.490165e+003,3.410640e-001
7.494021e+003,3.386599e-001
7.497879e+003,3.361015e-001
7.501735e+003,3.371402e-001
7.505593e+003,3.372067e-001
7.509449e+003,3.371658e-001
7.513307e+003,3.377529e-001
7.517163e+003,3.368576e-001
7.521021e+003,3.358344e-001
7.524877e+003,3.344784e-001
7.528734e+003,3.351943e-001
7.532591e+003,3.361821e-001
7.536448e+003,3.365124e-001
7.540305e+003,3.362776e-001
7.544162e+003,3.362172e-001
7.548019e+003,3.348094e-001
7.551876e+003,3.336925e-001
7.555732e+003,3.333304e-001
7.559590e+003,3.346027e-001
7.563446e+003,3.337707e-001
7.567304e+003,3.334987e-001
7.571160e+003,3.330990e-001
7.575018e+003,3.331736e-001
7.578874e+003,3.337609e-001
7.582731e+003,3.334278e-001
7.586588e+003,3.316348e-001
7.590445e+003,3.313717e-001
7.594302e+003,3.338048e-001
7.598159e+003,3.345521e-001
7.602016e+003,3.330280e-001
7.605873e+003,3.317162e-001
7.609729e+003,3.319100e-001
7.613587e+003,3.319245e-001
7.617443e+003,3.308405e-001
7.621301e+003,3.301823e-001
7.625157e+003,3.320459e-001
7.629015e+003,3.326260e-001
7.632871e+003,3.314708e-001
7.636729e+003,3.306268e-001
7.640585e+003,3.327734e-001
7.644442e+003,3.335835e-001
7.648299e+003,3.317603e-001
7.652156e+003,3.311253e-001
7.656013e+003,3.308094e-001
7.659870e+003,3.301677e-001
7.663727e+003,3.319444e-001
7.667584e+003,3.316835e-001
7.671440e+003,3.306048e-001
7.675298e+003,3.322238e-001
7.679154e+003,3.342480e-001
7.683012e+003,3.345236e-001
7.686868e+003,3.343016e-001
7.690726e+003,3.330192e-001
7.694582e+003,3.320846e-001
7.698439e+003,3.319360e-001
7.702296e+003,3.318481e-001
7.706153e+003,3.318973e-001
7.710010e+003,3.325757e-001
7.713867e+003,3.333865e-001
7.717724e+003,3.344472e-001
7.721581e+003,3.355949e-001
7.725438e+003,3.349381e-001
7.729295e+003,3.350032e-001
7.733151e+003,3.377154e-001
7.737009e+003,3.379408e-001
7.740865e+003,3.366241e-001
7.744723e+003,3.354666e-001
7.748579e+003,3.350998e-001
7.752437e+003,3.349736e-001
7.756293e+003,3.348825e-001
7.760150e+003,3.387051e-001
7.764007e+003,3.389831e-001
7.767864e+003,3.361140e-001
7.771721e+003,3.357618e-001
7.775578e+003,3.363721e-001
7.779435e+003,3.363885e-001
7.783292e+003,3.365657e-001
7.787148e+003,3.367051e-001
7.791006e+003,3.383470e-001
7.794862e+003,3.397734e-001
7.798720e+003,3.388391e-001
7.802576e+003,3.390230e-001
7.806434e+003,3.387526e-001
7.810290e+003,3.388806e-001
7.814147e+003,3.390056e-001
7.818004e+003,3.400954e-001
7.821861e+003,3.404682e-001
7.825718e+003,3.401811e-001
7.829575e+003,3.398279e-001
7.833432e+003,3.406242e-001
7.837289e+003,3.409249e-001
7.841146e+003,3.386705e-001
7.845003e+003,3.412650e-001
7.848859e+003,3.418645e-001
7.852717e+003,3.414945e-001
7.856573e+003,3.391585e-001
7.860431e+003,3.365737e-001
7.864287e+003,3.389138e-001
7.868145e+003,3.388745e-001
7.872001e+003,3.396971e-001
7.875858e+003,3.424073e-001
7.879715e+003,3.425950e-001
7.883572e+003,3.413967e-001
7.887429e+003,3.409493e-001
7.891286e+003,3.402636e-001
7.895143e+003,3.415391e-001
7.899000e+003,3.413837e-001
7.902856e+003,3.402961e-001
7.906714e+003,3.410566e-001
7.910570e+003,3.430395e-001
7.914428e+003,3.428702e-001
7.918284e+003,3.418372e-001
7.922142e+003,3.424310e-001
7.925998e+003,3.414870e-001
7.929855e+003,3.415129e-001
7.933712e+003,3.411334e-001
7.937569e+003,3.400792e-001
7.941426e+003,3.396412e-001
7.945283e+003,3.412508e-001
7.949140e+003,3.393589e-001
7.952997e+003,3.382891e-001
7.956854e+003,3.390153e-001
7.960711e+003,3.399847e-001
7.964567e+003,3.399598e-001
7.968425e+003,3.390149e-001
7.972281e+003,3.377348e-001
7.976139e+003,3.391923e-001
7.979995e+003,3.399133e-001
7.983853e+003,3.379738e-001
7.987709e+003,3.383441e-001
7.991566e+003,3.386686e-001
7.995423e+003,3.378911e-001
7.999280e+003,3.359086e-001
8.003137e+003,3.359758e-001
8.006994e+003,3.362938e-001
8.010851e+003,3.363066e-001
8.014708e+003,3.376454e-001
8.018564e+003,3.376312e-001
8.022422e+003,3.387518e-001
8.026278e+003,3.379815e-001
8.030136e+003,3.375164e-001
8.033992e+003,3.371445e-001
8.037850e+003,3.379290e-001
8.041706e+003,3.388444e-001
8.045563e+003,3.363404e-001
8.049420e+003,3.365962e-001
8.053277e+003,3.369918e-001
8.057134e+003,3.370284e-001
8.060991e+003,3.372395e-001
8.064848e+003,3.383454e-001
8.068705e+003,3.401361e-001
8.072562e+003,3.403605e-001
8.076419e+003,3.407541e-001
8.080275e+003,3.402039e-001
8.084133e+003,3.391634e-001
8.087989e+003,3.382938e-001
8.091847e+003,3.387520e-001
8.095703e+003,3.392276e-001
8.099561e+003,3.405986e-001
8.103417e+003,3.421651e-001
8.107274e+003,3.436759e-001
8.111131e+003,3.429275e-001
8.114988e+003,3.409035e-001
8.118845e+003,3.418153e-001
8.122702e+003,3.435571e-001
8.126559e+003,3.427794e-001
8.130416e+003,3.442274e-001
8.134272e+003,3.451956e-001
8.138130e+003,3.424463e-001
8.141986e+003,3.419108e-001
8.145844e+003,3.445648e-001
8.149700e+003,3.451214e-001
8.153558e+003,3.445428e-001
8.157414e+003,3.449915e-001
8.161271e+003,3.466308e-001
8.165128e+003,3.477198e-001
8.168985e+003,3.479354e-001
8.172842e+003,3.469599e-001
8.176699e+003,3.477103e-001
8.180556e+003,3.478788e-001
8.184413e+003,3.481342e-001
8.188270e+003,3.480882e-001
8.192127e+003,3.465798e-001
8.195983e+003,3.455527e-001
8.199841e+003,3.455775e-001
8.203697e+003,3.461483e-001
8.207555e+003,3.459732e-001
8.211411e+003,3.470733e-001
8.215269e+003,3.480871e-001
8.219125e+003,3.469432e-001
8.222982e+003,3.472986e-001
8.226839e+003,3.488922e-001
8.230696e+003,3.499330e-001
8.234553e+003,3.487034e-001
8.238410e+003,3.482932e-001
8.242267e+003,3.481417e-001
8.246124e+003,3.489040e-001
8.249980e+003,3.490523e-001
8.253838e+003,3.498217e-001
8.257694e+003,3.513941e-001
8.261552e+003,3.504438e-001
8.265408e+003,3.501790e-001
8.269266e+003,3.517345e-001
8.273122e+003,3.513531e-001
8.276979e+003,3.487849e-001
8.280836e+003,3.509299e-001
8.284693e+003,3.517987e-001
8.288550e+003,3.499611e-001
8.292407e+003,3.501589e-001
8.296264e+003,3.502911e-001
8.300121e+003,3.496900e-001
8.303978e+003,3.504562e-001
8.307835e+003,3.524781e-001
8.311691e+003,3.529188e-001
8.315549e+003,3.536308e-001
8.319405e+003,3.543566e-001
8.323263e+003,3.553873e-001
8.327119e+003,3.564753e-001
8.330977e+003,3.565688e-001
8.334833e+003,3.540030e-001
8.338690e+003,3.535129e-001
8.342547e+003,3.544002e-001
8.346404e+003,3.533500e-001
8.350261e+003,3.553093e-001
8.354118e+003,3.551002e-001
8.357975e+003,3.515182e-001
8.361832e+003,3.534314e-001
8.365688e+003,3.542432e-001
8.369546e+003,3.521594e-001
8.373402e+003,3.512141e-001
8.377260e+003,3.520778e-001
8.381116e+003,3.501399e-001
8.384974e+003,3.493184e-001
8.388830e+003,3.504517e-001
8.392688e+003,3.494191e-001
8.396544e+003,3.476182e-001
8.400401e+003,3.458100e-001
8.404258e+003,3.460665e-001
8.408115e+003,3.476455e-001
8.411972e+003,3.492478e-001
8.415829e+003,3.466519e-001
8.419686e+003,3.414310e-001
8.423543e+003,3.403541e-001
8.427399e+003,3.414661e-001
8.431257e+003,3.419594e-001
8.435113e+003,3.428412e-001
8.438971e+003,3.401835e-001
8.442827e+003,3.370252e-001
8.446685e+003,3.357139e-001
8.450541e+003,3.358137e-001
8.454398e+003,3.371934e-001
8.458255e+003,3.390227e-001
8.462112e+003,3.393630e-001
8.465969e+003,3.367925e-001
8.469826e+003,3.346562e-001
8.473683e+003,3.366438e-001
8.477540e+003,3.367978e-001
8.481396e+003,3.357643e-001
8.485254e+003,3.339162e-001
8.489110e+003,3.322395e-001
8.492968e+003,3.301991e-001
8.496824e+003,3.314934e-001
8.500682e+003,3.320467e-001
8.504538e+003,3.279678e-001
8.508396e+003,3.271655e-001
8.512252e+003,3.311577e-001
8.516109e+003,3.329590e-001
8.519966e+003,3.308927e-001
8.523823e+003,3.280642e-001
8.527680e+003,3.264422e-001
8.531537e+003,3.285823e-001
8.535394e+003,3.294321e-001
8.539251e+003,3.285696e-001
8.543107e+003,3.254086e-001
8.546965e+003,3.267052e-001
8.550821e+003,3.269725e-001
8.554679e+003,3.238245e-001
8.558535e+003,3.226870e-001
8.562393e+003,3.218767e-001
8.566249e+003,3.220168e-001
8.570106e+003,3.224607e-001
8.573963e+003,3.224400e-001
8.577820e+003,3.222251e-001
8.581677e+003,3.225950e-001
8.585534e+003,3.204800e-001
8.589391e+003,3.183930e-001
8.593248e+003,3.191836e-001
8.597104e+003,3.196080e-001
8.600962e+003,3.193224e-001
8.604818e+003,3.192251e-001
8.608676e+003,3.164096e-001
8.612532e+003,3.147461e-001
8.616390e+003,3.161753e-001
8.620246e+003,3.184541e-001
8.624104e+003,3.185699e-001
8.627960e+003,3.172549e-001
8.631817e+003,3.164601e-001
8.635674e+003,3.172702e-001
8.639531e+003,3.150207e-001
8.643388e+003,3.129483e-001
8.647245e+003,3.142971e-001
8.651102e+003,3.119052e-001
8.654959e+003,3.111606e-001
8.658815e+003,3.118111e-001
8.662673e+003,3.102132e-001
8.666529e+003,3.097685e-001
8.670387e+003,3.128591e-001
8.674243e+003,3.134232e-001
8.678101e+003,3.121468e-001
8.681957e+003,3.119218e-001
8.685814e+003,3.098618e-001
8.689671e+003,3.084595e-001
8.693528e+003,3.079531e-001
8.697385e+003,3.104997e-001
8.701242e+003,3.110167e-001
8.705099e+003,3.093870e-001
8.708956e+003,3.055491e-001
8.712813e+003,3.077582e-001
8.716670e+003,3.088210e-001
8.720526e+003,3.063699e-001
8.724384e+003,3.070245e-001
8.728240e+003,3.088634e-001
8.732098e+003,3.081410e-001
8.735954e+003,3.065345e-001
8.739812e+003,3.062600e-001
8.743668e+003,3.068496e-001
8.747525e+003,3.037472e-001
8.751382e+003,3.044107e-001
8.755239e+003,3.071960e-001
8.759096e+003,3.057969e-001
8.762953e+003,3.022936e-001
8.766810e+003,3.027862e-001
8.770667e+003,3.023441e-001
8.774523e+003,3.047327e-001
8.778381e+003,3.072127e-001
8.782237e+003,3.051552e-001
8.786095e+003,3.060792e-001
8.789951e+003,3.019603e-001
8.793809e+003,2.975852e-001
8.797665e+003,3.020841e-001
8.801522e+003,3.035600e-001
8.805379e+003,3.028269e-001
8.809236e+003,3.024276e-001
8.813093e+003,3.002845e-001
8.816950e+003,3.005183e-001
8.820807e+003,3.013126e-001
8.824664e+003,3.020498e-001
8.828521e+003,3.020438e-001
8.832378e+003,3.014375e-001
8.836234e+003,3.021124e-001
8.840092e+003,3.005115e-001
8.843948e+003,3.000908e-001
8.847806e+003,3.000560e-001
8.851662e+003,3.024504e-001
8.855520e+003,3.045174e-001
8.859376e+003,3.013519e-001
8.863233e+003,2.984355e-001
8.867090e+003,2.993633e-001
8.870947e+003,2.984939e-001
8.874804e+003,2.992691e-001
8.878661e+003,3.006726e-001
8.882518e+003,3.014445e-001
8.886375e+003,3.008518e-001
8.890231e+003,3.010719e-001
8.894089e+003,3.003936e-001
8.897945e+003,2.996254e-001
8.901803e+003,3.007128e-001
8.905659e+003,3.010303e-001
8.909517e+003,2.995953e-001
8.913373e+003,3.009860e-001
8.917230e+003,3.004263e-001
8.921087e+003,2.988303e-001
8.924944e+003,2.997695e-001
8.928801e+003,3.015073e-001
8.932658e+003,3.003374e-001
8.936515e+003,2.989714e-001
8.940372e+003,3.006673e-001
8.944229e+003,3.005008e-001
8.948086e+003,2.969688e-001
8.951942e+003,2.972063e-001
8.955800e+003,3.003969e-001
8.959656e+003,3.004619e-001
8.963514e+003,2.996723e-001
8.967370e+003,3.016016e-001
8.971228e+003,3.043281e-001
8.975084e+003,3.052354e-001
8.978941e+003,3.042260e-001
8.982798e+003,3.009230e-001
8.986655e+003,3.000830e-001
8.990512e+003,3.021447e-001
8.994369e+003,3.045581e-001
8.998226e+003,3.025590e-001
9.002083e+003,3.015141e-001
9.005939e+003,2.986622e-001
9.009797e+003,3.007424e-001
9.013653e+003,3.030950e-001
9.017511e+003,3.044388e-001
9.021367e+003,3.054261e-001
9.025225e+003,3.043678e-001
9.029081e+003,3.027214e-001
9.032938e+003,3.034793e-001
9.036795e+003,3.019712e-001
9.040652e+003,2.997245e-001
9.044509e+003,3.010249e-001
9.048366e+003,3.024404e-001
9.052223e+003,3.045526e-001
9.056080e+003,3.050667e-001
9.059937e+003,3.029817e-001
9.063794e+003,3.064552e-001
9.067650e+003,3.092063e-001
9.071508e+003,3.070841e-001
9.075364e+003,3.030037e-001
9.079222e+003,2.997262e-001
9.083078e+003,3.023720e-001
9.086936e+003,3.045732e-001
9.090792e+003,3.035150e-001
9.094649e+003,3.027973e-001
9.098506e+003,3.057786e-001
9.102363e+003,3.048049e-001
9.106220e+003,3.045446e-001
9.110077e+003,3.055055e-001
9.113934e+003,3.035662e-001
9.117791e+003,3.048599e-001
9.121647e+003,3.023277e-001
9.125505e+003,2.999386e-001
9.129361e+003,3.021439e-001
9.133219e+003,3.048670e-001
9.137075e+003,3.037218e-001
9.140933e+003,3.016788e-001
9.144789e+003,3.058005e-001
9.148646e+003,3.040033e-001
9.152503e+003,3.021610e-001
9.156360e+003,3.033282e-001
9.160217e+003,3.045658e-001
9.164074e+003,3.050413e-001
9.167931e+003,3.050670e-001
9.171788e+003,3.049340e-001
9.175645e+003,3.049672e-001
9.179502e+003,3.051282e-001
9.183358e+003,3.055686e-001
9.187216e+003,3.059818e-001
9.191072e+003,3.027044e-001
9.194930e+003,3.015759e-001
9.198786e+003,3.030868e-001
9.202644e+003,3.051451e-001
9.206500e+003,3.036926e-001
9.210357e+003,3.045003e-001
9.214214e+003,3.075484e-001
9.218071e+003,3.060346e-001
9.221928e+003,3.053504e-001
9.225785e+003,3.060304e-001
9.229642e+003,3.067451e-001
9.233499e+003,3.045310e-001
9.237355e+003,3.034010e-001
9.241213e+003,3.057460e-001
9.245069e+003,3.032345e-001
9.248927e+003,3.044063e-001
9.252783e+003,3.060867e-001
9.256641e+003,3.066284e-001
9.260497e+003,3.074220e-001
9.264354e+003,3.040374e-001
9.268211e+003,3.072801e-001
9.272068e+003,3.106709e-001
9.275925e+003,3.076234e-001
9.279782e+003,3.084958e-001
9.283639e+003,3.094302e-001
9.287496e+003,3.082565e-001
9.291353e+003,3.082845e-001
9.295210e+003,3.060281e-001
9.299066e+003,3.042258e-001
9.302924e+003,3.080156e-001
9.306780e+003,3.068020e-001
9.310638e+003,3.069762e-001
9.314494e+003,3.050768e-001
9.318352e+003,3.039232e-001
9.322208e+003,3.041149e-001
9.326065e+003,3.031976e-001
9.329922e+003,3.046739e-001
9.333779e+003,3.048910e-001
9.337636e+003,3.073170e-001
9.341493e+003,3.116616e-001
9.345350e+003,3.134697e-001
9.349207e+003,3.101455e-001
9.353063e+003,3.076464e-001
9.356921e+003,3.095454e-001
9.360777e+003,3.096937e-001
9.364635e+003,3.109407e-001
9.368491e+003,3.119747e-001
9.372349e+003,3.104546e-001
9.376205e+003,3.079042e-001
9.380063e+003,3.081797e-001
9.383919e+003,3.097112e-001
9.387776e+003,3.105507e-001
9.391633e+003,3.133290e-001
9.395490e+003,3.137707e-001
9.399347e+003,3.133082e-001
9.403204e+003,3.138548e-001
9.407061e+003,3.129421e-001
9.410918e+003,3.105301e-001
9.414774e+003,3.141144e-001
9.418632e+003,3.142682e-001
9.422488e+003,3.140331e-001
9.426346e+003,3.114252e-001
9.430202e+003,3.097723e-001
9.434060e+003,3.113651e-001
9.437916e+003,3.117394e-001
9.441773e+003,3.092237e-001
9.445630e+003,3.092467e-001
9.449487e+003,3.082279e-001
9.453344e+003,3.065059e-001
9.457201e+003,3.081673e-001
9.461058e+003,3.114799e-001
9.464915e+003,3.115714e-001
9.468771e+003,3.098796e-001
9.472629e+003,3.115519e-001
9.476485e+003,3.113445e-001
9.480343e+003,3.063222e-001
9.484199e+003,3.095347e-001
9.488057e+003,3.129031e-001
9.491913e+003,3.110869e-001
9.495771e+003,3.125304e-001
9.499627e+003,3.111189e-001
9.503484e+003,3.070687e-001
9.507341e+003,3.090622e-001
9.511198e+003,3.117699e-001
9.515055e+003,3.126875e-001
9.518912e+003,3.140573e-001
9.522769e+003,3.115482e-001
9.526626e+003,3.118951e-001
9.530482e+003,3.109351e-001
9.534340e+003,3.096549e-001
9.538196e+003,3.084403e-001
9.542054e+003,3.101079e-001
9.545910e+003,3.121890e-001
9.549768e+003,3.121344e-001
9.553624e+003,3.115772e-001
9.557481e+003,3.105883e-001
9.561338e+003,3.109497e-001
9.565195e+003,3.138733e-001
9.569052e+003,3.140927e-001
9.572909e+003,3.123490e-001
9.576766e+003,3.123656e-001
9.580623e+003,3.136431e-001
9.584479e+003,3.121540e-001
9.588337e+003,3.116414e-001
9.592193e+003,3.119656e-001
9.596051e+003,3.128555e-001
9.599907e+003,3.129375e-001
9.603765e+003,3.135768e-001
9.607621e+003,3.131595e-001
9.611479e+003,3.165419e-001
9.615335e+003,3.203940e-001
9.619192e+003,3.187495e-001
9.623049e+003,3.128030e-001
9.626906e+003,3.115757e-001
9.630763e+003,3.133511e-001
9.634620e+003,3.135751e-001
9.638477e+003,3.128215e-001
9.642334e+003,3.133664e-001
9.646190e+003,3.123751e-001
9.650048e+003,3.144861e-001
9.653904e+003,3.161528e-001
9.657762e+003,3.127158e-001
9.661618e+003,3.127562e-001
9.665476e+003,3.144203e-001
9.669332e+003,3.135492e-001
9.673189e+003,3.138520e-001
9.677046e+003,3.133968e-001
9.680903e+003,3.126292e-001
9.684760e+003,3.105252e-001
9.688617e+003,3.105648e-001
9.692474e+003,3.114219e-001
9.696331e+003,3.109791e-001
9.700188e+003,3.115079e-001
9.704045e+003,3.106309e-001
9.707901e+003,3.087174e-001
9.711759e+003,3.082106e-001
9.715615e+003,3.125966e-001
9.719473e+003,3.148881e-001
9.723329e+003,3.162906e-001
9.727187e+003,3.151422e-001
9.731043e+003,3.150606e-001
9.734900e+003,3.169917e-001
9.738757e+003,3.087912e-001
9.742614e+003,3.069183e-001
9.746471e+003,3.133180e-001
9.750328e+003,3.157558e-001
9.754185e+003,3.152648e-001
9.758042e+003,3.164375e-001
9.761898e+003,3.150201e-001
9.765756e+003,3.213479e-001
9.769612e+003,3.146987e-001
9.773470e+003,3.119080e-001
9.777326e+003,3.138478e-001
9.781184e+003,3.168350e-001
9.785040e+003,3.160813e-001
9.788897e+003,3.145308e-001
9.792754e+003,3.145555e-001
9.796611e+003,3.173822e-001
9.800468e+003,3.139975e-001
9.804325e+003,3.087690e-001
9.808182e+003,3.075131e-001
9.812039e+003,3.123839e-001
9.815896e+003,3.200657e-001
9.819753e+003,3.214232e-001
9.823609e+003,3.150673e-001
9.827467e+003,3.147658e-001
9.831323e+003,3.191247e-001
9.835181e+003,3.206906e-001
9.839037e+003,3.191653e-001
9.842895e+003,3.150330e-001
9.846751e+003,3.160649e-001
9.850608e+003,3.208796e-001
9.854465e+003,3.194885e-001
9.858322e+003,3.162394e-001
9.862179e+003,3.141326e-001
9.866036e+003,3.159597e-001
9.869893e+003,3.179418e-001
9.873750e+003,3.194777e-001
9.877606e+003,3.215218e-001
9.881464e+003,3.239756e-001
9.885320e+003,3.206564e-001
9.889178e+003,3.155497e-001
9.893034e+003,3.140391e-001
9.896892e+003,3.119154e-001
9.900748e+003,3.163861e-001
9.904605e+003,3.162228e-001
9.908462e+003,3.162428e-001
9.912319e+003,3.154858e-001
9.916176e+003,3.157611e-001
9.920033e+003,3.141225e-001
9.923890e+003,3.158599e-001
9.927747e+003,3.187324e-001
9.931604e+003,3.214030e-001
9.935461e+003,3.267007e-001
9.939317e+003,3.250324e-001
9.943175e+003,3.152896e-001
9.947031e+003,3.136856e-001
9.950889e+003,3.166173e-001
9.954745e+003,3.176739e-001
9.958603e+003,3.166936e-001
9.962459e+003,3.201420e-001
9.966316e+003,3.196650e-001
9.970173e+003,3.178091e-001
9.974030e+003,3.149269e-001
9.977887e+003,3.104943e-001
9.981744e+003,3.149716e-001
9.985601e+003,3.229381e-001
9.989458e+003,3.208984e-001
9.993314e+003,3.156730e-001
9.997172e+003,3.162103e-001
1.000103e+004,3.163669e-001
