3.999640e+003,6.165219e-002
4.003497e+003,1.305560e-001
4.007354e+003,2.133716e-001
4.011211e+003,1.094339e-001
4.015068e+003,4.073754e-002
4.018925e+003,1.119783e-001
4.022781e+003,2.257190e-001
4.026638e+003,1.192616e-001
4.030495e+003,4.625917e-002
4.034352e+003,-2.429952e-002
4.038209e+003,-5.467544e-003
4.042066e+003,-2.186647e-002
4.045923e+003,-1.112286e-001
4.049780e+003,-7.337838e-002
4.053637e+003,3.142279e-002
4.057494e+003,5.130752e-002
4.061351e+003,-6.989126e-002
4.065208e+003,1.079860e-002
4.069065e+003,2.653691e-001
4.072922e+003,2.199212e-001
4.076779e+003,1.948627e-001
4.080635e+003,2.930250e-001
4.084492e+003,3.737127e-001
4.088349e+003,9.741917e-002
4.092206e+003,7.589459e-002
4.096063e+003,2.404168e-001
4.099920e+003,9.113059e-002
4.103777e+003,1.736744e-001
4.107634e+003,2.896791e-001
4.111491e+003,2.073561e-001
4.115348e+003,1.897277e-001
4.119205e+003,1.600688e-001
4.123062e+003,1.404143e-001
4.126919e+003,1.647542e-001
4.130775e+003,1.881261e-001
4.134633e+003,1.731149e-001
4.138489e+003,1.487726e-001
4.142347e+003,7.406905e-002
4.146203e+003,6.461427e-002
4.150061e+003,1.691224e-001
4.153917e+003,2.062698e-001
4.157774e+003,1.712376e-001
4.161631e+003,1.946307e-001
4.165488e+003,1.958169e-001
4.169345e+003,1.973722e-001
4.173202e+003,1.905927e-001
4.177059e+003,2.128471e-001
4.180916e+003,2.200025e-001
4.184772e+003,2.033958e-001
4.188630e+003,2.009533e-001
4.192486e+003,1.840693e-001
4.196344e+003,1.948922e-001
4.200200e+003,1.803002e-001
4.204058e+003,1.760251e-001
4.207914e+003,1.729142e-001
4.211771e+003,1.792650e-001
4.215628e+003,1.883712e-001
4.219485e+003,1.946298e-001
4.223342e+003,1.953479e-001
4.227199e+003,1.952873e-001
4.231056e+003,1.867285e-001
4.234913e+003,1.702501e-001
4.238770e+003,1.773081e-001
4.242627e+003,2.046842e-001
4.246483e+003,1.980100e-001
4.250341e+003,1.925510e-001
4.254197e+003,1.918082e-001
4.258055e+003,1.923587e-001
4.261911e+003,1.848441e-001
4.265769e+003,1.886833e-001
4.269625e+003,1.851903e-001
4.273482e+003,1.825406e-001
4.277339e+003,1.822545e-001
4.281196e+003,1.816867e-001
4.285053e+003,1.755046e-001
4.288910e+003,1.812434e-001
4.292767e+003,1.662156e-001
4.296624e+003,1.610536e-001
4.300480e+003,1.713319e-001
4.304338e+003,1.784539e-001
4.308194e+003,1.633647e-001
4.312052e+003,1.655934e-001
4.315908e+003,1.806569e-001
4.319766e+003,1.925717e-001
4.323622e+003,1.941992e-001
4.327479e+003,1.826600e-001
4.331336e+003,1.873865e-001
4.335193e+003,1.899287e-001
4.339050e+003,1.816826e-001
4.342907e+003,1.761170e-001
4.346764e+003,1.794340e-001
4.350621e+003,1.875981e-001
4.354478e+003,1.922522e-001
4.358335e+003,1.892605e-001
4.362191e+003,1.861617e-001
4.366049e+003,1.863494e-001
4.369905e+003,1.786427e-001
4.373763e+003,1.756997e-001
4.377619e+003,1.762828e-001
4.381477e+003,1.800896e-001
4.385333e+003,1.814843e-001
4.389190e+003,1.780059e-001
4.393047e+003,1.766320e-001
4.396904e+003,1.801608e-001
4.400761e+003,1.842369e-001
4.404618e+003,1.883033e-001
4.408475e+003,1.865932e-001
4.412332e+003,1.815107e-001
4.416188e+003,1.820630e-001
4.420046e+003,1.820350e-001
4.423902e+003,1.856490e-001
4.427760e+003,1.876496e-001
4.431616e+003,1.848033e-001
4.435474e+003,1.832880e-001
4.439330e+003,1.825706e-001
4.443188e+003,1.850428e-001
4.447044e+003,1.844212e-001
4.450901e+003,1.823913e-001
4.454758e+003,1.823027e-001
4.458615e+003,1.831563e-001
4.462472e+003,1.835250e-001
4.466329e+003,1.830430e-001
4.470186e+003,1.813741e-001
4.474043e+003,1.797422e-001
4.477899e+003,1.814589e-001
4.481757e+003,1.843537e-001
4.485613e+003,1.887953e-001
4.489471e+003,1.883720e-001
4.493327e+003,1.857698e-001
4.497185e+003,1.822449e-001
4.501041e+003,1.815056e-001
4.504898e+003,1.849498e-001
4.508755e+003,1.901457e-001
4.512612e+003,1.919939e-001
4.516469e+003,1.889449e-001
4.520326e+003,1.882342e-001
4.524183e+003,1.876206e-001
4.528040e+003,1.860916e-001
4.531896e+003,1.869559e-001
4.535754e+003,1.878236e-001
4.539610e+003,1.853880e-001
4.543468e+003,1.845480e-001
4.547324e+003,1.865418e-001
4.551182e+003,1.874491e-001
4.555038e+003,1.871562e-001
4.558896e+003,1.862445e-001
4.562752e+003,1.830131e-001
4.566609e+003,1.813585e-001
4.570466e+003,1.845904e-001
4.574323e+003,1.842668e-001
4.578180e+003,1.864310e-001
4.582037e+003,1.861269e-001
4.585894e+003,1.836716e-001
4.589751e+003,1.808812e-001
4.593607e+003,1.783826e-001
4.597465e+003,1.745663e-001
4.601321e+003,1.741793e-001
4.605179e+003,1.741340e-001
4.609035e+003,1.758939e-001
4.612893e+003,1.753641e-001
4.616749e+003,1.727026e-001
4.620606e+003,1.674165e-001
4.624463e+003,1.672662e-001
4.628320e+003,1.681918e-001
4.632177e+003,1.668829e-001
4.636034e+003,1.646711e-001
4.639891e+003,1.625058e-001
4.643748e+003,1.585582e-001
4.647604e+003,1.577177e-001
4.651462e+003,1.568317e-001
4.655318e+003,1.544512e-001
4.659176e+003,1.525151e-001
4.663032e+003,1.491885e-001
4.666890e+003,1.453756e-001
4.670746e+003,1.445261e-001
4.674604e+003,1.443332e-001
4.678460e+003,1.423574e-001
4.682317e+003,1.407393e-001
4.686174e+003,1.408229e-001
4.690031e+003,1.401392e-001
4.693888e+003,1.380730e-001
4.697745e+003,1.378467e-001
4.701602e+003,1.349187e-001
4.705459e+003,1.309158e-001
4.709315e+003,1.325264e-001
4.713173e+003,1.325333e-001
4.717029e+003,1.293213e-001
4.720887e+003,1.264499e-001
4.724743e+003,1.297955e-001
4.728601e+003,1.335625e-001
4.732457e+003,1.324380e-001
4.736314e+003,1.300509e-001
4.740171e+003,1.289472e-001
4.744028e+003,1.296546e-001
4.747885e+003,1.309106e-001
4.751742e+003,1.321228e-001
4.755599e+003,1.301170e-001
4.759456e+003,1.305258e-001
4.763313e+003,1.325971e-001
4.767170e+003,1.319327e-001
4.771026e+003,1.311095e-001
4.774884e+003,1.313403e-001
4.778740e+003,1.336400e-001
4.782598e+003,1.324117e-001
4.786454e+003,1.307960e-001
4.790312e+003,1.321227e-001
4.794168e+003,1.351732e-001
4.798025e+003,1.370232e-001
4.801882e+003,1.374702e-001
4.805739e+003,1.379730e-001
4.809596e+003,1.385021e-001
4.813453e+003,1.409786e-001
4.817310e+003,1.431911e-001
4.821167e+003,1.438123e-001
4.825023e+003,1.433064e-001
4.828881e+003,1.457784e-001
4.832737e+003,1.479706e-001
4.836595e+003,1.504272e-001
4.840451e+003,1.517925e-001
4.844309e+003,1.519654e-001
4.848165e+003,1.525545e-001
4.852022e+003,1.537779e-001
4.855879e+003,1.557433e-001
4.859736e+003,1.576551e-001
4.863593e+003,1.594769e-001
4.867450e+003,1.581695e-001
4.871307e+003,1.571536e-001
4.875164e+003,1.579606e-001
4.879021e+003,1.572273e-001
4.882878e+003,1.571741e-001
4.886734e+003,1.573420e-001
4.890592e+003,1.570956e-001
4.894448e+003,1.572890e-001
4.898306e+003,1.566994e-001
4.902162e+003,1.572857e-001
4.906020e+003,1.565226e-001
4.909876e+003,1.550294e-001
4.913733e+003,1.529194e-001
4.917590e+003,1.521588e-001
4.921447e+003,1.512248e-001
4.925304e+003,1.524271e-001
4.929161e+003,1.535214e-001
4.933018e+003,1.539040e-001
4.936875e+003,1.531212e-001
4.940731e+003,1.513948e-001
4.944589e+003,1.519653e-001
4.948445e+003,1.532781e-001
4.952303e+003,1.534566e-001
4.956159e+003,1.534000e-001
4.960017e+003,1.548106e-001
4.963873e+003,1.551019e-001
4.967730e+003,1.543701e-001
4.971587e+003,1.528315e-001
4.975444e+003,1.520950e-001
4.979301e+003,1.516929e-001
4.983158e+003,1.525396e-001
4.987015e+003,1.530406e-001
4.990872e+003,1.530338e-001
4.994729e+003,1.541680e-001
4.998586e+003,1.551867e-001
5.002442e+003,1.567252e-001
5.006300e+003,1.572945e-001
5.010156e+003,1.571898e-001
5.014014e+003,1.577753e-001
5.017870e+003,1.583015e-001
5.021728e+003,1.596262e-001
5.025584e+003,1.585516e-001
5.029441e+003,1.593450e-001
5.033298e+003,1.594920e-001
5.037155e+003,1.600055e-001
5.041012e+003,1.605209e-001
5.044869e+003,1.594223e-001
5.048726e+003,1.600353e-001
5.052583e+003,1.589576e-001
5.056439e+003,1.576313e-001
5.060297e+003,1.560010e-001
5.064153e+003,1.549726e-001
5.068011e+003,1.551449e-001
5.071867e+003,1.568984e-001
5.075725e+003,1.549005e-001
5.079581e+003,1.526015e-001
5.083438e+003,1.514708e-001
5.087295e+003,1.489747e-001
5.091152e+003,1.468346e-001
5.095009e+003,1.468399e-001
5.098866e+003,1.457832e-001
5.102723e+003,1.442299e-001
5.106580e+003,1.439420e-001
5.110437e+003,1.450064e-001
5.114294e+003,1.447551e-001
5.118150e+003,1.420133e-001
5.122008e+003,1.409334e-001
5.125864e+003,1.418663e-001
5.129722e+003,1.427029e-001
5.133578e+003,1.417202e-001
5.137436e+003,1.395108e-001
5.141292e+003,1.389166e-001
5.145149e+003,1.395212e-001
5.149006e+003,1.400037e-001
5.152863e+003,1.398069e-001
5.156720e+003,1.369134e-001
5.160577e+003,1.347394e-001
5.164434e+003,1.341087e-001
5.168291e+003,1.344354e-001
5.172147e+003,1.350096e-001
5.176005e+003,1.333229e-001
5.179861e+003,1.316145e-001
5.183719e+003,1.318489e-001
5.187575e+003,1.307564e-001
5.191433e+003,1.285460e-001
5.195289e+003,1.289014e-001
5.199146e+003,1.300585e-001
5.203003e+003,1.292966e-001
5.206860e+003,1.282527e-001
5.210717e+003,1.278795e-001
5.214574e+003,1.280586e-001
5.218431e+003,1.279143e-001
5.222288e+003,1.285840e-001
5.226145e+003,1.277079e-001
5.230002e+003,1.257405e-001
5.233858e+003,1.244762e-001
5.237716e+003,1.247528e-001
5.241572e+003,1.241051e-001
5.245430e+003,1.235983e-001
5.249286e+003,1.229784e-001
5.253144e+003,1.239252e-001
5.257000e+003,1.233692e-001
5.260857e+003,1.228922e-001
5.264714e+003,1.231060e-001
5.268571e+003,1.228134e-001
5.272428e+003,1.209478e-001
5.276285e+003,1.204500e-001
5.280142e+003,1.209428e-001
5.283999e+003,1.207909e-001
5.287855e+003,1.194021e-001
5.291713e+003,1.180740e-001
5.295569e+003,1.169337e-001
5.299427e+003,1.166261e-001
5.303283e+003,1.171952e-001
5.307141e+003,1.174918e-001
5.310997e+003,1.169669e-001
5.314854e+003,1.159648e-001
5.318711e+003,1.154348e-001
5.322568e+003,1.155686e-001
5.326425e+003,1.146638e-001
5.330282e+003,1.148510e-001
5.334139e+003,1.158157e-001
5.337996e+003,1.158185e-001
5.341853e+003,1.160416e-001
5.345710e+003,1.157074e-001
5.349566e+003,1.143238e-001
5.353424e+003,1.144210e-001
5.357280e+003,1.148881e-001
5.361138e+003,1.142269e-001
5.364994e+003,1.137613e-001
5.368852e+003,1.153983e-001
5.372708e+003,1.165614e-001
5.376565e+003,1.149847e-001
5.380422e+003,1.129064e-001
5.384279e+003,1.138986e-001
5.388136e+003,1.142320e-001
5.391993e+003,1.140290e-001
5.395850e+003,1.144519e-001
5.399707e+003,1.140810e-001
5.403563e+003,1.132072e-001
5.407421e+003,1.145472e-001
5.411277e+003,1.159076e-001
5.415135e+003,1.142417e-001
5.418991e+003,1.140891e-001
5.422849e+003,1.144221e-001
5.426705e+003,1.147422e-001
5.430563e+003,1.143940e-001
5.434419e+003,1.144376e-001
5.438276e+003,1.140455e-001
5.442133e+003,1.140943e-001
5.445990e+003,1.143184e-001
5.449847e+003,1.134416e-001
5.453704e+003,1.116201e-001
5.457561e+003,1.122878e-001
5.461418e+003,1.130813e-001
5.465274e+003,1.139136e-001
5.469132e+003,1.137794e-001
5.472988e+003,1.134377e-001
5.476846e+003,1.144399e-001
5.480702e+003,1.147258e-001
5.484560e+003,1.144339e-001
5.488416e+003,1.143119e-001
5.492273e+003,1.138552e-001
5.496130e+003,1.141784e-001
5.499987e+003,1.152530e-001
5.503844e+003,1.157952e-001
5.507701e+003,1.151652e-001
5.511558e+003,1.142377e-001
5.515415e+003,1.136446e-001
5.519271e+003,1.137340e-001
5.523129e+003,1.135240e-001
5.526985e+003,1.132915e-001
5.530843e+003,1.140734e-001
5.534699e+003,1.144123e-001
5.538557e+003,1.138496e-001
5.542413e+003,1.138361e-001
5.546271e+003,1.143977e-001
5.550127e+003,1.140498e-001
5.553984e+003,1.130785e-001
5.557841e+003,1.135379e-001
5.561698e+003,1.144415e-001
5.565555e+003,1.135078e-001
5.569412e+003,1.127406e-001
5.573269e+003,1.114557e-001
5.577126e+003,1.114539e-001
5.580982e+003,1.117737e-001
5.584840e+003,1.118762e-001
5.588696e+003,1.104667e-001
5.592554e+003,1.108950e-001
5.596410e+003,1.118547e-001
5.600268e+003,1.115736e-001
5.604124e+003,1.098642e-001
5.607981e+003,1.092014e-001
5.611838e+003,1.096972e-001
5.615695e+003,1.105937e-001
5.619552e+003,1.117103e-001
5.623409e+003,1.118184e-001
5.627266e+003,1.120893e-001
5.631123e+003,1.121035e-001
5.634979e+003,1.117067e-001
5.638837e+003,1.127590e-001
5.642693e+003,1.139711e-001
5.646551e+003,1.138727e-001
5.650407e+003,1.141699e-001
5.654265e+003,1.157591e-001
5.658121e+003,1.173760e-001
5.661979e+003,1.184099e-001
5.665835e+003,1.180820e-001
5.669692e+003,1.179747e-001
5.673549e+003,1.189555e-001
5.677406e+003,1.203720e-001
5.681263e+003,1.192850e-001
5.685120e+003,1.184981e-001
5.688977e+003,1.188048e-001
5.692834e+003,1.195554e-001
5.696690e+003,1.197181e-001
5.700548e+003,1.204797e-001
5.704404e+003,1.214662e-001
5.708262e+003,1.216969e-001
5.712118e+003,1.213022e-001
5.715976e+003,1.219571e-001
5.719832e+003,1.227305e-001
5.723689e+003,1.232393e-001
5.727546e+003,1.222067e-001
5.731403e+003,1.233968e-001
5.735260e+003,1.251847e-001
5.739117e+003,1.255426e-001
5.742974e+003,1.256099e-001
5.746831e+003,1.262621e-001
5.750688e+003,1.269937e-001
5.754545e+003,1.277257e-001
5.758401e+003,1.270961e-001
5.762259e+003,1.279286e-001
5.766115e+003,1.289711e-001
5.769973e+003,1.294203e-001
5.773829e+003,1.299457e-001
5.777687e+003,1.305352e-001
5.781543e+003,1.318117e-001
5.785400e+003,1.315610e-001
5.789257e+003,1.311885e-001
5.793114e+003,1.306718e-001
5.796971e+003,1.312041e-001
5.800828e+003,1.312449e-001
5.804685e+003,1.297206e-001
5.808542e+003,1.272648e-001
5.812398e+003,1.256194e-001
5.816256e+003,1.259389e-001
5.820112e+003,1.266286e-001
5.823970e+003,1.255238e-001
5.827826e+003,1.249582e-001
5.831684e+003,1.250661e-001
5.835540e+003,1.247832e-001
5.839397e+003,1.246217e-001
5.843254e+003,1.241704e-001
5.847111e+003,1.239784e-001
5.850968e+003,1.235353e-001
5.854825e+003,1.235833e-001
5.858682e+003,1.225008e-001
5.862539e+003,1.202685e-001
5.866396e+003,1.199794e-001
5.870253e+003,1.212774e-001
5.874109e+003,1.215602e-001
5.877967e+003,1.222522e-001
5.881823e+003,1.213092e-001
5.885681e+003,1.197570e-001
5.889537e+003,1.188025e-001
5.893395e+003,1.190587e-001
5.897251e+003,1.192771e-001
5.901108e+003,1.203421e-001
5.904965e+003,1.211594e-001
5.908822e+003,1.208789e-001
5.912679e+003,1.211590e-001
5.916536e+003,1.205111e-001
5.920393e+003,1.185486e-001
5.924250e+003,1.178813e-001
5.928106e+003,1.182887e-001
5.931964e+003,1.180070e-001
5.935820e+003,1.164850e-001
5.939678e+003,1.159840e-001
5.943534e+003,1.150816e-001
5.947392e+003,1.135161e-001
5.951248e+003,1.131617e-001
5.955105e+003,1.129999e-001
5.958962e+003,1.107261e-001
5.962819e+003,1.094567e-001
5.966676e+003,1.086476e-001
5.970533e+003,1.091846e-001
5.974390e+003,1.089177e-001
5.978247e+003,1.078565e-001
5.982104e+003,1.078721e-001
5.985961e+003,1.078664e-001
5.989817e+003,1.072070e-001
5.993675e+003,1.057414e-001
5.997531e+003,1.055845e-001
6.001389e+003,1.058621e-001
6.005245e+003,1.045907e-001
6.009103e+003,1.043429e-001
6.012959e+003,1.041719e-001
6.016816e+003,1.037665e-001
6.020673e+003,1.019262e-001
6.024530e+003,1.003924e-001
6.028387e+003,1.011637e-001
6.032244e+003,1.020795e-001
6.036101e+003,1.030894e-001
6.039958e+003,1.030797e-001
6.043814e+003,1.011895e-001
6.047672e+003,1.000755e-001
6.051528e+003,1.006835e-001
6.055386e+003,1.019477e-001
6.059242e+003,1.012012e-001
6.063100e+003,1.012339e-001
6.066956e+003,1.001757e-001
6.070813e+003,9.997435e-002
6.074670e+003,9.991200e-002
6.078527e+003,1.009719e-001
6.082384e+003,1.018717e-001
6.086241e+003,1.015729e-001
6.090098e+003,1.004980e-001
6.093955e+003,9.945657e-002
6.097812e+003,9.970598e-002
6.101669e+003,9.917186e-002
6.105525e+003,9.917299e-002
6.109383e+003,9.924702e-002
6.113239e+003,1.008713e-001
6.117097e+003,1.014045e-001
6.120953e+003,1.017171e-001
6.124811e+003,1.015081e-001
6.128667e+003,1.015489e-001
6.132524e+003,1.016281e-001
6.136381e+003,1.011299e-001
6.140238e+003,9.872649e-002
6.144095e+003,1.006966e-001
6.147952e+003,1.019718e-001
6.151809e+003,1.008372e-001
6.155666e+003,9.962012e-002
6.159522e+003,1.009580e-001
6.163380e+003,1.005750e-001
6.167236e+003,9.969468e-002
6.171094e+003,1.002453e-001
6.174950e+003,1.009455e-001
6.178808e+003,1.009830e-001
6.182664e+003,1.004362e-001
6.186521e+003,9.975842e-002
6.190378e+003,9.834364e-002
6.194235e+003,9.961162e-002
6.198092e+003,9.987576e-002
6.201949e+003,1.003006e-001
6.205806e+003,1.005637e-001
6.209663e+003,9.964212e-002
6.213520e+003,9.953886e-002
6.217377e+003,1.005174e-001
6.221233e+003,1.018598e-001
6.225091e+003,1.011785e-001
6.228947e+003,9.978715e-002
6.232805e+003,9.870357e-002
6.236661e+003,9.843503e-002
6.240519e+003,9.878884e-002
6.244375e+003,1.003013e-001
6.248232e+003,1.011230e-001
6.252089e+003,1.010004e-001
6.255946e+003,1.005527e-001
6.259803e+003,1.006504e-001
6.263660e+003,1.009225e-001
6.267517e+003,1.009718e-001
6.271374e+003,1.018015e-001
6.275230e+003,1.013824e-001
6.279088e+003,1.007023e-001
6.282944e+003,1.002031e-001
6.286802e+003,1.006332e-001
6.290658e+003,1.005884e-001
6.294516e+003,1.000716e-001
6.298372e+003,9.839950e-002
6.302229e+003,9.836326e-002
6.306086e+003,9.895954e-002
6.309943e+003,9.931786e-002
6.313800e+003,1.005878e-001
6.317657e+003,1.003991e-001
6.321514e+003,1.004436e-001
6.325371e+003,1.016723e-001
6.329228e+003,1.005062e-001
6.333085e+003,9.925006e-002
6.336941e+003,1.001554e-001
6.340799e+003,1.012412e-001
6.344655e+003,1.015188e-001
6.348513e+003,1.013485e-001
6.352369e+003,1.012437e-001
6.356227e+003,1.012511e-001
6.360083e+003,1.008281e-001
6.363940e+003,1.000834e-001
6.367797e+003,1.013215e-001
6.371654e+003,1.005901e-001
6.375511e+003,9.956165e-002
6.379368e+003,9.891086e-002
6.383225e+003,9.842086e-002
6.387082e+003,9.936984e-002
6.390938e+003,1.004040e-001
6.394796e+003,1.016966e-001
6.398652e+003,1.022667e-001
6.402510e+003,1.002501e-001
6.406366e+003,1.004895e-001
6.410224e+003,1.014098e-001
6.414080e+003,1.033038e-001
6.417938e+003,1.026096e-001
6.421794e+003,9.985173e-002
6.425651e+003,1.004121e-001
6.429508e+003,1.016852e-001
6.433365e+003,1.018372e-001
6.437222e+003,1.015544e-001
6.441079e+003,1.034937e-001
6.444936e+003,1.037810e-001
6.448793e+003,1.026067e-001
6.452649e+003,1.011009e-001
6.456507e+003,1.023675e-001
6.460363e+003,1.051177e-001
6.464221e+003,1.057263e-001
6.468077e+003,1.055766e-001
6.471935e+003,1.044936e-001
6.475791e+003,1.031597e-001
6.479648e+003,1.020931e-001
6.483505e+003,1.041796e-001
6.487362e+003,1.057881e-001
6.491219e+003,1.054461e-001
6.495076e+003,1.048210e-001
6.498933e+003,1.056293e-001
6.502790e+003,1.046818e-001
6.506646e+003,1.048047e-001
6.510504e+003,1.049397e-001
6.514360e+003,1.053004e-001
6.518218e+003,1.053145e-001
6.522074e+003,1.054051e-001
6.525932e+003,1.055384e-001
6.529788e+003,1.044682e-001
6.533646e+003,1.052106e-001
6.537502e+003,1.068984e-001
6.541359e+003,1.060584e-001
6.545216e+003,1.068067e-001
6.549073e+003,1.078073e-001
6.552930e+003,1.065589e-001
6.556787e+003,1.069965e-001
6.560644e+003,1.090231e-001
6.564501e+003,1.090603e-001
6.568357e+003,1.064961e-001
6.572215e+003,1.061611e-001
6.576071e+003,1.082232e-001
6.579929e+003,1.086271e-001
6.583785e+003,1.084275e-001
6.587643e+003,1.085685e-001
6.591499e+003,1.089034e-001
6.595356e+003,1.099472e-001
6.599213e+003,1.102328e-001
6.603070e+003,1.095122e-001
6.606927e+003,1.084801e-001
6.610784e+003,1.099402e-001
6.614641e+003,1.094769e-001
6.618498e+003,1.096422e-001
6.622354e+003,1.091466e-001
6.626212e+003,1.094866e-001
6.630068e+003,1.097413e-001
6.633926e+003,1.090838e-001
6.637782e+003,1.088152e-001
6.641640e+003,1.088349e-001
6.645496e+003,1.098219e-001
6.649354e+003,1.097872e-001
6.653210e+003,1.105807e-001
6.657067e+003,1.105264e-001
6.660924e+003,1.102483e-001
6.664781e+003,1.095430e-001
6.668638e+003,1.089569e-001
6.672495e+003,1.079927e-001
6.676352e+003,1.080946e-001
6.680209e+003,1.095200e-001
6.684065e+003,1.092829e-001
6.687923e+003,1.085062e-001
6.691779e+003,1.070420e-001
6.695637e+003,1.073304e-001
6.699493e+003,1.072210e-001
6.703351e+003,1.068368e-001
6.707207e+003,1.080528e-001
6.711064e+003,1.087056e-001
6.714921e+003,1.087233e-001
6.718778e+003,1.062555e-001
6.722635e+003,1.062384e-001
6.726492e+003,1.053952e-001
6.730349e+003,1.038466e-001
6.734206e+003,1.048301e-001
6.738063e+003,1.052225e-001
6.741920e+003,1.034412e-001
6.745776e+003,1.018775e-001
6.749634e+003,1.032523e-001
6.753490e+003,1.031268e-001
6.757348e+003,1.024871e-001
6.761204e+003,1.027790e-001
6.765062e+003,1.022717e-001
6.768918e+003,1.015579e-001
6.772775e+003,1.028680e-001
6.776632e+003,1.032109e-001
6.780489e+003,1.022176e-001
6.784346e+003,1.031011e-001
6.788203e+003,1.024141e-001
6.792060e+003,1.012689e-001
6.795917e+003,1.008308e-001
6.799773e+003,1.008047e-001
6.803631e+003,1.011643e-001
6.807487e+003,1.024081e-001
6.811345e+003,1.022964e-001
6.815201e+003,1.019628e-001
6.819059e+003,1.013444e-001
6.822915e+003,1.007856e-001
6.826772e+003,9.941079e-002
6.830629e+003,9.741908e-002
6.834486e+003,9.825194e-002
6.838343e+003,9.987467e-002
6.842200e+003,9.896629e-002
6.846057e+003,9.740159e-002
6.849914e+003,9.858078e-002
6.853771e+003,9.877611e-002
6.857628e+003,9.785686e-002
6.861484e+003,9.846774e-002
6.865342e+003,9.811366e-002
6.869198e+003,9.770998e-002
6.873056e+003,9.730905e-002
6.876912e+003,9.844135e-002
6.880770e+003,9.969706e-002
6.884626e+003,9.881151e-002
6.888483e+003,9.785050e-002
6.892340e+003,9.803264e-002
6.896197e+003,9.840561e-002
6.900054e+003,9.847714e-002
6.903911e+003,9.903454e-002
6.907768e+003,9.730652e-002
6.911625e+003,9.730855e-002
6.915481e+003,9.759767e-002
6.919339e+003,9.874279e-002
6.923195e+003,9.885136e-002
6.927053e+003,9.702455e-002
6.930909e+003,9.709618e-002
6.934767e+003,9.704530e-002
6.938623e+003,9.681629e-002
6.942480e+003,9.836816e-002
6.946337e+003,9.728629e-002
6.950194e+003,9.798414e-002
6.954051e+003,9.869114e-002
6.957908e+003,9.807716e-002
6.961765e+003,9.778704e-002
6.965622e+003,9.679899e-002
6.969479e+003,9.673092e-002
6.973336e+003,9.719195e-002
6.977192e+003,9.705135e-002
6.981050e+003,9.553328e-002
6.984906e+003,9.679870e-002
6.988764e+003,9.758066e-002
6.992620e+003,9.800968e-002
6.996478e+003,9.540300e-002
7.000334e+003,9.339348e-002
7.004191e+003,9.367779e-002
7.008048e+003,9.442784e-002
7.011905e+003,9.505986e-002
7.015762e+003,9.559757e-002
7.019619e+003,9.610569e-002
7.023476e+003,9.568388e-002
7.027333e+003,9.429567e-002
7.031189e+003,9.396648e-002
7.035047e+003,9.308727e-002
7.038903e+003,9.356213e-002
7.042761e+003,9.557932e-002
7.046617e+003,9.531663e-002
7.050475e+003,9.491282e-002
7.054331e+003,9.247669e-002
7.058188e+003,9.188235e-002
7.062045e+003,9.472358e-002
7.065902e+003,9.512156e-002
7.069759e+003,9.349883e-002
7.073616e+003,9.255902e-002
7.077473e+003,9.263316e-002
7.081330e+003,9.334008e-002
7.085187e+003,9.377845e-002
7.089044e+003,9.358810e-002
7.092900e+003,9.480255e-002
7.096758e+003,9.384572e-002
7.100614e+003,9.269649e-002
7.104472e+003,9.198935e-002
7.108328e+003,9.008758e-002
7.112186e+003,9.118732e-002
7.116042e+003,9.036291e-002
7.119899e+003,8.976185e-002
7.123756e+003,9.035765e-002
7.127613e+003,9.062941e-002
7.131470e+003,9.080400e-002
7.135327e+003,9.115565e-002
7.139184e+003,8.968440e-002
7.143041e+003,9.064284e-002
7.146897e+003,9.157471e-002
7.150755e+003,9.190474e-002
7.154611e+003,9.028389e-002
7.158469e+003,9.019510e-002
7.162325e+003,9.165474e-002
7.166183e+003,9.176393e-002
7.170039e+003,9.026876e-002
7.173896e+003,9.126144e-002
7.177753e+003,9.193198e-002
7.181610e+003,9.165633e-002
7.185467e+003,8.945195e-002
7.189324e+003,8.803755e-002
7.193181e+003,8.862795e-002
7.197038e+003,8.878743e-002
7.200895e+003,8.988768e-002
7.204752e+003,8.951669e-002
7.208608e+003,9.016635e-002
7.212466e+003,8.957212e-002
7.216322e+003,8.870817e-002
7.220180e+003,8.887199e-002
7.224036e+003,8.829758e-002
7.227894e+003,8.705768e-002
7.231750e+003,8.798845e-002
7.235607e+003,8.925442e-002
7.239464e+003,8.898715e-002
7.243321e+003,8.829657e-002
7.247178e+003,8.837827e-002
7.251035e+003,8.666714e-002
7.254892e+003,8.565891e-002
7.258749e+003,8.674040e-002
7.262605e+003,8.701565e-002
7.266463e+003,8.677383e-002
7.270319e+003,8.641014e-002
7.274177e+003,8.595132e-002
7.278033e+003,8.547467e-002
7.281891e+003,8.656125e-002
7.285747e+003,8.535431e-002
7.289604e+003,8.496820e-002
7.293461e+003,8.328544e-002
7.297318e+003,8.213547e-002
7.301175e+003,8.450840e-002
7.305032e+003,8.513162e-002
7.308889e+003,8.398380e-002
7.312746e+003,8.439620e-002
7.316603e+003,8.434091e-002
7.320460e+003,8.404902e-002
7.324316e+003,8.400254e-002
7.328174e+003,8.437198e-002
7.332030e+003,8.373088e-002
7.335888e+003,8.311605e-002
7.339744e+003,8.390248e-002
7.343602e+003,8.569903e-002
7.347458e+003,8.401778e-002
7.351315e+003,8.295045e-002
7.355172e+003,8.242916e-002
7.359029e+003,8.336684e-002
7.362886e+003,8.325802e-002
7.366743e+003,8.261520e-002
7.370600e+003,8.240958e-002
7.374457e+003,8.300985e-002
7.378313e+003,8.218767e-002
7.382171e+003,8.129504e-002
7.386027e+003,8.177705e-002
7.389885e+003,8.101010e-002
7.393741e+003,7.859166e-002
7.397599e+003,7.888031e-002
7.401455e+003,7.933553e-002
7.405313e+003,7.919575e-002
7.409169e+003,7.828230e-002
7.413026e+003,7.835983e-002
7.416883e+003,7.855144e-002
7.420740e+003,7.743464e-002
7.424597e+003,7.761244e-002
7.428454e+003,7.843314e-002
7.432311e+003,7.838888e-002
7.436168e+003,7.788558e-002
7.440024e+003,7.787368e-002
7.443882e+003,7.829975e-002
7.447738e+003,8.010626e-002
7.451596e+003,8.005809e-002
7.455452e+003,7.758641e-002
7.459310e+003,7.769557e-002
7.463166e+003,7.834626e-002
7.467023e+003,7.744873e-002
7.470880e+003,7.655337e-002
7.474737e+003,7.750002e-002
7.478594e+003,7.677159e-002
7.482451e+003,7.689620e-002
7.486308e+003,7.865857e-002
7.490165e+003,7.859281e-002
7.494021e+003,7.757168e-002
7.497879e+003,7.644095e-002
7.501735e+003,7.632362e-002
7.505593e+003,7.678068e-002
7.509449e+003,7.712376e-002
7.513307e+003,7.739931e-002
7.517163e+003,7.602806e-002
7.521021e+003,7.556016e-002
7.524877e+003,7.676119e-002
7.528734e+003,7.623452e-002
7.532591e+003,7.638082e-002
7.536448e+003,7.654760e-002
7.540305e+003,7.798346e-002
7.544162e+003,7.809632e-002
7.548019e+003,7.691142e-002
7.551876e+003,7.612056e-002
7.555732e+003,7.669650e-002
7.559590e+003,7.636881e-002
7.563446e+003,7.562511e-002
7.567304e+003,7.646485e-002
7.571160e+003,7.582600e-002
7.575018e+003,7.450777e-002
7.578874e+003,7.604966e-002
7.582731e+003,7.720727e-002
7.586588e+003,7.761910e-002
7.590445e+003,7.691827e-002
7.594302e+003,7.600615e-002
7.598159e+003,7.705142e-002
7.602016e+003,7.490717e-002
7.605873e+003,7.462607e-002
7.609729e+003,7.671034e-002
7.613587e+003,7.748691e-002
7.617443e+003,7.648011e-002
7.621301e+003,7.599542e-002
7.625157e+003,7.603655e-002
7.629015e+003,7.600711e-002
7.632871e+003,7.628132e-002
7.636729e+003,7.527564e-002
7.640585e+003,7.558583e-002
7.644442e+003,7.532510e-002
7.648299e+003,7.703837e-002
7.652156e+003,7.827611e-002
7.656013e+003,7.837325e-002
7.659870e+003,7.690462e-002
7.663727e+003,7.660052e-002
7.667584e+003,7.560413e-002
7.671440e+003,7.515961e-002
7.675298e+003,7.571299e-002
7.679154e+003,7.631145e-002
7.683012e+003,7.562108e-002
7.686868e+003,7.521276e-002
7.690726e+003,7.515847e-002
7.694582e+003,7.552310e-002
7.698439e+003,7.703873e-002
7.702296e+003,7.756078e-002
7.706153e+003,7.792791e-002
7.710010e+003,7.575393e-002
7.713867e+003,7.552940e-002
7.717724e+003,7.723632e-002
7.721581e+003,7.844763e-002
7.725438e+003,7.723600e-002
7.729295e+003,7.582419e-002
7.733151e+003,7.764208e-002
7.737009e+003,7.768641e-002
7.740865e+003,7.689295e-002
7.744723e+003,7.661507e-002
7.748579e+003,7.693630e-002
7.752437e+003,7.676336e-002
7.756293e+003,7.570505e-002
7.760150e+003,7.483143e-002
7.764007e+003,7.656547e-002
7.767864e+003,7.815574e-002
7.771721e+003,7.721985e-002
7.775578e+003,7.542837e-002
7.779435e+003,7.560109e-002
7.783292e+003,7.773948e-002
7.787148e+003,7.749765e-002
7.791006e+003,7.589234e-002
7.794862e+003,7.615530e-002
7.798720e+003,7.783701e-002
7.802576e+003,7.770595e-002
7.806434e+003,7.755908e-002
7.810290e+003,7.860894e-002
7.814147e+003,7.806495e-002
7.818004e+003,7.796998e-002
7.821861e+003,7.872386e-002
7.825718e+003,7.872216e-002
7.829575e+003,7.908689e-002
7.833432e+003,7.969055e-002
7.837289e+003,7.902544e-002
7.841146e+003,7.846783e-002
7.845003e+003,7.771883e-002
7.848859e+003,7.728540e-002
7.852717e+003,7.765852e-002
7.856573e+003,7.589304e-002
7.860431e+003,7.672932e-002
7.864287e+003,7.719907e-002
7.868145e+003,7.705946e-002
7.872001e+003,7.766640e-002
7.875858e+003,7.662009e-002
7.879715e+003,7.656749e-002
7.883572e+003,7.699706e-002
7.887429e+003,7.788149e-002
7.891286e+003,7.755413e-002
7.895143e+003,7.557511e-002
7.899000e+003,7.643653e-002
7.902856e+003,7.682888e-002
7.906714e+003,7.567831e-002
7.910570e+003,7.733149e-002
7.914428e+003,7.822901e-002
7.918284e+003,7.779710e-002
7.922142e+003,7.802982e-002
7.925998e+003,7.967877e-002
7.929855e+003,7.977455e-002
7.933712e+003,7.846307e-002
7.937569e+003,7.745978e-002
7.941426e+003,7.758186e-002
7.945283e+003,7.825230e-002
7.949140e+003,7.650461e-002
7.952997e+003,7.567886e-002
7.956854e+003,7.760103e-002
7.960711e+003,7.759121e-002
7.964567e+003,7.701997e-002
7.968425e+003,7.575965e-002
7.972281e+003,7.648224e-002
7.976139e+003,7.672924e-002
7.979995e+003,7.765812e-002
7.983853e+003,7.787304e-002
7.987709e+003,7.891408e-002
7.991566e+003,7.871123e-002
7.995423e+003,7.668310e-002
7.999280e+003,7.556020e-002
8.003137e+003,7.506941e-002
8.006994e+003,7.713140e-002
8.010851e+003,7.873960e-002
8.014708e+003,8.041617e-002
8.018564e+003,8.023653e-002
8.022422e+003,7.924017e-002
8.026278e+003,7.918581e-002
8.030136e+003,7.856879e-002
8.033992e+003,7.745741e-002
8.037850e+003,7.900894e-002
8.041706e+003,8.142988e-002
8.045563e+003,7.983165e-002
8.049420e+003,7.610658e-002
8.053277e+003,7.733608e-002
8.057134e+003,7.866020e-002
8.060991e+003,7.910303e-002
8.064848e+003,7.818446e-002
8.068705e+003,7.766129e-002
8.072562e+003,7.868121e-002
8.076419e+003,7.774787e-002
8.080275e+003,7.754807e-002
8.084133e+003,7.712886e-002
8.087989e+003,7.853556e-002
8.091847e+003,7.945364e-002
8.095703e+003,7.839718e-002
8.099561e+003,7.831563e-002
8.103417e+003,7.791313e-002
8.107274e+003,7.803334e-002
8.111131e+003,7.892692e-002
8.114988e+003,7.773951e-002
8.118845e+003,7.848617e-002
8.122702e+003,7.862831e-002
8.126559e+003,7.869670e-002
8.130416e+003,7.857173e-002
8.134272e+003,7.774233e-002
8.138130e+003,7.769838e-002
8.141986e+003,7.851654e-002
8.145844e+003,7.952844e-002
8.149700e+003,8.048484e-002
8.153558e+003,7.968195e-002
8.157414e+003,7.746925e-002
8.161271e+003,7.878734e-002
8.165128e+003,7.747111e-002
8.168985e+003,7.644617e-002
8.172842e+003,7.865472e-002
8.176699e+003,8.097704e-002
8.180556e+003,8.119214e-002
8.184413e+003,8.080029e-002
8.188270e+003,8.277357e-002
8.192127e+003,8.346834e-002
8.195983e+003,8.316291e-002
8.199841e+003,8.128645e-002
8.203697e+003,8.056453e-002
8.207555e+003,8.130152e-002
8.211411e+003,8.019692e-002
8.215269e+003,8.335504e-002
8.219125e+003,8.321937e-002
8.222982e+003,8.212086e-002
8.226839e+003,8.237012e-002
8.230696e+003,8.209196e-002
8.234553e+003,8.215957e-002
8.238410e+003,8.133021e-002
8.242267e+003,8.255168e-002
8.246124e+003,8.333465e-002
8.249980e+003,8.390095e-002
8.253838e+003,8.609201e-002
8.257694e+003,8.525954e-002
8.261552e+003,8.295979e-002
8.265408e+003,8.240637e-002
8.269266e+003,8.345533e-002
8.273122e+003,8.303528e-002
8.276979e+003,8.379513e-002
8.280836e+003,8.255284e-002
8.284693e+003,8.173093e-002
8.288550e+003,8.328199e-002
8.292407e+003,8.397709e-002
8.296264e+003,8.467963e-002
8.300121e+003,8.554406e-002
8.303978e+003,8.634243e-002
8.307835e+003,8.715093e-002
8.311691e+003,8.481644e-002
8.315549e+003,8.538532e-002
8.319405e+003,8.655648e-002
8.323263e+003,8.402670e-002
8.327119e+003,8.344674e-002
8.330977e+003,8.507616e-002
8.334833e+003,8.535960e-002
8.338690e+003,8.422955e-002
8.342547e+003,8.383733e-002
8.346404e+003,8.464263e-002
8.350261e+003,8.705748e-002
8.354118e+003,8.745157e-002
8.357975e+003,8.511647e-002
8.361832e+003,8.319236e-002
8.365688e+003,8.417183e-002
8.369546e+003,8.289198e-002
8.373402e+003,8.390187e-002
8.377260e+003,8.396949e-002
8.381116e+003,8.455583e-002
8.384974e+003,8.486788e-002
8.388830e+003,8.195660e-002
8.392688e+003,8.278400e-002
8.396544e+003,8.560637e-002
8.400401e+003,8.618720e-002
8.404258e+003,8.621169e-002
8.408115e+003,8.611701e-002
8.411972e+003,8.749558e-002
8.415829e+003,8.834022e-002
8.419686e+003,8.698477e-002
8.423543e+003,8.551852e-002
8.427399e+003,8.631381e-002
8.431257e+003,8.788971e-002
8.435113e+003,8.511276e-002
8.438971e+003,8.260935e-002
8.442827e+003,8.426370e-002
8.446685e+003,8.643149e-002
8.450541e+003,8.681340e-002
8.454398e+003,8.462942e-002
8.458255e+003,8.375920e-002
8.462112e+003,8.576418e-002
8.465969e+003,8.533399e-002
8.469826e+003,8.403494e-002
8.473683e+003,8.444981e-002
8.477540e+003,8.639300e-002
8.481396e+003,8.635735e-002
8.485254e+003,8.616465e-002
8.489110e+003,8.670444e-002
8.492968e+003,8.645461e-002
8.496824e+003,8.480826e-002
8.500682e+003,8.326910e-002
8.504538e+003,8.230031e-002
8.508396e+003,8.305831e-002
8.512252e+003,8.414010e-002
8.516109e+003,8.477665e-002
8.519966e+003,8.357614e-002
8.523823e+003,8.111396e-002
8.527680e+003,8.049772e-002
8.531537e+003,8.209500e-002
8.535394e+003,8.184509e-002
8.539251e+003,8.153360e-002
8.543107e+003,8.320328e-002
8.546965e+003,8.334910e-002
8.550821e+003,8.219180e-002
8.554679e+003,8.282296e-002
8.558535e+003,8.271328e-002
8.562393e+003,8.224937e-002
8.566249e+003,8.391840e-002
8.570106e+003,8.559833e-002
8.573963e+003,8.289374e-002
8.577820e+003,8.193836e-002
8.581677e+003,8.471224e-002
8.585534e+003,8.571154e-002
8.589391e+003,8.363434e-002
8.593248e+003,8.063853e-002
8.597104e+003,7.983926e-002
8.600962e+003,7.915853e-002
8.604818e+003,8.148755e-002
8.608676e+003,8.212870e-002
8.612532e+003,8.121766e-002
8.616390e+003,7.921519e-002
8.620246e+003,7.646252e-002
8.624104e+003,7.921571e-002
8.627960e+003,8.112335e-002
8.631817e+003,8.000921e-002
8.635674e+003,8.043113e-002
8.639531e+003,7.916517e-002
8.643388e+003,7.878702e-002
8.647245e+003,7.906038e-002
8.651102e+003,7.780122e-002
8.654959e+003,7.908900e-002
8.658815e+003,8.114772e-002
8.662673e+003,7.977256e-002
8.666529e+003,7.941266e-002
8.670387e+003,7.927544e-002
8.674243e+003,7.860830e-002
8.678101e+003,7.995025e-002
8.681957e+003,8.176817e-002
8.685814e+003,8.107024e-002
8.689671e+003,8.049852e-002
8.693528e+003,7.757805e-002
8.697385e+003,7.465916e-002
8.701242e+003,7.585793e-002
8.705099e+003,7.788771e-002
8.708956e+003,8.017026e-002
8.712813e+003,8.016324e-002
8.716670e+003,7.870341e-002
8.720526e+003,7.735199e-002
8.724384e+003,7.794742e-002
8.728240e+003,7.775564e-002
8.732098e+003,7.661381e-002
8.735954e+003,7.702555e-002
8.739812e+003,7.754819e-002
8.743668e+003,7.806063e-002
8.747525e+003,7.750022e-002
8.751382e+003,7.659586e-002
8.755239e+003,7.651290e-002
8.759096e+003,7.778180e-002
8.762953e+003,7.805234e-002
8.766810e+003,7.878552e-002
8.770667e+003,7.964971e-002
8.774523e+003,7.793810e-002
8.778381e+003,7.544023e-002
8.782237e+003,7.707014e-002
8.786095e+003,7.795297e-002
8.789951e+003,8.146621e-002
8.793809e+003,8.074270e-002
8.797665e+003,7.805083e-002
8.801522e+003,7.595015e-002
8.805379e+003,7.658353e-002
8.809236e+003,8.045764e-002
8.813093e+003,7.881797e-002
8.816950e+003,7.697760e-002
8.820807e+003,7.705926e-002
8.824664e+003,7.832265e-002
8.828521e+003,7.925344e-002
8.832378e+003,7.799960e-002
8.836234e+003,7.783392e-002
8.840092e+003,7.601555e-002
8.843948e+003,7.624099e-002
8.847806e+003,7.774669e-002
8.851662e+003,7.633057e-002
8.855520e+003,7.406311e-002
8.859376e+003,7.282783e-002
8.863233e+003,7.294755e-002
8.867090e+003,7.422830e-002
8.870947e+003,7.469375e-002
8.874804e+003,7.736059e-002
8.878661e+003,7.766209e-002
8.882518e+003,7.595844e-002
8.886375e+003,7.841016e-002
8.890231e+003,7.964449e-002
8.894089e+003,7.703983e-002
8.897945e+003,7.411157e-002
8.901803e+003,7.374384e-002
8.905659e+003,7.684624e-002
8.909517e+003,7.576773e-002
8.913373e+003,7.489327e-002
8.917230e+003,7.731735e-002
8.921087e+003,7.427049e-002
8.924944e+003,7.471787e-002
8.928801e+003,7.604792e-002
8.932658e+003,7.758467e-002
8.936515e+003,7.701427e-002
8.940372e+003,7.367121e-002
8.944229e+003,7.353099e-002
8.948086e+003,7.565571e-002
8.951942e+003,7.612364e-002
8.955800e+003,7.857475e-002
8.959656e+003,7.959893e-002
8.963514e+003,7.757853e-002
8.967370e+003,7.684960e-002
8.971228e+003,7.629649e-002
8.975084e+003,7.515831e-002
8.978941e+003,7.492382e-002
8.982798e+003,7.649564e-002
8.986655e+003,7.580806e-002
8.990512e+003,7.631391e-002
8.994369e+003,7.643202e-002
8.998226e+003,7.750268e-002
9.002083e+003,7.599424e-002
9.005939e+003,7.470623e-002
9.009797e+003,7.580013e-002
9.013653e+003,7.553662e-002
9.017511e+003,7.637604e-002
9.021367e+003,7.643625e-002
9.025225e+003,7.653966e-002
9.029081e+003,7.803775e-002
9.032938e+003,7.689920e-002
9.036795e+003,7.415449e-002
9.040652e+003,7.430276e-002
9.044509e+003,7.227647e-002
9.048366e+003,7.238226e-002
9.052223e+003,7.436977e-002
9.056080e+003,7.327608e-002
9.059937e+003,7.319400e-002
9.063794e+003,7.387482e-002
9.067650e+003,7.703944e-002
9.071508e+003,7.665148e-002
9.075364e+003,7.491126e-002
9.079222e+003,7.510261e-002
9.083078e+003,7.516150e-002
9.086936e+003,7.588156e-002
9.090792e+003,7.711719e-002
9.094649e+003,7.634949e-002
9.098506e+003,7.717466e-002
9.102363e+003,7.843854e-002
9.106220e+003,8.096642e-002
9.110077e+003,7.839417e-002
9.113934e+003,7.654049e-002
9.117791e+003,7.616580e-002
9.121647e+003,7.497135e-002
9.125505e+003,7.690822e-002
9.129361e+003,7.915443e-002
9.133219e+003,7.544437e-002
9.137075e+003,7.322227e-002
9.140933e+003,7.520484e-002
9.144789e+003,7.598753e-002
9.148646e+003,7.684759e-002
9.152503e+003,7.609675e-002
9.156360e+003,7.510947e-002
9.160217e+003,7.527466e-002
9.164074e+003,7.463712e-002
9.167931e+003,7.812651e-002
9.171788e+003,8.088773e-002
9.175645e+003,7.951042e-002
9.179502e+003,7.510663e-002
9.183358e+003,7.069109e-002
9.187216e+003,7.207213e-002
9.191072e+003,7.610911e-002
9.194930e+003,7.627310e-002
9.198786e+003,7.723058e-002
9.202644e+003,7.522466e-002
9.206500e+003,7.307319e-002
9.210357e+003,7.513771e-002
9.214214e+003,7.553883e-002
9.218071e+003,7.500376e-002
9.221928e+003,7.626259e-002
9.225785e+003,7.574999e-002
9.229642e+003,7.369790e-002
9.233499e+003,7.669290e-002
9.237355e+003,7.713179e-002
9.241213e+003,7.537259e-002
9.245069e+003,7.564163e-002
9.248927e+003,7.723054e-002
9.252783e+003,7.600927e-002
9.256641e+003,7.688880e-002
9.260497e+003,7.525464e-002
9.264354e+003,7.640895e-002
9.268211e+003,7.633543e-002
9.272068e+003,7.631461e-002
9.275925e+003,7.682192e-002
9.279782e+003,7.444303e-002
9.283639e+003,7.591653e-002
9.287496e+003,7.468466e-002
9.291353e+003,7.303649e-002
9.295210e+003,7.655946e-002
9.299066e+003,7.781133e-002
9.302924e+003,7.340958e-002
9.306780e+003,7.072603e-002
9.310638e+003,7.505259e-002
9.314494e+003,7.871108e-002
9.318352e+003,7.904015e-002
9.322208e+003,7.622816e-002
9.326065e+003,7.681132e-002
9.329922e+003,7.660381e-002
9.333779e+003,7.613726e-002
9.337636e+003,7.663298e-002
9.341493e+003,7.628499e-002
9.345350e+003,7.714251e-002
9.349207e+003,7.860699e-002
9.353063e+003,7.806892e-002
9.356921e+003,7.656369e-002
9.360777e+003,7.912044e-002
9.364635e+003,7.885635e-002
9.368491e+003,7.834043e-002
9.372349e+003,7.471763e-002
9.376205e+003,7.533393e-002
9.380063e+003,7.732792e-002
9.383919e+003,7.716990e-002
9.387776e+003,7.722622e-002
9.391633e+003,7.770433e-002
9.395490e+003,8.174729e-002
9.399347e+003,8.088941e-002
9.403204e+003,7.739230e-002
9.407061e+003,7.548383e-002
9.410918e+003,7.648465e-002
9.414774e+003,7.637312e-002
9.418632e+003,7.221277e-002
9.422488e+003,7.115073e-002
9.426346e+003,7.529830e-002
9.430202e+003,7.748652e-002
9.434060e+003,7.994519e-002
9.437916e+003,8.179133e-002
9.441773e+003,8.027592e-002
9.445630e+003,7.642807e-002
9.449487e+003,7.762714e-002
9.453344e+003,7.688006e-002
9.457201e+003,7.731616e-002
9.461058e+003,7.919694e-002
9.464915e+003,7.771911e-002
9.468771e+003,7.713840e-002
9.472629e+003,7.610998e-002
9.476485e+003,7.717355e-002
9.480343e+003,8.032578e-002
9.484199e+003,7.833031e-002
9.488057e+003,7.669753e-002
9.491913e+003,7.712407e-002
9.495771e+003,7.790761e-002
9.499627e+003,8.141533e-002
9.503484e+003,8.027624e-002
9.507341e+003,7.750189e-002
9.511198e+003,7.630260e-002
9.515055e+003,7.506661e-002
9.518912e+003,7.506078e-002
9.522769e+003,7.692701e-002
9.526626e+003,7.710496e-002
9.530482e+003,7.928140e-002
9.534340e+003,8.011391e-002
9.538196e+003,7.821453e-002
9.542054e+003,8.029278e-002
9.545910e+003,7.894488e-002
9.549768e+003,7.524085e-002
9.553624e+003,7.587138e-002
9.557481e+003,7.810564e-002
9.561338e+003,7.875755e-002
9.565195e+003,7.819057e-002
9.569052e+003,7.964700e-002
9.572909e+003,7.839639e-002
9.576766e+003,7.761470e-002
9.580623e+003,7.917567e-002
9.584479e+003,7.615680e-002
9.588337e+003,7.587761e-002
9.592193e+003,8.171745e-002
9.596051e+003,8.299357e-002
9.599907e+003,7.996563e-002
9.603765e+003,7.668520e-002
9.607621e+003,7.803351e-002
9.611479e+003,7.913674e-002
9.615335e+003,7.890530e-002
9.619192e+003,7.882448e-002
9.623049e+003,7.894297e-002
9.626906e+003,7.830428e-002
9.630763e+003,7.745832e-002
9.634620e+003,7.448500e-002
9.638477e+003,7.663032e-002
9.642334e+003,7.593456e-002
9.646190e+003,7.403671e-002
9.650048e+003,7.565216e-002
9.653904e+003,7.707663e-002
9.657762e+003,7.930980e-002
9.661618e+003,7.642222e-002
9.665476e+003,7.642819e-002
9.669332e+003,7.797197e-002
9.673189e+003,8.016583e-002
9.677046e+003,7.895342e-002
9.680903e+003,7.638445e-002
9.684760e+003,7.730936e-002
9.688617e+003,8.069789e-002
9.692474e+003,8.181645e-002
9.696331e+003,8.041477e-002
9.700188e+003,7.779714e-002
9.704045e+003,8.003331e-002
9.707901e+003,7.960688e-002
9.711759e+003,7.461403e-002
9.715615e+003,7.323043e-002
9.719473e+003,7.668156e-002
9.723329e+003,7.687602e-002
9.727187e+003,7.789516e-002
9.731043e+003,7.705332e-002
9.734900e+003,7.803585e-002
9.738757e+003,7.803696e-002
9.742614e+003,8.022047e-002
9.746471e+003,8.104764e-002
9.750328e+003,7.764081e-002
9.754185e+003,8.014476e-002
9.758042e+003,8.236163e-002
9.761898e+003,7.992397e-002
9.765756e+003,7.629830e-002
9.769612e+003,7.652108e-002
9.773470e+003,7.747293e-002
9.777326e+003,7.691205e-002
9.781184e+003,8.031654e-002
9.785040e+003,8.107423e-002
9.788897e+003,7.768685e-002
9.792754e+003,7.731300e-002
9.796611e+003,8.199554e-002
9.800468e+003,8.154995e-002
9.804325e+003,8.052871e-002
9.808182e+003,8.099018e-002
9.812039e+003,7.807292e-002
9.815896e+003,7.817672e-002
9.819753e+003,8.125773e-002
9.823609e+003,7.701270e-002
9.827467e+003,7.826643e-002
9.831323e+003,7.936894e-002
9.835181e+003,8.044308e-002
9.839037e+003,8.263359e-002
9.842895e+003,7.920513e-002
9.846751e+003,7.771689e-002
9.850608e+003,8.011658e-002
9.854465e+003,7.914291e-002
9.858322e+003,7.922501e-002
9.862179e+003,8.032232e-002
9.866036e+003,8.244976e-002
9.869893e+003,7.873292e-002
9.873750e+003,7.762381e-002
9.877606e+003,8.054785e-002
9.881464e+003,7.669231e-002
9.885320e+003,7.333214e-002
9.889178e+003,7.954396e-002
9.893034e+003,8.075710e-002
9.896892e+003,8.118258e-002
9.900748e+003,7.777067e-002
9.904605e+003,7.705072e-002
9.908462e+003,7.873936e-002
9.912319e+003,7.753595e-002
9.916176e+003,7.889779e-002
9.920033e+003,8.105858e-002
9.923890e+003,8.364185e-002
9.927747e+003,8.281732e-002
9.931604e+003,8.151598e-002
9.935461e+003,8.073688e-002
9.939317e+003,7.860000e-002
9.943175e+003,7.500312e-002
9.947031e+003,7.724764e-002
9.950889e+003,8.600160e-002
9.954745e+003,8.909815e-002
9.958603e+003,8.534165e-002
9.962459e+003,7.760436e-002
9.966316e+003,7.332892e-002
9.970173e+003,7.769351e-002
9.974030e+003,7.932805e-002
9.977887e+003,7.524254e-002
9.981744e+003,7.377165e-002
9.985601e+003,7.546329e-002
9.989458e+003,7.724032e-002
9.993314e+003,7.459876e-002
9.997172e+003,8.001383e-002
1.000103e+004,8.685055e-002
