3.999640e+003,4.380613e-001
4.003497e+003,4.544508e-001
4.007354e+003,5.711515e-001
4.011211e+003,5.770550e-001
4.015068e+003,5.969067e-001
4.018925e+003,4.929373e-001
4.022781e+003,4.406502e-001
4.026638e+003,5.218757e-001
4.030495e+003,5.698130e-001
4.034352e+003,5.442262e-001
4.038209e+003,5.620155e-001
4.042066e+003,4.760392e-001
4.045923e+003,4.655920e-001
4.049780e+003,5.977032e-001
4.053637e+003,5.318182e-001
4.057494e+003,5.197440e-001
4.061351e+003,5.657048e-001
4.065208e+003,5.601724e-001
4.069065e+003,5.478870e-001
4.072922e+003,6.272300e-001
4.076779e+003,9.125066e-001
4.080635e+003,1.044458e+000
4.084492e+003,8.285613e-001
4.088349e+003,1.009115e+000
4.092206e+003,9.143648e-001
4.096063e+003,8.188686e-001
4.099920e+003,8.782547e-001
4.103777e+003,9.757697e-001
4.107634e+003,1.053539e+000
4.111491e+003,1.010297e+000
4.115348e+003,9.867589e-001
4.119205e+003,1.024849e+000
4.123062e+003,9.686033e-001
4.126919e+003,9.321876e-001
4.130775e+003,9.622902e-001
4.134633e+003,9.335102e-001
4.138489e+003,8.830859e-001
4.142347e+003,8.956958e-001
4.146203e+003,9.306548e-001
4.150061e+003,8.749551e-001
4.153917e+003,9.356518e-001
4.157774e+003,9.599324e-001
4.161631e+003,9.650218e-001
4.165488e+003,9.359378e-001
4.169345e+003,8.907933e-001
4.173202e+003,9.087574e-001
4.177059e+003,9.128812e-001
4.180916e+003,9.246295e-001
4.184772e+003,8.834866e-001
4.188630e+003,8.919884e-001
4.192486e+003,9.132044e-001
4.196344e+003,8.968570e-001
4.200200e+003,8.987324e-001
4.204058e+003,9.202114e-001
4.207914e+003,9.104363e-001
4.211771e+003,9.000924e-001
4.215628e+003,9.221669e-001
4.219485e+003,9.322379e-001
4.223342e+003,9.053077e-001
4.227199e+003,8.943929e-001
4.231056e+003,8.997210e-001
4.234913e+003,9.076754e-001
4.238770e+003,9.065152e-001
4.242627e+003,9.132841e-001
4.246483e+003,9.201118e-001
4.250341e+003,9.148912e-001
4.254197e+003,9.129372e-001
4.258055e+003,9.109691e-001
4.261911e+003,9.137555e-001
4.265769e+003,9.175115e-001
4.269625e+003,9.082631e-001
4.273482e+003,9.074775e-001
4.277339e+003,9.150575e-001
4.281196e+003,9.036987e-001
4.285053e+003,9.041168e-001
4.288910e+003,9.087839e-001
4.292767e+003,9.133519e-001
4.296624e+003,9.137048e-001
4.300480e+003,9.166824e-001
4.304338e+003,9.048451e-001
4.308194e+003,9.082104e-001
4.312052e+003,9.166923e-001
4.315908e+003,9.067529e-001
4.319766e+003,9.095452e-001
4.323622e+003,9.146773e-001
4.327479e+003,9.092713e-001
4.331336e+003,9.023982e-001
4.335193e+003,8.953915e-001
4.339050e+003,8.952960e-001
4.342907e+003,9.001510e-001
4.346764e+003,8.892671e-001
4.350621e+003,8.773617e-001
4.354478e+003,8.762002e-001
4.358335e+003,8.791336e-001
4.362191e+003,8.827456e-001
4.366049e+003,8.846316e-001
4.369905e+003,8.793857e-001
4.373763e+003,8.739827e-001
4.377619e+003,8.757451e-001
4.381477e+003,8.746997e-001
4.385333e+003,8.711566e-001
4.389190e+003,8.659651e-001
4.393047e+003,8.647488e-001
4.396904e+003,8.597206e-001
4.400761e+003,8.557861e-001
4.404618e+003,8.544161e-001
4.408475e+003,8.553126e-001
4.412332e+003,8.490133e-001
4.416188e+003,8.383634e-001
4.420046e+003,8.396598e-001
4.423902e+003,8.384995e-001
4.427760e+003,8.367013e-001
4.431616e+003,8.336876e-001
4.435474e+003,8.267343e-001
4.439330e+003,8.217530e-001
4.443188e+003,8.168926e-001
4.447044e+003,8.131643e-001
4.450901e+003,8.082755e-001
4.454758e+003,8.036963e-001
4.458615e+003,7.999170e-001
4.462472e+003,7.994928e-001
4.466329e+003,8.003741e-001
4.470186e+003,8.026979e-001
4.474043e+003,7.959380e-001
4.477899e+003,7.903429e-001
4.481757e+003,7.954922e-001
4.485613e+003,8.032089e-001
4.489471e+003,8.010502e-001
4.493327e+003,8.024572e-001
4.497185e+003,8.067703e-001
4.501041e+003,8.055513e-001
4.504898e+003,8.010260e-001
4.508755e+003,7.992992e-001
4.512612e+003,7.984395e-001
4.516469e+003,8.018579e-001
4.520326e+003,8.046682e-001
4.524183e+003,8.095533e-001
4.528040e+003,8.128955e-001
4.531896e+003,8.055792e-001
4.535754e+003,8.079507e-001
4.539610e+003,8.139505e-001
4.543468e+003,8.123446e-001
4.547324e+003,8.138731e-001
4.551182e+003,8.222420e-001
4.555038e+003,8.285654e-001
4.558896e+003,8.292776e-001
4.562752e+003,8.313454e-001
4.566609e+003,8.391510e-001
4.570466e+003,8.447302e-001
4.574323e+003,8.453003e-001
4.578180e+003,8.482953e-001
4.582037e+003,8.511916e-001
4.585894e+003,8.535789e-001
4.589751e+003,8.547695e-001
4.593607e+003,8.557321e-001
4.597465e+003,8.567947e-001
4.601321e+003,8.579402e-001
4.605179e+003,8.595751e-001
4.609035e+003,8.607477e-001
4.612893e+003,8.615258e-001
4.616749e+003,8.629158e-001
4.620606e+003,8.665285e-001
4.624463e+003,8.661150e-001
4.628320e+003,8.658538e-001
4.632177e+003,8.672020e-001
4.636034e+003,8.710201e-001
4.639891e+003,8.709634e-001
4.643748e+003,8.674862e-001
4.647604e+003,8.655951e-001
4.651462e+003,8.685980e-001
4.655318e+003,8.730436e-001
4.659176e+003,8.729555e-001
4.663032e+003,8.721929e-001
4.666890e+003,8.721824e-001
4.670746e+003,8.732154e-001
4.674604e+003,8.749607e-001
4.678460e+003,8.764902e-001
4.682317e+003,8.780265e-001
4.686174e+003,8.781018e-001
4.690031e+003,8.773408e-001
4.693888e+003,8.794603e-001
4.697745e+003,8.804061e-001
4.701602e+003,8.808461e-001
4.705459e+003,8.819848e-001
4.709315e+003,8.799145e-001
4.713173e+003,8.792741e-001
4.717029e+003,8.814532e-001
4.720887e+003,8.828629e-001
4.724743e+003,8.826655e-001
4.728601e+003,8.822016e-001
4.732457e+003,8.844200e-001
4.736314e+003,8.851113e-001
4.740171e+003,8.833120e-001
4.744028e+003,8.823622e-001
4.747885e+003,8.832588e-001
4.751742e+003,8.846419e-001
4.755599e+003,8.847955e-001
4.759456e+003,8.854765e-001
4.763313e+003,8.828595e-001
4.767170e+003,8.811198e-001
4.771026e+003,8.801389e-001
4.774884e+003,8.794389e-001
4.778740e+003,8.800439e-001
4.782598e+003,8.794435e-001
4.786454e+003,8.792182e-001
4.790312e+003,8.798181e-001
4.794168e+003,8.796936e-001
4.798025e+003,8.780739e-001
4.801882e+003,8.764517e-001
4.805739e+003,8.770385e-001
4.809596e+003,8.767558e-001
4.813453e+003,8.758299e-001
4.817310e+003,8.765252e-001
4.821167e+003,8.755801e-001
4.825023e+003,8.743618e-001
4.828881e+003,8.746938e-001
4.832737e+003,8.759379e-001
4.836595e+003,8.740818e-001
4.840451e+003,8.732921e-001
4.844309e+003,8.737246e-001
4.848165e+003,8.723119e-001
4.852022e+003,8.719084e-001
4.855879e+003,8.725780e-001
4.859736e+003,8.699150e-001
4.863593e+003,8.673500e-001
4.867450e+003,8.668565e-001
4.871307e+003,8.667688e-001
4.875164e+003,8.659087e-001
4.879021e+003,8.644372e-001
4.882878e+003,8.634976e-001
4.886734e+003,8.623846e-001
4.890592e+003,8.612846e-001
4.894448e+003,8.613884e-001
4.898306e+003,8.602220e-001
4.902162e+003,8.584832e-001
4.906020e+003,8.565741e-001
4.909876e+003,8.559024e-001
4.913733e+003,8.544022e-001
4.917590e+003,8.521953e-001
4.921447e+003,8.526555e-001
4.925304e+003,8.515441e-001
4.929161e+003,8.510408e-001
4.933018e+003,8.511912e-001
4.936875e+003,8.504608e-001
4.940731e+003,8.488798e-001
4.944589e+003,8.483576e-001
4.948445e+003,8.473955e-001
4.952303e+003,8.464432e-001
4.956159e+003,8.463389e-001
4.960017e+003,8.475625e-001
4.963873e+003,8.483673e-001
4.967730e+003,8.494304e-001
4.971587e+003,8.499555e-001
4.975444e+003,8.510526e-001
4.979301e+003,8.527156e-001
4.983158e+003,8.525333e-001
4.987015e+003,8.533459e-001
4.990872e+003,8.542156e-001
4.994729e+003,8.543540e-001
4.998586e+003,8.566800e-001
5.002442e+003,8.601139e-001
5.006300e+003,8.630410e-001
5.010156e+003,8.656174e-001
5.014014e+003,8.666519e-001
5.017870e+003,8.678406e-001
5.021728e+003,8.698035e-001
5.025584e+003,8.708868e-001
5.029441e+003,8.726551e-001
5.033298e+003,8.771015e-001
5.037155e+003,8.790452e-001
5.041012e+003,8.798746e-001
5.044869e+003,8.810988e-001
5.048726e+003,8.830466e-001
5.052583e+003,8.861010e-001
5.056439e+003,8.886669e-001
5.060297e+003,8.911455e-001
5.064153e+003,8.926897e-001
5.068011e+003,8.945138e-001
5.071867e+003,8.960444e-001
5.075725e+003,8.960791e-001
5.079581e+003,8.986295e-001
5.083438e+003,9.021301e-001
5.087295e+003,9.033433e-001
5.091152e+003,9.048945e-001
5.095009e+003,9.057159e-001
5.098866e+003,9.095731e-001
5.102723e+003,9.136515e-001
5.106580e+003,9.154085e-001
5.110437e+003,9.179488e-001
5.114294e+003,9.193636e-001
5.118150e+003,9.208092e-001
5.122008e+003,9.231187e-001
5.125864e+003,9.260796e-001
5.129722e+003,9.284707e-001
5.133578e+003,9.304883e-001
5.137436e+003,9.324822e-001
5.141292e+003,9.367512e-001
5.145149e+003,9.397448e-001
5.149006e+003,9.408316e-001
5.152863e+003,9.426651e-001
5.156720e+003,9.427270e-001
5.160577e+003,9.436941e-001
5.164434e+003,9.452981e-001
5.168291e+003,9.445390e-001
5.172147e+003,9.448394e-001
5.176005e+003,9.438754e-001
5.179861e+003,9.442694e-001
5.183719e+003,9.456785e-001
5.187575e+003,9.428468e-001
5.191433e+003,9.404544e-001
5.195289e+003,9.398159e-001
5.199146e+003,9.371836e-001
5.203003e+003,9.323683e-001
5.206860e+003,9.301915e-001
5.210717e+003,9.253670e-001
5.214574e+003,9.220527e-001
5.218431e+003,9.182172e-001
5.222288e+003,9.141433e-001
5.226145e+003,9.097505e-001
5.230002e+003,9.036452e-001
5.233858e+003,8.967906e-001
5.237716e+003,8.898756e-001
5.241572e+003,8.827881e-001
5.245430e+003,8.775421e-001
5.249286e+003,8.721050e-001
5.253144e+003,8.639488e-001
5.257000e+003,8.557915e-001
5.260857e+003,8.490998e-001
5.264714e+003,8.414027e-001
5.268571e+003,8.320230e-001
5.272428e+003,8.250486e-001
5.276285e+003,8.185174e-001
5.280142e+003,8.129203e-001
5.283999e+003,8.057166e-001
5.287855e+003,7.997023e-001
5.291713e+003,7.944069e-001
5.295569e+003,7.883134e-001
5.299427e+003,7.839465e-001
5.303283e+003,7.799689e-001
5.307141e+003,7.766698e-001
5.310997e+003,7.745297e-001
5.314854e+003,7.711273e-001
5.318711e+003,7.665312e-001
5.322568e+003,7.640536e-001
5.326425e+003,7.638237e-001
5.330282e+003,7.618892e-001
5.334139e+003,7.595650e-001
5.337996e+003,7.576859e-001
5.341853e+003,7.557954e-001
5.345710e+003,7.556140e-001
5.349566e+003,7.540720e-001
5.353424e+003,7.522337e-001
5.357280e+003,7.499943e-001
5.361138e+003,7.495392e-001
5.364994e+003,7.488843e-001
5.368852e+003,7.486246e-001
5.372708e+003,7.490401e-001
5.376565e+003,7.487950e-001
5.380422e+003,7.475629e-001
5.384279e+003,7.473550e-001
5.388136e+003,7.465564e-001
5.391993e+003,7.468719e-001
5.395850e+003,7.488265e-001
5.399707e+003,7.472474e-001
5.403563e+003,7.453599e-001
5.407421e+003,7.461438e-001
5.411277e+003,7.490832e-001
5.415135e+003,7.489184e-001
5.418991e+003,7.478610e-001
5.422849e+003,7.488180e-001
5.426705e+003,7.503236e-001
5.430563e+003,7.512801e-001
5.434419e+003,7.522417e-001
5.438276e+003,7.533417e-001
5.442133e+003,7.539678e-001
5.445990e+003,7.543058e-001
5.449847e+003,7.535977e-001
5.453704e+003,7.535646e-001
5.457561e+003,7.555551e-001
5.461418e+003,7.570916e-001
5.465274e+003,7.568634e-001
5.469132e+003,7.573614e-001
5.472988e+003,7.586438e-001
5.476846e+003,7.598851e-001
5.480702e+003,7.587367e-001
5.484560e+003,7.581545e-001
5.488416e+003,7.588192e-001
5.492273e+003,7.611558e-001
5.496130e+003,7.609324e-001
5.499987e+003,7.596574e-001
5.503844e+003,7.604806e-001
5.507701e+003,7.609829e-001
5.511558e+003,7.608949e-001
5.515415e+003,7.617305e-001
5.519271e+003,7.621949e-001
5.523129e+003,7.620385e-001
5.526985e+003,7.623374e-001
5.530843e+003,7.639676e-001
5.534699e+003,7.650142e-001
5.538557e+003,7.648345e-001
5.542413e+003,7.653011e-001
5.546271e+003,7.654573e-001
5.550127e+003,7.655248e-001
5.553984e+003,7.670891e-001
5.557841e+003,7.677922e-001
5.561698e+003,7.680445e-001
5.565555e+003,7.693192e-001
5.569412e+003,7.704563e-001
5.573269e+003,7.705116e-001
5.577126e+003,7.704926e-001
5.580982e+003,7.721365e-001
5.584840e+003,7.744281e-001
5.588696e+003,7.747375e-001
5.592554e+003,7.738038e-001
5.596410e+003,7.736966e-001
5.600268e+003,7.743614e-001
5.604124e+003,7.754049e-001
5.607981e+003,7.756879e-001
5.611838e+003,7.748576e-001
5.615695e+003,7.740685e-001
5.619552e+003,7.752822e-001
5.623409e+003,7.754583e-001
5.627266e+003,7.756127e-001
5.631123e+003,7.766937e-001
5.634979e+003,7.753550e-001
5.638837e+003,7.740321e-001
5.642693e+003,7.750958e-001
5.646551e+003,7.753608e-001
5.650407e+003,7.745210e-001
5.654265e+003,7.743369e-001
5.658121e+003,7.754658e-001
5.661979e+003,7.759704e-001
5.665835e+003,7.754744e-001
5.669692e+003,7.741095e-001
5.673549e+003,7.738774e-001
5.677406e+003,7.736818e-001
5.681263e+003,7.725043e-001
5.685120e+003,7.723858e-001
5.688977e+003,7.724055e-001
5.692834e+003,7.730992e-001
5.696690e+003,7.734197e-001
5.700548e+003,7.728301e-001
5.704404e+003,7.716411e-001
5.708262e+003,7.718435e-001
5.712118e+003,7.723925e-001
5.715976e+003,7.722845e-001
5.719832e+003,7.721881e-001
5.723689e+003,7.708480e-001
5.727546e+003,7.710449e-001
5.731403e+003,7.716115e-001
5.735260e+003,7.715028e-001
5.739117e+003,7.708541e-001
5.742974e+003,7.697979e-001
5.746831e+003,7.693567e-001
5.750688e+003,7.685999e-001
5.754545e+003,7.674569e-001
5.758401e+003,7.658344e-001
5.762259e+003,7.655661e-001
5.766115e+003,7.656840e-001
5.769973e+003,7.649356e-001
5.773829e+003,7.653792e-001
5.777687e+003,7.647068e-001
5.781543e+003,7.652608e-001
5.785400e+003,7.653795e-001
5.789257e+003,7.650788e-001
5.793114e+003,7.639022e-001
5.796971e+003,7.624437e-001
5.800828e+003,7.622876e-001
5.804685e+003,7.629220e-001
5.808542e+003,7.634444e-001
5.812398e+003,7.632825e-001
5.816256e+003,7.619442e-001
5.820112e+003,7.620889e-001
5.823970e+003,7.627575e-001
5.827826e+003,7.624052e-001
5.831684e+003,7.615314e-001
5.835540e+003,7.611868e-001
5.839397e+003,7.615860e-001
5.843254e+003,7.617278e-001
5.847111e+003,7.617624e-001
5.850968e+003,7.615386e-001
5.854825e+003,7.609008e-001
5.858682e+003,7.619904e-001
5.862539e+003,7.624494e-001
5.866396e+003,7.620031e-001
5.870253e+003,7.626219e-001
5.874109e+003,7.623780e-001
5.877967e+003,7.620998e-001
5.881823e+003,7.618101e-001
5.885681e+003,7.608588e-001
5.889537e+003,7.607727e-001
5.893395e+003,7.617863e-001
5.897251e+003,7.606941e-001
5.901108e+003,7.586684e-001
5.904965e+003,7.581726e-001
5.908822e+003,7.582799e-001
5.912679e+003,7.574856e-001
5.916536e+003,7.568013e-001
5.920393e+003,7.563698e-001
5.924250e+003,7.563148e-001
5.928106e+003,7.544543e-001
5.931964e+003,7.529455e-001
5.935820e+003,7.513047e-001
5.939678e+003,7.516184e-001
5.943534e+003,7.514488e-001
5.947392e+003,7.505325e-001
5.951248e+003,7.503461e-001
5.955105e+003,7.486925e-001
5.958962e+003,7.479290e-001
5.962819e+003,7.482481e-001
5.966676e+003,7.475282e-001
5.970533e+003,7.471488e-001
5.974390e+003,7.484214e-001
5.978247e+003,7.482342e-001
5.982104e+003,7.465907e-001
5.985961e+003,7.464233e-001
5.989817e+003,7.466060e-001
5.993675e+003,7.473771e-001
5.997531e+003,7.479397e-001
6.001389e+003,7.481652e-001
6.005245e+003,7.476385e-001
6.009103e+003,7.484808e-001
6.012959e+003,7.489474e-001
6.016816e+003,7.490222e-001
6.020673e+003,7.484619e-001
6.024530e+003,7.490868e-001
6.028387e+003,7.493593e-001
6.032244e+003,7.498183e-001
6.036101e+003,7.497943e-001
6.039958e+003,7.496834e-001
6.043814e+003,7.499241e-001
6.047672e+003,7.508677e-001
6.051528e+003,7.502811e-001
6.055386e+003,7.505692e-001
6.059242e+003,7.513266e-001
6.063100e+003,7.517859e-001
6.066956e+003,7.522297e-001
6.070813e+003,7.526277e-001
6.074670e+003,7.529386e-001
6.078527e+003,7.529196e-001
6.082384e+003,7.526460e-001
6.086241e+003,7.535086e-001
6.090098e+003,7.545244e-001
6.093955e+003,7.544261e-001
6.097812e+003,7.547987e-001
6.101669e+003,7.555815e-001
6.105525e+003,7.571509e-001
6.109383e+003,7.576982e-001
6.113239e+003,7.571577e-001
6.117097e+003,7.568328e-001
6.120953e+003,7.564517e-001
6.124811e+003,7.585285e-001
6.128667e+003,7.600479e-001
6.132524e+003,7.603061e-001
6.136381e+003,7.608945e-001
6.140238e+003,7.609360e-001
6.144095e+003,7.610735e-001
6.147952e+003,7.627127e-001
6.151809e+003,7.636560e-001
6.155666e+003,7.627954e-001
6.159522e+003,7.609794e-001
6.163380e+003,7.620811e-001
6.167236e+003,7.634813e-001
6.171094e+003,7.646492e-001
6.174950e+003,7.642662e-001
6.178808e+003,7.645587e-001
6.182664e+003,7.663324e-001
6.186521e+003,7.673333e-001
6.190378e+003,7.664883e-001
6.194235e+003,7.675731e-001
6.198092e+003,7.683609e-001
6.201949e+003,7.681053e-001
6.205806e+003,7.690762e-001
6.209663e+003,7.692627e-001
6.213520e+003,7.691101e-001
6.217377e+003,7.702096e-001
6.221233e+003,7.708433e-001
6.225091e+003,7.714136e-001
6.228947e+003,7.729534e-001
6.232805e+003,7.739977e-001
6.236661e+003,7.739303e-001
6.240519e+003,7.744564e-001
6.244375e+003,7.741117e-001
6.248232e+003,7.737674e-001
6.252089e+003,7.739303e-001
6.255946e+003,7.747934e-001
6.259803e+003,7.747499e-001
6.263660e+003,7.752469e-001
6.267517e+003,7.769247e-001
6.271374e+003,7.771466e-001
6.275230e+003,7.754732e-001
6.279088e+003,7.763209e-001
6.282944e+003,7.786596e-001
6.286802e+003,7.779849e-001
6.290658e+003,7.781103e-001
6.294516e+003,7.792112e-001
6.298372e+003,7.791780e-001
6.302229e+003,7.800015e-001
6.306086e+003,7.811255e-001
6.309943e+003,7.803950e-001
6.313800e+003,7.797875e-001
6.317657e+003,7.817520e-001
6.321514e+003,7.811264e-001
6.325371e+003,7.799564e-001
6.329228e+003,7.822030e-001
6.333085e+003,7.838742e-001
6.336941e+003,7.830101e-001
6.340799e+003,7.826067e-001
6.344655e+003,7.835452e-001
6.348513e+003,7.839101e-001
6.352369e+003,7.838463e-001
6.356227e+003,7.839007e-001
6.360083e+003,7.828034e-001
6.363940e+003,7.833475e-001
6.367797e+003,7.838707e-001
6.371654e+003,7.842124e-001
6.375511e+003,7.848774e-001
6.379368e+003,7.842335e-001
6.383225e+003,7.848153e-001
6.387082e+003,7.851201e-001
6.390938e+003,7.840447e-001
6.394796e+003,7.855783e-001
6.398652e+003,7.863323e-001
6.402510e+003,7.854138e-001
6.406366e+003,7.849933e-001
6.410224e+003,7.852970e-001
6.414080e+003,7.849203e-001
6.417938e+003,7.842200e-001
6.421794e+003,7.839596e-001
6.425651e+003,7.845881e-001
6.429508e+003,7.873392e-001
6.433365e+003,7.869035e-001
6.437222e+003,7.864442e-001
6.441079e+003,7.882797e-001
6.444936e+003,7.871200e-001
6.448793e+003,7.876441e-001
6.452649e+003,7.877033e-001
6.456507e+003,7.856483e-001
6.460363e+003,7.863882e-001
6.464221e+003,7.874102e-001
6.468077e+003,7.871158e-001
6.471935e+003,7.863380e-001
6.475791e+003,7.867129e-001
6.479648e+003,7.875996e-001
6.483505e+003,7.880983e-001
6.487362e+003,7.889022e-001
6.491219e+003,7.884529e-001
6.495076e+003,7.874334e-001
6.498933e+003,7.891355e-001
6.502790e+003,7.881334e-001
6.506646e+003,7.876181e-001
6.510504e+003,7.876657e-001
6.514360e+003,7.891235e-001
6.518218e+003,7.902246e-001
6.522074e+003,7.898537e-001
6.525932e+003,7.883840e-001
6.529788e+003,7.888616e-001
6.533646e+003,7.900678e-001
6.537502e+003,7.912529e-001
6.541359e+003,7.916462e-001
6.545216e+003,7.913077e-001
6.549073e+003,7.899110e-001
6.552930e+003,7.904813e-001
6.556787e+003,7.922347e-001
6.560644e+003,7.929342e-001
6.564501e+003,7.921538e-001
6.568357e+003,7.926459e-001
6.572215e+003,7.921861e-001
6.576071e+003,7.908171e-001
6.579929e+003,7.923427e-001
6.583785e+003,7.956816e-001
6.587643e+003,7.963305e-001
6.591499e+003,7.941623e-001
6.595356e+003,7.949219e-001
6.599213e+003,7.959750e-001
6.603070e+003,7.964775e-001
6.606927e+003,7.972038e-001
6.610784e+003,7.963005e-001
6.614641e+003,7.960732e-001
6.618498e+003,7.982470e-001
6.622354e+003,7.982149e-001
6.626212e+003,7.985752e-001
6.630068e+003,7.988063e-001
6.633926e+003,7.970253e-001
6.637782e+003,7.961526e-001
6.641640e+003,7.971855e-001
6.645496e+003,7.994277e-001
6.649354e+003,8.001120e-001
6.653210e+003,8.003859e-001
6.657067e+003,8.000629e-001
6.660924e+003,7.997437e-001
6.664781e+003,7.991304e-001
6.668638e+003,8.003467e-001
6.672495e+003,8.004643e-001
6.676352e+003,8.005600e-001
6.680209e+003,8.013678e-001
6.684065e+003,8.009008e-001
6.687923e+003,7.997292e-001
6.691779e+003,7.984449e-001
6.695637e+003,7.985562e-001
6.699493e+003,8.001224e-001
6.703351e+003,8.017343e-001
6.707207e+003,8.009543e-001
6.711064e+003,8.014893e-001
6.714921e+003,8.026895e-001
6.718778e+003,8.017347e-001
6.722635e+003,8.019173e-001
6.726492e+003,8.039757e-001
6.730349e+003,8.043825e-001
6.734206e+003,8.034868e-001
6.738063e+003,8.033329e-001
6.741920e+003,8.040586e-001
6.745776e+003,8.048369e-001
6.749634e+003,8.039079e-001
6.753490e+003,8.041493e-001
6.757348e+003,8.044636e-001
6.761204e+003,8.041326e-001
6.765062e+003,8.045717e-001
6.768918e+003,8.044652e-001
6.772775e+003,8.051802e-001
6.776632e+003,8.046566e-001
6.780489e+003,8.035935e-001
6.784346e+003,8.037766e-001
6.788203e+003,8.022065e-001
6.792060e+003,8.034683e-001
6.795917e+003,8.040138e-001
6.799773e+003,8.041391e-001
6.803631e+003,8.035129e-001
6.807487e+003,8.029474e-001
6.811345e+003,8.030481e-001
6.815201e+003,8.039744e-001
6.819059e+003,8.030450e-001
6.822915e+003,8.027033e-001
6.826772e+003,8.042347e-001
6.830629e+003,8.030941e-001
6.834486e+003,8.034490e-001
6.838343e+003,8.033409e-001
6.842200e+003,8.020282e-001
6.846057e+003,8.033063e-001
6.849914e+003,8.042939e-001
6.853771e+003,8.044267e-001
6.857628e+003,8.035476e-001
6.861484e+003,8.023509e-001
6.865342e+003,8.021325e-001
6.869198e+003,8.003287e-001
6.873056e+003,7.994711e-001
6.876912e+003,8.007129e-001
6.880770e+003,8.022877e-001
6.884626e+003,8.030670e-001
6.888483e+003,8.036743e-001
6.892340e+003,8.030986e-001
6.896197e+003,8.029679e-001
6.900054e+003,8.009408e-001
6.903911e+003,7.990562e-001
6.907768e+003,7.990349e-001
6.911625e+003,7.994810e-001
6.915481e+003,7.975671e-001
6.919339e+003,7.970370e-001
6.923195e+003,7.977495e-001
6.927053e+003,7.961437e-001
6.930909e+003,7.936928e-001
6.934767e+003,7.944940e-001
6.938623e+003,7.945437e-001
6.942480e+003,7.934854e-001
6.946337e+003,7.942019e-001
6.950194e+003,7.949315e-001
6.954051e+003,7.942474e-001
6.957908e+003,7.925074e-001
6.961765e+003,7.912406e-001
6.965622e+003,7.905728e-001
6.969479e+003,7.900195e-001
6.973336e+003,7.884399e-001
6.977192e+003,7.866786e-001
6.981050e+003,7.851313e-001
6.984906e+003,7.842076e-001
6.988764e+003,7.818512e-001
6.992620e+003,7.797102e-001
6.996478e+003,7.788103e-001
7.000334e+003,7.770441e-001
7.004191e+003,7.752091e-001
7.008048e+003,7.727287e-001
7.011905e+003,7.719159e-001
7.015762e+003,7.710459e-001
7.019619e+003,7.705859e-001
7.023476e+003,7.687864e-001
7.027333e+003,7.666326e-001
7.031189e+003,7.635904e-001
7.035047e+003,7.615918e-001
7.038903e+003,7.585588e-001
7.042761e+003,7.559600e-001
7.046617e+003,7.547718e-001
7.050475e+003,7.531121e-001
7.054331e+003,7.504687e-001
7.058188e+003,7.474836e-001
7.062045e+003,7.458817e-001
7.065902e+003,7.442607e-001
7.069759e+003,7.435242e-001
7.073616e+003,7.418790e-001
7.077473e+003,7.372301e-001
7.081330e+003,7.343736e-001
7.085187e+003,7.325749e-001
7.089044e+003,7.300839e-001
7.092900e+003,7.291787e-001
7.096758e+003,7.288602e-001
7.100614e+003,7.251775e-001
7.104472e+003,7.231316e-001
7.108328e+003,7.197069e-001
7.112186e+003,7.168991e-001
7.116042e+003,7.166663e-001
7.119899e+003,7.150610e-001
7.123756e+003,7.128947e-001
7.127613e+003,7.097729e-001
7.131470e+003,7.076182e-001
7.135327e+003,7.062115e-001
7.139184e+003,7.039827e-001
7.143041e+003,7.029399e-001
7.146897e+003,7.008021e-001
7.150755e+003,6.984782e-001
7.154611e+003,6.949286e-001
7.158469e+003,6.939762e-001
7.162325e+003,6.932216e-001
7.166183e+003,6.931127e-001
7.170039e+003,6.913949e-001
7.173896e+003,6.886157e-001
7.177753e+003,6.875162e-001
7.181610e+003,6.856689e-001
7.185467e+003,6.835130e-001
7.189324e+003,6.818373e-001
7.193181e+003,6.787274e-001
7.197038e+003,6.774761e-001
7.200895e+003,6.780936e-001
7.204752e+003,6.779022e-001
7.208608e+003,6.769885e-001
7.212466e+003,6.759756e-001
7.216322e+003,6.747599e-001
7.220180e+003,6.732560e-001
7.224036e+003,6.728185e-001
7.227894e+003,6.736528e-001
7.231750e+003,6.740350e-001
7.235607e+003,6.745418e-001
7.239464e+003,6.756583e-001
7.243321e+003,6.753184e-001
7.247178e+003,6.719858e-001
7.251035e+003,6.724533e-001
7.254892e+003,6.726882e-001
7.258749e+003,6.725101e-001
7.262605e+003,6.734160e-001
7.266463e+003,6.742898e-001
7.270319e+003,6.739306e-001
7.274177e+003,6.750962e-001
7.278033e+003,6.762371e-001
7.281891e+003,6.757139e-001
7.285747e+003,6.756235e-001
7.289604e+003,6.767379e-001
7.293461e+003,6.773600e-001
7.297318e+003,6.759444e-001
7.301175e+003,6.742073e-001
7.305032e+003,6.746758e-001
7.308889e+003,6.766068e-001
7.312746e+003,6.758499e-001
7.316603e+003,6.745746e-001
7.320460e+003,6.738929e-001
7.324316e+003,6.744983e-001
7.328174e+003,6.744558e-001
7.332030e+003,6.729055e-001
7.335888e+003,6.731994e-001
7.339744e+003,6.758378e-001
7.343602e+003,6.756631e-001
7.347458e+003,6.733911e-001
7.351315e+003,6.722011e-001
7.355172e+003,6.725670e-001
7.359029e+003,6.722684e-001
7.362886e+003,6.700069e-001
7.366743e+003,6.681593e-001
7.370600e+003,6.683979e-001
7.374457e+003,6.688720e-001
7.378313e+003,6.695474e-001
7.382171e+003,6.680309e-001
7.386027e+003,6.652182e-001
7.389885e+003,6.645877e-001
7.393741e+003,6.645674e-001
7.397599e+003,6.645944e-001
7.401455e+003,6.646193e-001
7.405313e+003,6.647568e-001
7.409169e+003,6.644114e-001
7.413026e+003,6.631150e-001
7.416883e+003,6.629837e-001
7.420740e+003,6.618875e-001
7.424597e+003,6.606746e-001
7.428454e+003,6.588559e-001
7.432311e+003,6.586749e-001
7.436168e+003,6.593247e-001
7.440024e+003,6.595469e-001
7.443882e+003,6.587734e-001
7.447738e+003,6.590279e-001
7.451596e+003,6.582686e-001
7.455452e+003,6.580092e-001
7.459310e+003,6.578021e-001
7.463166e+003,6.579641e-001
7.467023e+003,6.577018e-001
7.470880e+003,6.567118e-001
7.474737e+003,6.560792e-001
7.478594e+003,6.550805e-001
7.482451e+003,6.541728e-001
7.486308e+003,6.530200e-001
7.490165e+003,6.522737e-001
7.494021e+003,6.517280e-001
7.497879e+003,6.519319e-001
7.501735e+003,6.522462e-001
7.505593e+003,6.533493e-001
7.509449e+003,6.528047e-001
7.513307e+003,6.516412e-001
7.517163e+003,6.511505e-001
7.521021e+003,6.511977e-001
7.524877e+003,6.509791e-001
7.528734e+003,6.488842e-001
7.532591e+003,6.487346e-001
7.536448e+003,6.500185e-001
7.540305e+003,6.490719e-001
7.544162e+003,6.490034e-001
7.548019e+003,6.485793e-001
7.551876e+003,6.482663e-001
7.555732e+003,6.477911e-001
7.559590e+003,6.476896e-001
7.563446e+003,6.490107e-001
7.567304e+003,6.482413e-001
7.571160e+003,6.473798e-001
7.575018e+003,6.476333e-001
7.578874e+003,6.471308e-001
7.582731e+003,6.467676e-001
7.586588e+003,6.468058e-001
7.590445e+003,6.469946e-001
7.594302e+003,6.477544e-001
7.598159e+003,6.478783e-001
7.602016e+003,6.457741e-001
7.605873e+003,6.461971e-001
7.609729e+003,6.470035e-001
7.613587e+003,6.465927e-001
7.617443e+003,6.455423e-001
7.621301e+003,6.458358e-001
7.625157e+003,6.460081e-001
7.629015e+003,6.449704e-001
7.632871e+003,6.449497e-001
7.636729e+003,6.454440e-001
7.640585e+003,6.457630e-001
7.644442e+003,6.467544e-001
7.648299e+003,6.462528e-001
7.652156e+003,6.455238e-001
7.656013e+003,6.456721e-001
7.659870e+003,6.458361e-001
7.663727e+003,6.449615e-001
7.667584e+003,6.446419e-001
7.671440e+003,6.465640e-001
7.675298e+003,6.464285e-001
7.679154e+003,6.465823e-001
7.683012e+003,6.473669e-001
7.686868e+003,6.454924e-001
7.690726e+003,6.443861e-001
7.694582e+003,6.462069e-001
7.698439e+003,6.459008e-001
7.702296e+003,6.452355e-001
7.706153e+003,6.477336e-001
7.710010e+003,6.475998e-001
7.713867e+003,6.452746e-001
7.717724e+003,6.455064e-001
7.721581e+003,6.462893e-001
7.725438e+003,6.468079e-001
7.729295e+003,6.469727e-001
7.733151e+003,6.448094e-001
7.737009e+003,6.452157e-001
7.740865e+003,6.466904e-001
7.744723e+003,6.467308e-001
7.748579e+003,6.461415e-001
7.752437e+003,6.457287e-001
7.756293e+003,6.479707e-001
7.760150e+003,6.491008e-001
7.764007e+003,6.480064e-001
7.767864e+003,6.481940e-001
7.771721e+003,6.482337e-001
7.775578e+003,6.468405e-001
7.779435e+003,6.467061e-001
7.783292e+003,6.468732e-001
7.787148e+003,6.474644e-001
7.791006e+003,6.475474e-001
7.794862e+003,6.476074e-001
7.798720e+003,6.477062e-001
7.802576e+003,6.477450e-001
7.806434e+003,6.479022e-001
7.810290e+003,6.494553e-001
7.814147e+003,6.479972e-001
7.818004e+003,6.473503e-001
7.821861e+003,6.484609e-001
7.825718e+003,6.486884e-001
7.829575e+003,6.489617e-001
7.833432e+003,6.497873e-001
7.837289e+003,6.493449e-001
7.841146e+003,6.495074e-001
7.845003e+003,6.494277e-001
7.848859e+003,6.489992e-001
7.852717e+003,6.510393e-001
7.856573e+003,6.516312e-001
7.860431e+003,6.515199e-001
7.864287e+003,6.492890e-001
7.868145e+003,6.476743e-001
7.872001e+003,6.483454e-001
7.875858e+003,6.504591e-001
7.879715e+003,6.512717e-001
7.883572e+003,6.522095e-001
7.887429e+003,6.510434e-001
7.891286e+003,6.480271e-001
7.895143e+003,6.492305e-001
7.899000e+003,6.511733e-001
7.902856e+003,6.501878e-001
7.906714e+003,6.511013e-001
7.910570e+003,6.514894e-001
7.914428e+003,6.510349e-001
7.918284e+003,6.496177e-001
7.922142e+003,6.493274e-001
7.925998e+003,6.516771e-001
7.929855e+003,6.508976e-001
7.933712e+003,6.507700e-001
7.937569e+003,6.503876e-001
7.941426e+003,6.492443e-001
7.945283e+003,6.505099e-001
7.949140e+003,6.504948e-001
7.952997e+003,6.499372e-001
7.956854e+003,6.501120e-001
7.960711e+003,6.503405e-001
7.964567e+003,6.504824e-001
7.968425e+003,6.502595e-001
7.972281e+003,6.492921e-001
7.976139e+003,6.501328e-001
7.979995e+003,6.509564e-001
7.983853e+003,6.501015e-001
7.987709e+003,6.490024e-001
7.991566e+003,6.508152e-001
7.995423e+003,6.518143e-001
7.999280e+003,6.494415e-001
8.003137e+003,6.497434e-001
8.006994e+003,6.509511e-001
8.010851e+003,6.503579e-001
8.014708e+003,6.499966e-001
8.018564e+003,6.493797e-001
8.022422e+003,6.499941e-001
8.026278e+003,6.503060e-001
8.030136e+003,6.495612e-001
8.033992e+003,6.487840e-001
8.037850e+003,6.508423e-001
8.041706e+003,6.509581e-001
8.045563e+003,6.495448e-001
8.049420e+003,6.497946e-001
8.053277e+003,6.507828e-001
8.057134e+003,6.527401e-001
8.060991e+003,6.524041e-001
8.064848e+003,6.524882e-001
8.068705e+003,6.538171e-001
8.072562e+003,6.534314e-001
8.076419e+003,6.527421e-001
8.080275e+003,6.526809e-001
8.084133e+003,6.524053e-001
8.087989e+003,6.520047e-001
8.091847e+003,6.534350e-001
8.095703e+003,6.549748e-001
8.099561e+003,6.542901e-001
8.103417e+003,6.539812e-001
8.107274e+003,6.530779e-001
8.111131e+003,6.535149e-001
8.114988e+003,6.550068e-001
8.118845e+003,6.570798e-001
8.122702e+003,6.569947e-001
8.126559e+003,6.567919e-001
8.130416e+003,6.553776e-001
8.134272e+003,6.542866e-001
8.138130e+003,6.547581e-001
8.141986e+003,6.563568e-001
8.145844e+003,6.560855e-001
8.149700e+003,6.561599e-001
8.153558e+003,6.567810e-001
8.157414e+003,6.580696e-001
8.161271e+003,6.585073e-001
8.165128e+003,6.575568e-001
8.168985e+003,6.570221e-001
8.172842e+003,6.585339e-001
8.176699e+003,6.587300e-001
8.180556e+003,6.597762e-001
8.184413e+003,6.617967e-001
8.188270e+003,6.618506e-001
8.192127e+003,6.607623e-001
8.195983e+003,6.614996e-001
8.199841e+003,6.615372e-001
8.203697e+003,6.620888e-001
8.207555e+003,6.611403e-001
8.211411e+003,6.618683e-001
8.215269e+003,6.632342e-001
8.219125e+003,6.628852e-001
8.222982e+003,6.613152e-001
8.226839e+003,6.610032e-001
8.230696e+003,6.611766e-001
8.234553e+003,6.620438e-001
8.238410e+003,6.628276e-001
8.242267e+003,6.638416e-001
8.246124e+003,6.636584e-001
8.249980e+003,6.623144e-001
8.253838e+003,6.609324e-001
8.257694e+003,6.635886e-001
8.261552e+003,6.643376e-001
8.265408e+003,6.633070e-001
8.269266e+003,6.633319e-001
8.273122e+003,6.629508e-001
8.276979e+003,6.640941e-001
8.280836e+003,6.641495e-001
8.284693e+003,6.645283e-001
8.288550e+003,6.665218e-001
8.292407e+003,6.643686e-001
8.296264e+003,6.624523e-001
8.300121e+003,6.655734e-001
8.303978e+003,6.665804e-001
8.307835e+003,6.665576e-001
8.311691e+003,6.665612e-001
8.315549e+003,6.673945e-001
8.319405e+003,6.670486e-001
8.323263e+003,6.660866e-001
8.327119e+003,6.653839e-001
8.330977e+003,6.656157e-001
8.334833e+003,6.644083e-001
8.338690e+003,6.650921e-001
8.342547e+003,6.655815e-001
8.346404e+003,6.653502e-001
8.350261e+003,6.657145e-001
8.354118e+003,6.664365e-001
8.357975e+003,6.666920e-001
8.361832e+003,6.636478e-001
8.365688e+003,6.632888e-001
8.369546e+003,6.652821e-001
8.373402e+003,6.658029e-001
8.377260e+003,6.636345e-001
8.381116e+003,6.633666e-001
8.384974e+003,6.644120e-001
8.388830e+003,6.641958e-001
8.392688e+003,6.644666e-001
8.396544e+003,6.663856e-001
8.400401e+003,6.646580e-001
8.404258e+003,6.627082e-001
8.408115e+003,6.625338e-001
8.411972e+003,6.622843e-001
8.415829e+003,6.609346e-001
8.419686e+003,6.616991e-001
8.423543e+003,6.606153e-001
8.427399e+003,6.598274e-001
8.431257e+003,6.603166e-001
8.435113e+003,6.601939e-001
8.438971e+003,6.592756e-001
8.442827e+003,6.586344e-001
8.446685e+003,6.586463e-001
8.450541e+003,6.609094e-001
8.454398e+003,6.602840e-001
8.458255e+003,6.592479e-001
8.462112e+003,6.596599e-001
8.465969e+003,6.568604e-001
8.469826e+003,6.570659e-001
8.473683e+003,6.566871e-001
8.477540e+003,6.560226e-001
8.481396e+003,6.539410e-001
8.485254e+003,6.550901e-001
8.489110e+003,6.559308e-001
8.492968e+003,6.549122e-001
8.496824e+003,6.543181e-001
8.500682e+003,6.555178e-001
8.504538e+003,6.556190e-001
8.508396e+003,6.536358e-001
8.512252e+003,6.537719e-001
8.516109e+003,6.539629e-001
8.519966e+003,6.526868e-001
8.523823e+003,6.517777e-001
8.527680e+003,6.531694e-001
8.531537e+003,6.513168e-001
8.535394e+003,6.500873e-001
8.539251e+003,6.519516e-001
8.543107e+003,6.525676e-001
8.546965e+003,6.501887e-001
8.550821e+003,6.511179e-001
8.554679e+003,6.517959e-001
8.558535e+003,6.509379e-001
8.562393e+003,6.484814e-001
8.566249e+003,6.469252e-001
8.570106e+003,6.465880e-001
8.573963e+003,6.492980e-001
8.577820e+003,6.483393e-001
8.581677e+003,6.489541e-001
8.585534e+003,6.472589e-001
8.589391e+003,6.475317e-001
8.593248e+003,6.465012e-001
8.597104e+003,6.445205e-001
8.600962e+003,6.472354e-001
8.604818e+003,6.457174e-001
8.608676e+003,6.443057e-001
8.612532e+003,6.458571e-001
8.616390e+003,6.454632e-001
8.620246e+003,6.446515e-001
8.624104e+003,6.456487e-001
8.627960e+003,6.444206e-001
8.631817e+003,6.437714e-001
8.635674e+003,6.425778e-001
8.639531e+003,6.439121e-001
8.643388e+003,6.441968e-001
8.647245e+003,6.433612e-001
8.651102e+003,6.410069e-001
8.654959e+003,6.397202e-001
8.658815e+003,6.398485e-001
8.662673e+003,6.403465e-001
8.666529e+003,6.401055e-001
8.670387e+003,6.389685e-001
8.674243e+003,6.381429e-001
8.678101e+003,6.398417e-001
8.681957e+003,6.413293e-001
8.685814e+003,6.392691e-001
8.689671e+003,6.379146e-001
8.693528e+003,6.380830e-001
8.697385e+003,6.382246e-001
8.701242e+003,6.405020e-001
8.705099e+003,6.401473e-001
8.708956e+003,6.396956e-001
8.712813e+003,6.383665e-001
8.716670e+003,6.348302e-001
8.720526e+003,6.345170e-001
8.724384e+003,6.356885e-001
8.728240e+003,6.356826e-001
8.732098e+003,6.340137e-001
8.735954e+003,6.330443e-001
8.739812e+003,6.339815e-001
8.743668e+003,6.341744e-001
8.747525e+003,6.339284e-001
8.751382e+003,6.323658e-001
8.755239e+003,6.325638e-001
8.759096e+003,6.337320e-001
8.762953e+003,6.343552e-001
8.766810e+003,6.336710e-001
8.770667e+003,6.307505e-001
8.774523e+003,6.294411e-001
8.778381e+003,6.308404e-001
8.782237e+003,6.324981e-001
8.786095e+003,6.311073e-001
8.789951e+003,6.299757e-001
8.793809e+003,6.304023e-001
8.797665e+003,6.299393e-001
8.801522e+003,6.283641e-001
8.805379e+003,6.284551e-001
8.809236e+003,6.284149e-001
8.813093e+003,6.282848e-001
8.816950e+003,6.269482e-001
8.820807e+003,6.266509e-001
8.824664e+003,6.274276e-001
8.828521e+003,6.281571e-001
8.832378e+003,6.245916e-001
8.836234e+003,6.219488e-001
8.840092e+003,6.227698e-001
8.843948e+003,6.235002e-001
8.847806e+003,6.251991e-001
8.851662e+003,6.263457e-001
8.855520e+003,6.266521e-001
8.859376e+003,6.282766e-001
8.863233e+003,6.290019e-001
8.867090e+003,6.279822e-001
8.870947e+003,6.273749e-001
8.874804e+003,6.279507e-001
8.878661e+003,6.296827e-001
8.882518e+003,6.303250e-001
8.886375e+003,6.280069e-001
8.890231e+003,6.248260e-001
8.894089e+003,6.245077e-001
8.897945e+003,6.243842e-001
8.901803e+003,6.247989e-001
8.905659e+003,6.261864e-001
8.909517e+003,6.264853e-001
8.913373e+003,6.262971e-001
8.917230e+003,6.269373e-001
8.921087e+003,6.266359e-001
8.924944e+003,6.272431e-001
8.928801e+003,6.263003e-001
8.932658e+003,6.251472e-001
8.936515e+003,6.268047e-001
8.940372e+003,6.271758e-001
8.944229e+003,6.292073e-001
8.948086e+003,6.297357e-001
8.951942e+003,6.270925e-001
8.955800e+003,6.267636e-001
8.959656e+003,6.257462e-001
8.963514e+003,6.242459e-001
8.967370e+003,6.257998e-001
8.971228e+003,6.267233e-001
8.975084e+003,6.278960e-001
8.978941e+003,6.272771e-001
8.982798e+003,6.262630e-001
8.986655e+003,6.268973e-001
8.990512e+003,6.274989e-001
8.994369e+003,6.271388e-001
8.998226e+003,6.274139e-001
9.002083e+003,6.266109e-001
9.005939e+003,6.258648e-001
9.009797e+003,6.266637e-001
9.013653e+003,6.289061e-001
9.017511e+003,6.282433e-001
9.021367e+003,6.277415e-001
9.025225e+003,6.263630e-001
9.029081e+003,6.265222e-001
9.032938e+003,6.267039e-001
9.036795e+003,6.281946e-001
9.040652e+003,6.267899e-001
9.044509e+003,6.253141e-001
9.048366e+003,6.276440e-001
9.052223e+003,6.297418e-001
9.056080e+003,6.286932e-001
9.059937e+003,6.263256e-001
9.063794e+003,6.259280e-001
9.067650e+003,6.284646e-001
9.071508e+003,6.280993e-001
9.075364e+003,6.247841e-001
9.079222e+003,6.280697e-001
9.083078e+003,6.317580e-001
9.086936e+003,6.289751e-001
9.090792e+003,6.251599e-001
9.094649e+003,6.248360e-001
9.098506e+003,6.287867e-001
9.102363e+003,6.322763e-001
9.106220e+003,6.291898e-001
9.110077e+003,6.252421e-001
9.113934e+003,6.254836e-001
9.117791e+003,6.273149e-001
9.121647e+003,6.272880e-001
9.125505e+003,6.272432e-001
9.129361e+003,6.299898e-001
9.133219e+003,6.285555e-001
9.137075e+003,6.259063e-001
9.140933e+003,6.287266e-001
9.144789e+003,6.309577e-001
9.148646e+003,6.291403e-001
9.152503e+003,6.298516e-001
9.156360e+003,6.276479e-001
9.160217e+003,6.252273e-001
9.164074e+003,6.258941e-001
9.167931e+003,6.259072e-001
9.171788e+003,6.263730e-001
9.175645e+003,6.266087e-001
9.179502e+003,6.274496e-001
9.183358e+003,6.270531e-001
9.187216e+003,6.286244e-001
9.191072e+003,6.295879e-001
9.194930e+003,6.282763e-001
9.198786e+003,6.277090e-001
9.202644e+003,6.273610e-001
9.206500e+003,6.270097e-001
9.210357e+003,6.266097e-001
9.214214e+003,6.295437e-001
9.218071e+003,6.313960e-001
9.221928e+003,6.315735e-001
9.225785e+003,6.315226e-001
9.229642e+003,6.300566e-001
9.233499e+003,6.307552e-001
9.237355e+003,6.295340e-001
9.241213e+003,6.298346e-001
9.245069e+003,6.308730e-001
9.248927e+003,6.271980e-001
9.252783e+003,6.242066e-001
9.256641e+003,6.265250e-001
9.260497e+003,6.307086e-001
9.264354e+003,6.305503e-001
9.268211e+003,6.307056e-001
9.272068e+003,6.311958e-001
9.275925e+003,6.297848e-001
9.279782e+003,6.293049e-001
9.283639e+003,6.267660e-001
9.287496e+003,6.239509e-001
9.291353e+003,6.277403e-001
9.295210e+003,6.286786e-001
9.299066e+003,6.260568e-001
9.302924e+003,6.295019e-001
9.306780e+003,6.308097e-001
9.310638e+003,6.291044e-001
9.314494e+003,6.301025e-001
9.318352e+003,6.311387e-001
9.322208e+003,6.302678e-001
9.326065e+003,6.289454e-001
9.329922e+003,6.283285e-001
9.333779e+003,6.279574e-001
9.337636e+003,6.295215e-001
9.341493e+003,6.311148e-001
9.345350e+003,6.332319e-001
9.349207e+003,6.321567e-001
9.353063e+003,6.305311e-001
9.356921e+003,6.333120e-001
9.360777e+003,6.344123e-001
9.364635e+003,6.314570e-001
9.368491e+003,6.291755e-001
9.372349e+003,6.283301e-001
9.376205e+003,6.285048e-001
9.380063e+003,6.314796e-001
9.383919e+003,6.335376e-001
9.387776e+003,6.345038e-001
9.391633e+003,6.337933e-001
9.395490e+003,6.306306e-001
9.399347e+003,6.330090e-001
9.403204e+003,6.324482e-001
9.407061e+003,6.298406e-001
9.410918e+003,6.330847e-001
9.414774e+003,6.344232e-001
9.418632e+003,6.373289e-001
9.422488e+003,6.375495e-001
9.426346e+003,6.345589e-001
9.430202e+003,6.302755e-001
9.434060e+003,6.313987e-001
9.437916e+003,6.326842e-001
9.441773e+003,6.355385e-001
9.445630e+003,6.315313e-001
9.449487e+003,6.290427e-001
9.453344e+003,6.332538e-001
9.457201e+003,6.364313e-001
9.461058e+003,6.379795e-001
9.464915e+003,6.390539e-001
9.468771e+003,6.382461e-001
9.472629e+003,6.370186e-001
9.476485e+003,6.361147e-001
9.480343e+003,6.333120e-001
9.484199e+003,6.331211e-001
9.488057e+003,6.332204e-001
9.491913e+003,6.319757e-001
9.495771e+003,6.330561e-001
9.499627e+003,6.351714e-001
9.503484e+003,6.399519e-001
9.507341e+003,6.390404e-001
9.511198e+003,6.353567e-001
9.515055e+003,6.325586e-001
9.518912e+003,6.340030e-001
9.522769e+003,6.345369e-001
9.526626e+003,6.347029e-001
9.530482e+003,6.365889e-001
9.534340e+003,6.359404e-001
9.538196e+003,6.339964e-001
9.542054e+003,6.375658e-001
9.545910e+003,6.397262e-001
9.549768e+003,6.376240e-001
9.553624e+003,6.333763e-001
9.557481e+003,6.350481e-001
9.561338e+003,6.373375e-001
9.565195e+003,6.370005e-001
9.569052e+003,6.349454e-001
9.572909e+003,6.315954e-001
9.576766e+003,6.330985e-001
9.580623e+003,6.353408e-001
9.584479e+003,6.353173e-001
9.588337e+003,6.361151e-001
9.592193e+003,6.366599e-001
9.596051e+003,6.359790e-001
9.599907e+003,6.364859e-001
9.603765e+003,6.397176e-001
9.607621e+003,6.395264e-001
9.611479e+003,6.393066e-001
9.615335e+003,6.368920e-001
9.619192e+003,6.370066e-001
9.623049e+003,6.384026e-001
9.626906e+003,6.374509e-001
9.630763e+003,6.362238e-001
9.634620e+003,6.372252e-001
9.638477e+003,6.350334e-001
9.642334e+003,6.364275e-001
9.646190e+003,6.361356e-001
9.650048e+003,6.361531e-001
9.653904e+003,6.372167e-001
9.657762e+003,6.364043e-001
9.661618e+003,6.397399e-001
9.665476e+003,6.433501e-001
9.669332e+003,6.403509e-001
9.673189e+003,6.367090e-001
9.677046e+003,6.364135e-001
9.680903e+003,6.368098e-001
9.684760e+003,6.369064e-001
9.688617e+003,6.380839e-001
9.692474e+003,6.389650e-001
9.696331e+003,6.349719e-001
9.700188e+003,6.382135e-001
9.704045e+003,6.407304e-001
9.707901e+003,6.393139e-001
9.711759e+003,6.400307e-001
9.715615e+003,6.413741e-001
9.719473e+003,6.396267e-001
9.723329e+003,6.394324e-001
9.727187e+003,6.379276e-001
9.731043e+003,6.401424e-001
9.734900e+003,6.388791e-001
9.738757e+003,6.374852e-001
9.742614e+003,6.395532e-001
9.746471e+003,6.395503e-001
9.750328e+003,6.395168e-001
9.754185e+003,6.379776e-001
9.758042e+003,6.394685e-001
9.761898e+003,6.374772e-001
9.765756e+003,6.357746e-001
9.769612e+003,6.401428e-001
9.773470e+003,6.442139e-001
9.777326e+003,6.453239e-001
9.781184e+003,6.446831e-001
9.785040e+003,6.425072e-001
9.788897e+003,6.381693e-001
9.792754e+003,6.374725e-001
9.796611e+003,6.408467e-001
9.800468e+003,6.396464e-001
9.804325e+003,6.388184e-001
9.808182e+003,6.391071e-001
9.812039e+003,6.372033e-001
9.815896e+003,6.318624e-001
9.819753e+003,6.337101e-001
9.823609e+003,6.378317e-001
9.827467e+003,6.380798e-001
9.831323e+003,6.392820e-001
9.835181e+003,6.396405e-001
9.839037e+003,6.428211e-001
9.842895e+003,6.440434e-001
9.846751e+003,6.431504e-001
9.850608e+003,6.439734e-001
9.854465e+003,6.425914e-001
9.858322e+003,6.449823e-001
9.862179e+003,6.430814e-001
9.866036e+003,6.427026e-001
9.869893e+003,6.451472e-001
9.873750e+003,6.400650e-001
9.877606e+003,6.398896e-001
9.881464e+003,6.403842e-001
9.885320e+003,6.428261e-001
9.889178e+003,6.395216e-001
9.893034e+003,6.376902e-001
9.896892e+003,6.405849e-001
9.900748e+003,6.433668e-001
9.904605e+003,6.399164e-001
9.908462e+003,6.385835e-001
9.912319e+003,6.404198e-001
9.916176e+003,6.385107e-001
9.920033e+003,6.378239e-001
9.923890e+003,6.405805e-001
9.927747e+003,6.425671e-001
9.931604e+003,6.400578e-001
9.935461e+003,6.419066e-001
9.939317e+003,6.468334e-001
9.943175e+003,6.429545e-001
9.947031e+003,6.404439e-001
9.950889e+003,6.420345e-001
9.954745e+003,6.454758e-001
9.958603e+003,6.444412e-001
9.962459e+003,6.418683e-001
9.966316e+003,6.427981e-001
9.970173e+003,6.439828e-001
9.974030e+003,6.445250e-001
9.977887e+003,6.457454e-001
9.981744e+003,6.451282e-001
9.985601e+003,6.445236e-001
9.989458e+003,6.433864e-001
9.993314e+003,6.428054e-001
9.997172e+003,6.432133e-001
1.000103e+004,6.433214e-001
