3.999640e+003,5.163139e-001
4.003497e+003,4.948319e-001
4.007354e+003,4.775583e-001
4.011211e+003,4.800819e-001
4.015068e+003,6.601449e-001
4.018925e+003,7.321735e-001
4.022781e+003,7.292056e-001
4.026638e+003,9.437758e-001
4.030495e+003,9.156303e-001
4.034352e+003,6.325687e-001
4.038209e+003,5.555063e-001
4.042066e+003,5.920263e-001
4.045923e+003,6.288484e-001
4.049780e+003,6.741114e-001
4.053637e+003,7.245542e-001
4.057494e+003,7.072293e-001
4.061351e+003,5.336834e-001
4.065208e+003,6.545047e-001
4.069065e+003,1.079043e+000
4.072922e+003,1.055813e+000
4.076779e+003,8.202545e-001
4.080635e+003,8.164014e-001
4.084492e+003,1.025368e+000
4.088349e+003,1.143927e+000
4.092206e+003,1.149559e+000
4.096063e+003,1.107229e+000
4.099920e+003,1.003975e+000
4.103777e+003,9.103514e-001
4.107634e+003,9.311634e-001
4.111491e+003,9.416057e-001
4.115348e+003,1.005036e+000
4.119205e+003,1.024078e+000
4.123062e+003,9.679556e-001
4.126919e+003,9.724836e-001
4.130775e+003,9.762898e-001
4.134633e+003,9.477786e-001
4.138489e+003,9.597391e-001
4.142347e+003,9.835120e-001
4.146203e+003,9.665719e-001
4.150061e+003,9.794320e-001
4.153917e+003,9.531484e-001
4.157774e+003,9.311774e-001
4.161631e+003,9.730477e-001
4.165488e+003,1.015566e+000
4.169345e+003,1.031657e+000
4.173202e+003,1.026636e+000
4.177059e+003,9.645160e-001
4.180916e+003,9.434456e-001
4.184772e+003,9.597564e-001
4.188630e+003,9.608611e-001
4.192486e+003,9.746159e-001
4.196344e+003,9.692497e-001
4.200200e+003,9.603707e-001
4.204058e+003,9.697783e-001
4.207914e+003,9.555177e-001
4.211771e+003,9.594810e-001
4.215628e+003,9.665861e-001
4.219485e+003,9.925609e-001
4.223342e+003,9.956930e-001
4.227199e+003,9.724086e-001
4.231056e+003,9.672049e-001
4.234913e+003,9.721680e-001
4.238770e+003,9.842914e-001
4.242627e+003,9.972029e-001
4.246483e+003,9.961113e-001
4.250341e+003,9.766106e-001
4.254197e+003,9.718965e-001
4.258055e+003,9.751061e-001
4.261911e+003,9.757033e-001
4.265769e+003,9.723037e-001
4.269625e+003,9.625644e-001
4.273482e+003,9.754336e-001
4.277339e+003,9.641141e-001
4.281196e+003,9.501581e-001
4.285053e+003,9.782122e-001
4.288910e+003,1.000564e+000
4.292767e+003,9.885857e-001
4.296624e+003,9.902934e-001
4.300480e+003,9.705809e-001
4.304338e+003,9.651727e-001
4.308194e+003,9.783187e-001
4.312052e+003,9.878014e-001
4.315908e+003,9.793423e-001
4.319766e+003,9.788130e-001
4.323622e+003,9.823695e-001
4.327479e+003,9.838944e-001
4.331336e+003,9.781598e-001
4.335193e+003,9.708018e-001
4.339050e+003,9.661744e-001
4.342907e+003,9.635211e-001
4.346764e+003,9.581645e-001
4.350621e+003,9.657035e-001
4.354478e+003,9.638025e-001
4.358335e+003,9.546436e-001
4.362191e+003,9.507958e-001
4.366049e+003,9.509726e-001
4.369905e+003,9.528041e-001
4.373763e+003,9.519449e-001
4.377619e+003,9.443730e-001
4.381477e+003,9.324572e-001
4.385333e+003,9.227032e-001
4.389190e+003,9.175409e-001
4.393047e+003,9.241682e-001
4.396904e+003,9.260860e-001
4.400761e+003,9.181831e-001
4.404618e+003,9.127097e-001
4.408475e+003,9.092450e-001
4.412332e+003,9.135588e-001
4.416188e+003,9.098533e-001
4.420046e+003,9.007919e-001
4.423902e+003,8.981026e-001
4.427760e+003,8.987489e-001
4.431616e+003,9.001902e-001
4.435474e+003,8.966981e-001
4.439330e+003,8.871217e-001
4.443188e+003,8.838211e-001
4.447044e+003,8.861490e-001
4.450901e+003,8.784640e-001
4.454758e+003,8.673809e-001
4.458615e+003,8.669677e-001
4.462472e+003,8.757090e-001
4.466329e+003,8.735035e-001
4.470186e+003,8.675215e-001
4.474043e+003,8.652213e-001
4.477899e+003,8.616480e-001
4.481757e+003,8.630838e-001
4.485613e+003,8.665112e-001
4.489471e+003,8.586757e-001
4.493327e+003,8.602253e-001
4.497185e+003,8.651477e-001
4.501041e+003,8.634409e-001
4.504898e+003,8.625904e-001
4.508755e+003,8.648819e-001
4.512612e+003,8.641458e-001
4.516469e+003,8.641703e-001
4.520326e+003,8.676323e-001
4.524183e+003,8.724799e-001
4.528040e+003,8.691371e-001
4.531896e+003,8.674473e-001
4.535754e+003,8.648875e-001
4.539610e+003,8.667129e-001
4.543468e+003,8.764629e-001
4.547324e+003,8.885558e-001
4.551182e+003,8.922846e-001
4.555038e+003,8.952481e-001
4.558896e+003,8.954626e-001
4.562752e+003,8.975229e-001
4.566609e+003,9.049518e-001
4.570466e+003,9.060073e-001
4.574323e+003,9.087289e-001
4.578180e+003,9.125401e-001
4.582037e+003,9.134406e-001
4.585894e+003,9.174988e-001
4.589751e+003,9.235526e-001
4.593607e+003,9.266244e-001
4.597465e+003,9.260316e-001
4.601321e+003,9.266115e-001
4.605179e+003,9.271320e-001
4.609035e+003,9.266383e-001
4.612893e+003,9.264761e-001
4.616749e+003,9.291386e-001
4.620606e+003,9.309943e-001
4.624463e+003,9.317935e-001
4.628320e+003,9.317672e-001
4.632177e+003,9.337868e-001
4.636034e+003,9.345865e-001
4.639891e+003,9.351404e-001
4.643748e+003,9.326221e-001
4.647604e+003,9.317880e-001
4.651462e+003,9.377793e-001
4.655318e+003,9.376654e-001
4.659176e+003,9.368882e-001
4.663032e+003,9.389452e-001
4.666890e+003,9.456917e-001
4.670746e+003,9.464988e-001
4.674604e+003,9.431419e-001
4.678460e+003,9.406138e-001
4.682317e+003,9.422408e-001
4.686174e+003,9.438014e-001
4.690031e+003,9.445761e-001
4.693888e+003,9.450595e-001
4.697745e+003,9.461101e-001
4.701602e+003,9.460023e-001
4.705459e+003,9.459802e-001
4.709315e+003,9.469228e-001
4.713173e+003,9.472755e-001
4.717029e+003,9.479865e-001
4.720887e+003,9.500825e-001
4.724743e+003,9.492531e-001
4.728601e+003,9.483670e-001
4.732457e+003,9.501913e-001
4.736314e+003,9.470752e-001
4.740171e+003,9.441905e-001
4.744028e+003,9.448706e-001
4.747885e+003,9.492775e-001
4.751742e+003,9.533828e-001
4.755599e+003,9.487873e-001
4.759456e+003,9.459737e-001
4.763313e+003,9.488803e-001
4.767170e+003,9.502744e-001
4.771026e+003,9.547946e-001
4.774884e+003,9.528314e-001
4.778740e+003,9.520521e-001
4.782598e+003,9.490623e-001
4.786454e+003,9.448647e-001
4.790312e+003,9.462921e-001
4.794168e+003,9.481263e-001
4.798025e+003,9.469921e-001
4.801882e+003,9.472900e-001
4.805739e+003,9.456503e-001
4.809596e+003,9.444123e-001
4.813453e+003,9.455027e-001
4.817310e+003,9.469120e-001
4.821167e+003,9.461600e-001
4.825023e+003,9.448304e-001
4.828881e+003,9.431819e-001
4.832737e+003,9.423053e-001
4.836595e+003,9.443734e-001
4.840451e+003,9.474465e-001
4.844309e+003,9.484084e-001
4.848165e+003,9.467046e-001
4.852022e+003,9.395514e-001
4.855879e+003,9.385203e-001
4.859736e+003,9.434547e-001
4.863593e+003,9.448946e-001
4.867450e+003,9.439980e-001
4.871307e+003,9.424060e-001
4.875164e+003,9.413404e-001
4.879021e+003,9.413983e-001
4.882878e+003,9.419597e-001
4.886734e+003,9.381214e-001
4.890592e+003,9.359893e-001
4.894448e+003,9.321086e-001
4.898306e+003,9.299937e-001
4.902162e+003,9.310716e-001
4.906020e+003,9.311855e-001
4.909876e+003,9.309162e-001
4.913733e+003,9.304263e-001
4.917590e+003,9.288234e-001
4.921447e+003,9.269164e-001
4.925304e+003,9.249925e-001
4.929161e+003,9.259012e-001
4.933018e+003,9.259479e-001
4.936875e+003,9.259624e-001
4.940731e+003,9.258748e-001
4.944589e+003,9.242340e-001
4.948445e+003,9.223103e-001
4.952303e+003,9.232316e-001
4.956159e+003,9.249485e-001
4.960017e+003,9.248697e-001
4.963873e+003,9.253013e-001
4.967730e+003,9.260966e-001
4.971587e+003,9.276268e-001
4.975444e+003,9.296684e-001
4.979301e+003,9.315790e-001
4.983158e+003,9.322973e-001
4.987015e+003,9.333097e-001
4.990872e+003,9.364581e-001
4.994729e+003,9.369804e-001
4.998586e+003,9.358952e-001
5.002442e+003,9.369392e-001
5.006300e+003,9.407922e-001
5.010156e+003,9.437175e-001
5.014014e+003,9.436544e-001
5.017870e+003,9.455203e-001
5.021728e+003,9.476951e-001
5.025584e+003,9.506358e-001
5.029441e+003,9.534403e-001
5.033298e+003,9.546900e-001
5.037155e+003,9.571998e-001
5.041012e+003,9.591448e-001
5.044869e+003,9.605324e-001
5.048726e+003,9.652627e-001
5.052583e+003,9.692792e-001
5.056439e+003,9.715177e-001
5.060297e+003,9.730864e-001
5.064153e+003,9.737417e-001
5.068011e+003,9.768143e-001
5.071867e+003,9.805760e-001
5.075725e+003,9.809536e-001
5.079581e+003,9.799504e-001
5.083438e+003,9.816816e-001
5.087295e+003,9.859580e-001
5.091152e+003,9.898076e-001
5.095009e+003,9.909248e-001
5.098866e+003,9.936592e-001
5.102723e+003,9.964647e-001
5.106580e+003,9.982939e-001
5.110437e+003,1.000731e+000
5.114294e+003,1.003285e+000
5.118150e+003,1.003616e+000
5.122008e+003,1.007131e+000
5.125864e+003,1.010177e+000
5.129722e+003,1.011759e+000
5.133578e+003,1.015145e+000
5.137436e+003,1.017258e+000
5.141292e+003,1.017206e+000
5.145149e+003,1.019743e+000
5.149006e+003,1.024258e+000
5.152863e+003,1.029352e+000
5.156720e+003,1.028996e+000
5.160577e+003,1.028057e+000
5.164434e+003,1.030233e+000
5.168291e+003,1.032196e+000
5.172147e+003,1.032184e+000
5.176005e+003,1.029277e+000
5.179861e+003,1.027860e+000
5.183719e+003,1.027116e+000
5.187575e+003,1.025807e+000
5.191433e+003,1.024231e+000
5.195289e+003,1.022837e+000
5.199146e+003,1.020831e+000
5.203003e+003,1.016381e+000
5.206860e+003,1.013856e+000
5.210717e+003,1.008456e+000
5.214574e+003,1.002570e+000
5.218431e+003,1.000458e+000
5.222288e+003,9.965358e-001
5.226145e+003,9.938481e-001
5.230002e+003,9.860104e-001
5.233858e+003,9.771761e-001
5.237716e+003,9.695550e-001
5.241572e+003,9.639663e-001
5.245430e+003,9.602634e-001
5.249286e+003,9.534135e-001
5.253144e+003,9.437411e-001
5.257000e+003,9.330742e-001
5.260857e+003,9.252862e-001
5.264714e+003,9.199250e-001
5.268571e+003,9.113266e-001
5.272428e+003,9.015946e-001
5.276285e+003,8.935457e-001
5.280142e+003,8.872648e-001
5.283999e+003,8.812117e-001
5.287855e+003,8.736687e-001
5.291713e+003,8.667849e-001
5.295569e+003,8.604159e-001
5.299427e+003,8.556806e-001
5.303283e+003,8.526770e-001
5.307141e+003,8.489971e-001
5.310997e+003,8.444557e-001
5.314854e+003,8.407013e-001
5.318711e+003,8.373577e-001
5.322568e+003,8.354874e-001
5.326425e+003,8.333664e-001
5.330282e+003,8.306812e-001
5.334139e+003,8.282750e-001
5.337996e+003,8.279361e-001
5.341853e+003,8.266662e-001
5.345710e+003,8.246127e-001
5.349566e+003,8.224869e-001
5.353424e+003,8.197211e-001
5.357280e+003,8.168927e-001
5.361138e+003,8.175085e-001
5.364994e+003,8.171899e-001
5.368852e+003,8.157668e-001
5.372708e+003,8.150565e-001
5.376565e+003,8.158409e-001
5.380422e+003,8.136410e-001
5.384279e+003,8.126578e-001
5.388136e+003,8.128048e-001
5.391993e+003,8.142634e-001
5.395850e+003,8.146652e-001
5.399707e+003,8.150441e-001
5.403563e+003,8.137216e-001
5.407421e+003,8.131357e-001
5.411277e+003,8.149780e-001
5.415135e+003,8.151897e-001
5.418991e+003,8.137455e-001
5.422849e+003,8.143454e-001
5.426705e+003,8.170940e-001
5.430563e+003,8.181255e-001
5.434419e+003,8.183298e-001
5.438276e+003,8.187794e-001
5.442133e+003,8.194516e-001
5.445990e+003,8.195705e-001
5.449847e+003,8.199599e-001
5.453704e+003,8.208582e-001
5.457561e+003,8.221118e-001
5.461418e+003,8.229469e-001
5.465274e+003,8.222405e-001
5.469132e+003,8.219876e-001
5.472988e+003,8.226168e-001
5.476846e+003,8.231927e-001
5.480702e+003,8.225036e-001
5.484560e+003,8.229239e-001
5.488416e+003,8.243102e-001
5.492273e+003,8.271040e-001
5.496130e+003,8.262577e-001
5.499987e+003,8.260040e-001
5.503844e+003,8.260742e-001
5.507701e+003,8.270742e-001
5.511558e+003,8.267560e-001
5.515415e+003,8.267519e-001
5.519271e+003,8.267173e-001
5.523129e+003,8.276920e-001
5.526985e+003,8.297505e-001
5.530843e+003,8.296580e-001
5.534699e+003,8.301046e-001
5.538557e+003,8.312680e-001
5.542413e+003,8.305131e-001
5.546271e+003,8.300342e-001
5.550127e+003,8.305511e-001
5.553984e+003,8.324000e-001
5.557841e+003,8.330826e-001
5.561698e+003,8.341936e-001
5.565555e+003,8.345324e-001
5.569412e+003,8.350528e-001
5.573269e+003,8.359905e-001
5.577126e+003,8.373369e-001
5.580982e+003,8.377114e-001
5.584840e+003,8.379159e-001
5.588696e+003,8.387645e-001
5.592554e+003,8.395969e-001
5.596410e+003,8.391259e-001
5.600268e+003,8.405335e-001
5.604124e+003,8.414299e-001
5.607981e+003,8.409228e-001
5.611838e+003,8.409470e-001
5.615695e+003,8.406463e-001
5.619552e+003,8.409817e-001
5.623409e+003,8.414601e-001
5.627266e+003,8.410504e-001
5.631123e+003,8.400130e-001
5.634979e+003,8.399372e-001
5.638837e+003,8.403763e-001
5.642693e+003,8.394948e-001
5.646551e+003,8.398047e-001
5.650407e+003,8.394074e-001
5.654265e+003,8.379477e-001
5.658121e+003,8.380136e-001
5.661979e+003,8.393466e-001
5.665835e+003,8.409739e-001
5.669692e+003,8.405908e-001
5.673549e+003,8.397431e-001
5.677406e+003,8.384563e-001
5.681263e+003,8.381153e-001
5.685120e+003,8.364285e-001
5.688977e+003,8.362402e-001
5.692834e+003,8.373442e-001
5.696690e+003,8.366219e-001
5.700548e+003,8.361773e-001
5.704404e+003,8.370812e-001
5.708262e+003,8.375075e-001
5.712118e+003,8.371359e-001
5.715976e+003,8.371185e-001
5.719832e+003,8.372995e-001
5.723689e+003,8.365492e-001
5.727546e+003,8.352395e-001
5.731403e+003,8.361015e-001
5.735260e+003,8.346633e-001
5.739117e+003,8.340881e-001
5.742974e+003,8.342531e-001
5.746831e+003,8.344069e-001
5.750688e+003,8.330768e-001
5.754545e+003,8.321762e-001
5.758401e+003,8.315569e-001
5.762259e+003,8.312796e-001
5.766115e+003,8.306804e-001
5.769973e+003,8.305816e-001
5.773829e+003,8.306304e-001
5.777687e+003,8.294479e-001
5.781543e+003,8.296602e-001
5.785400e+003,8.296714e-001
5.789257e+003,8.283784e-001
5.793114e+003,8.266175e-001
5.796971e+003,8.267540e-001
5.800828e+003,8.274629e-001
5.804685e+003,8.280547e-001
5.808542e+003,8.282383e-001
5.812398e+003,8.271191e-001
5.816256e+003,8.263354e-001
5.820112e+003,8.258073e-001
5.823970e+003,8.261300e-001
5.827826e+003,8.257911e-001
5.831684e+003,8.242770e-001
5.835540e+003,8.230770e-001
5.839397e+003,8.231307e-001
5.843254e+003,8.243799e-001
5.847111e+003,8.258758e-001
5.850968e+003,8.252185e-001
5.854825e+003,8.256719e-001
5.858682e+003,8.259310e-001
5.862539e+003,8.256980e-001
5.866396e+003,8.262570e-001
5.870253e+003,8.265132e-001
5.874109e+003,8.265692e-001
5.877967e+003,8.257603e-001
5.881823e+003,8.261062e-001
5.885681e+003,8.252954e-001
5.889537e+003,8.242892e-001
5.893395e+003,8.234769e-001
5.897251e+003,8.227056e-001
5.901108e+003,8.225201e-001
5.904965e+003,8.222073e-001
5.908822e+003,8.195404e-001
5.912679e+003,8.176796e-001
5.916536e+003,8.183391e-001
5.920393e+003,8.171255e-001
5.924250e+003,8.165137e-001
5.928106e+003,8.165625e-001
5.931964e+003,8.152176e-001
5.935820e+003,8.130023e-001
5.939678e+003,8.126673e-001
5.943534e+003,8.113664e-001
5.947392e+003,8.099630e-001
5.951248e+003,8.094373e-001
5.955105e+003,8.102899e-001
5.958962e+003,8.087830e-001
5.962819e+003,8.073448e-001
5.966676e+003,8.082021e-001
5.970533e+003,8.077129e-001
5.974390e+003,8.074796e-001
5.978247e+003,8.078369e-001
5.982104e+003,8.068641e-001
5.985961e+003,8.056936e-001
5.989817e+003,8.056009e-001
5.993675e+003,8.056436e-001
5.997531e+003,8.061568e-001
6.001389e+003,8.066815e-001
6.005245e+003,8.061702e-001
6.009103e+003,8.050550e-001
6.012959e+003,8.056989e-001
6.016816e+003,8.058823e-001
6.020673e+003,8.054376e-001
6.024530e+003,8.052244e-001
6.028387e+003,8.052255e-001
6.032244e+003,8.062758e-001
6.036101e+003,8.068219e-001
6.039958e+003,8.070912e-001
6.043814e+003,8.075125e-001
6.047672e+003,8.084372e-001
6.051528e+003,8.088426e-001
6.055386e+003,8.085450e-001
6.059242e+003,8.090437e-001
6.063100e+003,8.090773e-001
6.066956e+003,8.083628e-001
6.070813e+003,8.094728e-001
6.074670e+003,8.117944e-001
6.078527e+003,8.135334e-001
6.082384e+003,8.130671e-001
6.086241e+003,8.124862e-001
6.090098e+003,8.116224e-001
6.093955e+003,8.117276e-001
6.097812e+003,8.125906e-001
6.101669e+003,8.135529e-001
6.105525e+003,8.150822e-001
6.109383e+003,8.137593e-001
6.113239e+003,8.131876e-001
6.117097e+003,8.154933e-001
6.120953e+003,8.159363e-001
6.124811e+003,8.161417e-001
6.128667e+003,8.160639e-001
6.132524e+003,8.154419e-001
6.136381e+003,8.169305e-001
6.140238e+003,8.178761e-001
6.144095e+003,8.185084e-001
6.147952e+003,8.189132e-001
6.151809e+003,8.198705e-001
6.155666e+003,8.196176e-001
6.159522e+003,8.191685e-001
6.163380e+003,8.207071e-001
6.167236e+003,8.225579e-001
6.171094e+003,8.217977e-001
6.174950e+003,8.199428e-001
6.178808e+003,8.203980e-001
6.182664e+003,8.229657e-001
6.186521e+003,8.250408e-001
6.190378e+003,8.249131e-001
6.194235e+003,8.244765e-001
6.198092e+003,8.241088e-001
6.201949e+003,8.238149e-001
6.205806e+003,8.246468e-001
6.209663e+003,8.257076e-001
6.213520e+003,8.281205e-001
6.217377e+003,8.294288e-001
6.221233e+003,8.289366e-001
6.225091e+003,8.304275e-001
6.228947e+003,8.308681e-001
6.232805e+003,8.306867e-001
6.236661e+003,8.315701e-001
6.240519e+003,8.327881e-001
6.244375e+003,8.328266e-001
6.248232e+003,8.327343e-001
6.252089e+003,8.323807e-001
6.255946e+003,8.324847e-001
6.259803e+003,8.330130e-001
6.263660e+003,8.336740e-001
6.267517e+003,8.366234e-001
6.271374e+003,8.375097e-001
6.275230e+003,8.369327e-001
6.279088e+003,8.363795e-001
6.282944e+003,8.367223e-001
6.286802e+003,8.370722e-001
6.290658e+003,8.364705e-001
6.294516e+003,8.365286e-001
6.298372e+003,8.379253e-001
6.302229e+003,8.384258e-001
6.306086e+003,8.392426e-001
6.309943e+003,8.402434e-001
6.313800e+003,8.420264e-001
6.317657e+003,8.420937e-001
6.321514e+003,8.420897e-001
6.325371e+003,8.416294e-001
6.329228e+003,8.404759e-001
6.333085e+003,8.410089e-001
6.336941e+003,8.412324e-001
6.340799e+003,8.418744e-001
6.344655e+003,8.428222e-001
6.348513e+003,8.438544e-001
6.352369e+003,8.440484e-001
6.356227e+003,8.432754e-001
6.360083e+003,8.425485e-001
6.363940e+003,8.413428e-001
6.367797e+003,8.428795e-001
6.371654e+003,8.455627e-001
6.375511e+003,8.449956e-001
6.379368e+003,8.425252e-001
6.383225e+003,8.434095e-001
6.387082e+003,8.461298e-001
6.390938e+003,8.466379e-001
6.394796e+003,8.445833e-001
6.398652e+003,8.448904e-001
6.402510e+003,8.464011e-001
6.406366e+003,8.464262e-001
6.410224e+003,8.450548e-001
6.414080e+003,8.443416e-001
6.417938e+003,8.456889e-001
6.421794e+003,8.457701e-001
6.425651e+003,8.456003e-001
6.429508e+003,8.462253e-001
6.433365e+003,8.461162e-001
6.437222e+003,8.467640e-001
6.441079e+003,8.483603e-001
6.444936e+003,8.490120e-001
6.448793e+003,8.488894e-001
6.452649e+003,8.484671e-001
6.456507e+003,8.485900e-001
6.460363e+003,8.487807e-001
6.464221e+003,8.488752e-001
6.468077e+003,8.495241e-001
6.471935e+003,8.502932e-001
6.475791e+003,8.510352e-001
6.479648e+003,8.494603e-001
6.483505e+003,8.504309e-001
6.487362e+003,8.514674e-001
6.491219e+003,8.503731e-001
6.495076e+003,8.512776e-001
6.498933e+003,8.514319e-001
6.502790e+003,8.503714e-001
6.506646e+003,8.499003e-001
6.510504e+003,8.495576e-001
6.514360e+003,8.507396e-001
6.518218e+003,8.511546e-001
6.522074e+003,8.511793e-001
6.525932e+003,8.512964e-001
6.529788e+003,8.523754e-001
6.533646e+003,8.526108e-001
6.537502e+003,8.521807e-001
6.541359e+003,8.528556e-001
6.545216e+003,8.532011e-001
6.549073e+003,8.520460e-001
6.552930e+003,8.533614e-001
6.556787e+003,8.530908e-001
6.560644e+003,8.539047e-001
6.564501e+003,8.546136e-001
6.568357e+003,8.548627e-001
6.572215e+003,8.549129e-001
6.576071e+003,8.552368e-001
6.579929e+003,8.557466e-001
6.583785e+003,8.564408e-001
6.587643e+003,8.546447e-001
6.591499e+003,8.558978e-001
6.595356e+003,8.579368e-001
6.599213e+003,8.578442e-001
6.603070e+003,8.579909e-001
6.606927e+003,8.605134e-001
6.610784e+003,8.613493e-001
6.614641e+003,8.594383e-001
6.618498e+003,8.587548e-001
6.622354e+003,8.588849e-001
6.626212e+003,8.594549e-001
6.630068e+003,8.609009e-001
6.633926e+003,8.605273e-001
6.637782e+003,8.599330e-001
6.641640e+003,8.608207e-001
6.645496e+003,8.635058e-001
6.649354e+003,8.648155e-001
6.653210e+003,8.630440e-001
6.657067e+003,8.617282e-001
6.660924e+003,8.641464e-001
6.664781e+003,8.651325e-001
6.668638e+003,8.640881e-001
6.672495e+003,8.639020e-001
6.676352e+003,8.633606e-001
6.680209e+003,8.639513e-001
6.684065e+003,8.662748e-001
6.687923e+003,8.666043e-001
6.691779e+003,8.664750e-001
6.695637e+003,8.664336e-001
6.699493e+003,8.676884e-001
6.703351e+003,8.688276e-001
6.707207e+003,8.690074e-001
6.711064e+003,8.675923e-001
6.714921e+003,8.701089e-001
6.718778e+003,8.713948e-001
6.722635e+003,8.710763e-001
6.726492e+003,8.711990e-001
6.730349e+003,8.713509e-001
6.734206e+003,8.723041e-001
6.738063e+003,8.727832e-001
6.741920e+003,8.725626e-001
6.745776e+003,8.726555e-001
6.749634e+003,8.724301e-001
6.753490e+003,8.702316e-001
6.757348e+003,8.710004e-001
6.761204e+003,8.745495e-001
6.765062e+003,8.742484e-001
6.768918e+003,8.744051e-001
6.772775e+003,8.742956e-001
6.776632e+003,8.734931e-001
6.780489e+003,8.749441e-001
6.784346e+003,8.756033e-001
6.788203e+003,8.765051e-001
6.792060e+003,8.745801e-001
6.795917e+003,8.731655e-001
6.799773e+003,8.746589e-001
6.803631e+003,8.770569e-001
6.807487e+003,8.786353e-001
6.811345e+003,8.779026e-001
6.815201e+003,8.766459e-001
6.819059e+003,8.770626e-001
6.822915e+003,8.772548e-001
6.826772e+003,8.771886e-001
6.830629e+003,8.763376e-001
6.834486e+003,8.769395e-001
6.838343e+003,8.780588e-001
6.842200e+003,8.771553e-001
6.846057e+003,8.768387e-001
6.849914e+003,8.766132e-001
6.853771e+003,8.760318e-001
6.857628e+003,8.753595e-001
6.861484e+003,8.747053e-001
6.865342e+003,8.754767e-001
6.869198e+003,8.748156e-001
6.873056e+003,8.748496e-001
6.876912e+003,8.764441e-001
6.880770e+003,8.751222e-001
6.884626e+003,8.746546e-001
6.888483e+003,8.739540e-001
6.892340e+003,8.741559e-001
6.896197e+003,8.736221e-001
6.900054e+003,8.762643e-001
6.903911e+003,8.766457e-001
6.907768e+003,8.749464e-001
6.911625e+003,8.743539e-001
6.915481e+003,8.726658e-001
6.919339e+003,8.716655e-001
6.923195e+003,8.716237e-001
6.927053e+003,8.728416e-001
6.930909e+003,8.728085e-001
6.934767e+003,8.687374e-001
6.938623e+003,8.679551e-001
6.942480e+003,8.690512e-001
6.946337e+003,8.683350e-001
6.950194e+003,8.663857e-001
6.954051e+003,8.643831e-001
6.957908e+003,8.648617e-001
6.961765e+003,8.655726e-001
6.965622e+003,8.636120e-001
6.969479e+003,8.638584e-001
6.973336e+003,8.631719e-001
6.977192e+003,8.614290e-001
6.981050e+003,8.591974e-001
6.984906e+003,8.565066e-001
6.988764e+003,8.538684e-001
6.992620e+003,8.535656e-001
6.996478e+003,8.529813e-001
7.000334e+003,8.499515e-001
7.004191e+003,8.483307e-001
7.008048e+003,8.481602e-001
7.011905e+003,8.465328e-001
7.015762e+003,8.431900e-001
7.019619e+003,8.430748e-001
7.023476e+003,8.425195e-001
7.027333e+003,8.397066e-001
7.031189e+003,8.371171e-001
7.035047e+003,8.345570e-001
7.038903e+003,8.327156e-001
7.042761e+003,8.317186e-001
7.046617e+003,8.285707e-001
7.050475e+003,8.248520e-001
7.054331e+003,8.221678e-001
7.058188e+003,8.198053e-001
7.062045e+003,8.173307e-001
7.065902e+003,8.158284e-001
7.069759e+003,8.151130e-001
7.073616e+003,8.125230e-001
7.077473e+003,8.083850e-001
7.081330e+003,8.058999e-001
7.085187e+003,8.037243e-001
7.089044e+003,7.995730e-001
7.092900e+003,7.985772e-001
7.096758e+003,7.979788e-001
7.100614e+003,7.956271e-001
7.104472e+003,7.920102e-001
7.108328e+003,7.892282e-001
7.112186e+003,7.867179e-001
7.116042e+003,7.829793e-001
7.119899e+003,7.813096e-001
7.123756e+003,7.793561e-001
7.127613e+003,7.756854e-001
7.131470e+003,7.748676e-001
7.135327e+003,7.738622e-001
7.139184e+003,7.729391e-001
7.143041e+003,7.708580e-001
7.146897e+003,7.666885e-001
7.150755e+003,7.645764e-001
7.154611e+003,7.623793e-001
7.158469e+003,7.617739e-001
7.162325e+003,7.597478e-001
7.166183e+003,7.578937e-001
7.170039e+003,7.570004e-001
7.173896e+003,7.545452e-001
7.177753e+003,7.531887e-001
7.181610e+003,7.514106e-001
7.185467e+003,7.483624e-001
7.189324e+003,7.475255e-001
7.193181e+003,7.467546e-001
7.197038e+003,7.436869e-001
7.200895e+003,7.445896e-001
7.204752e+003,7.437177e-001
7.208608e+003,7.397556e-001
7.212466e+003,7.403885e-001
7.216322e+003,7.420566e-001
7.220180e+003,7.393028e-001
7.224036e+003,7.369260e-001
7.227894e+003,7.389145e-001
7.231750e+003,7.405829e-001
7.235607e+003,7.405196e-001
7.239464e+003,7.388520e-001
7.243321e+003,7.381207e-001
7.247178e+003,7.373840e-001
7.251035e+003,7.384483e-001
7.254892e+003,7.387558e-001
7.258749e+003,7.387185e-001
7.262605e+003,7.387015e-001
7.266463e+003,7.389284e-001
7.270319e+003,7.389253e-001
7.274177e+003,7.391719e-001
7.278033e+003,7.392251e-001
7.281891e+003,7.392216e-001
7.285747e+003,7.402760e-001
7.289604e+003,7.409852e-001
7.293461e+003,7.427520e-001
7.297318e+003,7.431067e-001
7.301175e+003,7.425772e-001
7.305032e+003,7.423278e-001
7.308889e+003,7.413425e-001
7.312746e+003,7.394044e-001
7.316603e+003,7.377687e-001
7.320460e+003,7.384503e-001
7.324316e+003,7.402621e-001
7.328174e+003,7.407228e-001
7.332030e+003,7.395028e-001
7.335888e+003,7.390175e-001
7.339744e+003,7.390372e-001
7.343602e+003,7.391718e-001
7.347458e+003,7.382032e-001
7.351315e+003,7.365694e-001
7.355172e+003,7.362198e-001
7.359029e+003,7.377304e-001
7.362886e+003,7.374956e-001
7.366743e+003,7.350361e-001
7.370600e+003,7.338532e-001
7.374457e+003,7.339137e-001
7.378313e+003,7.348704e-001
7.382171e+003,7.332749e-001
7.386027e+003,7.316859e-001
7.389885e+003,7.314605e-001
7.393741e+003,7.318040e-001
7.397599e+003,7.308156e-001
7.401455e+003,7.298633e-001
7.405313e+003,7.294463e-001
7.409169e+003,7.294315e-001
7.413026e+003,7.291804e-001
7.416883e+003,7.272275e-001
7.420740e+003,7.268268e-001
7.424597e+003,7.276914e-001
7.428454e+003,7.261319e-001
7.432311e+003,7.248374e-001
7.436168e+003,7.241718e-001
7.440024e+003,7.231947e-001
7.443882e+003,7.251300e-001
7.447738e+003,7.250651e-001
7.451596e+003,7.230142e-001
7.455452e+003,7.221678e-001
7.459310e+003,7.224298e-001
7.463166e+003,7.214373e-001
7.467023e+003,7.205445e-001
7.470880e+003,7.219639e-001
7.474737e+003,7.227464e-001
7.478594e+003,7.211623e-001
7.482451e+003,7.199799e-001
7.486308e+003,7.202374e-001
7.490165e+003,7.198881e-001
7.494021e+003,7.192826e-001
7.497879e+003,7.184097e-001
7.501735e+003,7.173713e-001
7.505593e+003,7.165299e-001
7.509449e+003,7.170204e-001
7.513307e+003,7.167262e-001
7.517163e+003,7.166857e-001
7.521021e+003,7.157936e-001
7.524877e+003,7.144726e-001
7.528734e+003,7.133363e-001
7.532591e+003,7.141449e-001
7.536448e+003,7.147264e-001
7.540305e+003,7.140030e-001
7.544162e+003,7.145182e-001
7.548019e+003,7.143511e-001
7.551876e+003,7.138391e-001
7.555732e+003,7.138150e-001
7.559590e+003,7.131605e-001
7.563446e+003,7.122896e-001
7.567304e+003,7.124027e-001
7.571160e+003,7.123851e-001
7.575018e+003,7.123995e-001
7.578874e+003,7.128479e-001
7.582731e+003,7.121280e-001
7.586588e+003,7.124217e-001
7.590445e+003,7.117736e-001
7.594302e+003,7.110442e-001
7.598159e+003,7.115191e-001
7.602016e+003,7.119389e-001
7.605873e+003,7.117164e-001
7.609729e+003,7.108272e-001
7.613587e+003,7.100241e-001
7.617443e+003,7.097351e-001
7.621301e+003,7.108020e-001
7.625157e+003,7.126523e-001
7.629015e+003,7.114226e-001
7.632871e+003,7.087048e-001
7.636729e+003,7.090068e-001
7.640585e+003,7.105186e-001
7.644442e+003,7.123865e-001
7.648299e+003,7.115820e-001
7.652156e+003,7.100229e-001
7.656013e+003,7.103275e-001
7.659870e+003,7.100483e-001
7.663727e+003,7.100348e-001
7.667584e+003,7.102114e-001
7.671440e+003,7.103458e-001
7.675298e+003,7.095599e-001
7.679154e+003,7.099386e-001
7.683012e+003,7.107083e-001
7.686868e+003,7.109640e-001
7.690726e+003,7.105564e-001
7.694582e+003,7.113529e-001
7.698439e+003,7.109979e-001
7.702296e+003,7.103682e-001
7.706153e+003,7.109514e-001
7.710010e+003,7.123307e-001
7.713867e+003,7.120138e-001
7.717724e+003,7.097554e-001
7.721581e+003,7.090539e-001
7.725438e+003,7.097828e-001
7.729295e+003,7.110572e-001
7.733151e+003,7.112529e-001
7.737009e+003,7.105854e-001
7.740865e+003,7.099633e-001
7.744723e+003,7.092393e-001
7.748579e+003,7.095084e-001
7.752437e+003,7.093875e-001
7.756293e+003,7.079334e-001
7.760150e+003,7.101105e-001
7.764007e+003,7.112280e-001
7.767864e+003,7.104029e-001
7.771721e+003,7.105058e-001
7.775578e+003,7.118047e-001
7.779435e+003,7.118797e-001
7.783292e+003,7.129532e-001
7.787148e+003,7.127514e-001
7.791006e+003,7.127318e-001
7.794862e+003,7.119698e-001
7.798720e+003,7.104858e-001
7.802576e+003,7.100928e-001
7.806434e+003,7.109841e-001
7.810290e+003,7.115394e-001
7.814147e+003,7.116524e-001
7.818004e+003,7.129663e-001
7.821861e+003,7.133617e-001
7.825718e+003,7.123861e-001
7.829575e+003,7.123828e-001
7.833432e+003,7.138609e-001
7.837289e+003,7.139385e-001
7.841146e+003,7.130666e-001
7.845003e+003,7.138953e-001
7.848859e+003,7.141445e-001
7.852717e+003,7.141569e-001
7.856573e+003,7.120449e-001
7.860431e+003,7.131747e-001
7.864287e+003,7.145888e-001
7.868145e+003,7.139537e-001
7.872001e+003,7.150220e-001
7.875858e+003,7.134842e-001
7.879715e+003,7.117955e-001
7.883572e+003,7.132326e-001
7.887429e+003,7.135211e-001
7.891286e+003,7.148612e-001
7.895143e+003,7.148592e-001
7.899000e+003,7.134778e-001
7.902856e+003,7.130807e-001
7.906714e+003,7.143911e-001
7.910570e+003,7.156477e-001
7.914428e+003,7.149201e-001
7.918284e+003,7.155092e-001
7.922142e+003,7.154483e-001
7.925998e+003,7.131194e-001
7.929855e+003,7.134522e-001
7.933712e+003,7.139789e-001
7.937569e+003,7.144681e-001
7.941426e+003,7.139246e-001
7.945283e+003,7.151089e-001
7.949140e+003,7.150534e-001
7.952997e+003,7.125762e-001
7.956854e+003,7.133501e-001
7.960711e+003,7.143705e-001
7.964567e+003,7.130382e-001
7.968425e+003,7.141972e-001
7.972281e+003,7.142702e-001
7.976139e+003,7.140908e-001
7.979995e+003,7.149775e-001
7.983853e+003,7.152678e-001
7.987709e+003,7.131209e-001
7.991566e+003,7.125390e-001
7.995423e+003,7.127975e-001
7.999280e+003,7.127140e-001
8.003137e+003,7.126861e-001
8.006994e+003,7.137480e-001
8.010851e+003,7.161138e-001
8.014708e+003,7.162163e-001
8.018564e+003,7.148126e-001
8.022422e+003,7.151472e-001
8.026278e+003,7.152674e-001
8.030136e+003,7.138751e-001
8.033992e+003,7.145690e-001
8.037850e+003,7.157015e-001
8.041706e+003,7.147559e-001
8.045563e+003,7.155321e-001
8.049420e+003,7.142328e-001
8.053277e+003,7.137069e-001
8.057134e+003,7.152414e-001
8.060991e+003,7.150850e-001
8.064848e+003,7.163731e-001
8.068705e+003,7.156963e-001
8.072562e+003,7.143399e-001
8.076419e+003,7.143345e-001
8.080275e+003,7.166507e-001
8.084133e+003,7.168006e-001
8.087989e+003,7.163287e-001
8.091847e+003,7.162338e-001
8.095703e+003,7.163652e-001
8.099561e+003,7.179728e-001
8.103417e+003,7.176256e-001
8.107274e+003,7.156187e-001
8.111131e+003,7.169606e-001
8.114988e+003,7.196521e-001
8.118845e+003,7.198249e-001
8.122702e+003,7.194078e-001
8.126559e+003,7.204517e-001
8.130416e+003,7.193890e-001
8.134272e+003,7.194246e-001
8.138130e+003,7.207308e-001
8.141986e+003,7.219937e-001
8.145844e+003,7.219816e-001
8.149700e+003,7.212322e-001
8.153558e+003,7.213656e-001
8.157414e+003,7.227176e-001
8.161271e+003,7.240862e-001
8.165128e+003,7.235906e-001
8.168985e+003,7.237526e-001
8.172842e+003,7.253082e-001
8.176699e+003,7.244698e-001
8.180556e+003,7.221817e-001
8.184413e+003,7.229655e-001
8.188270e+003,7.258320e-001
8.192127e+003,7.253796e-001
8.195983e+003,7.248440e-001
8.199841e+003,7.242039e-001
8.203697e+003,7.242090e-001
8.207555e+003,7.249583e-001
8.211411e+003,7.244860e-001
8.215269e+003,7.267820e-001
8.219125e+003,7.294456e-001
8.222982e+003,7.282388e-001
8.226839e+003,7.274666e-001
8.230696e+003,7.267005e-001
8.234553e+003,7.279492e-001
8.238410e+003,7.281086e-001
8.242267e+003,7.289653e-001
8.246124e+003,7.278385e-001
8.249980e+003,7.256015e-001
8.253838e+003,7.276794e-001
8.257694e+003,7.290469e-001
8.261552e+003,7.295908e-001
8.265408e+003,7.272502e-001
8.269266e+003,7.266774e-001
8.273122e+003,7.281626e-001
8.276979e+003,7.268985e-001
8.280836e+003,7.267813e-001
8.284693e+003,7.293323e-001
8.288550e+003,7.295544e-001
8.292407e+003,7.266623e-001
8.296264e+003,7.269135e-001
8.300121e+003,7.283377e-001
8.303978e+003,7.284186e-001
8.307835e+003,7.279934e-001
8.311691e+003,7.286477e-001
8.315549e+003,7.294815e-001
8.319405e+003,7.311582e-001
8.323263e+003,7.316995e-001
8.327119e+003,7.306319e-001
8.330977e+003,7.318737e-001
8.334833e+003,7.309421e-001
8.338690e+003,7.304997e-001
8.342547e+003,7.291676e-001
8.346404e+003,7.285489e-001
8.350261e+003,7.285683e-001
8.354118e+003,7.307482e-001
8.357975e+003,7.301079e-001
8.361832e+003,7.297776e-001
8.365688e+003,7.287833e-001
8.369546e+003,7.274453e-001
8.373402e+003,7.292905e-001
8.377260e+003,7.303199e-001
8.381116e+003,7.277059e-001
8.384974e+003,7.254054e-001
8.388830e+003,7.260916e-001
8.392688e+003,7.267509e-001
8.396544e+003,7.280106e-001
8.400401e+003,7.271424e-001
8.404258e+003,7.272228e-001
8.408115e+003,7.272627e-001
8.411972e+003,7.250797e-001
8.415829e+003,7.235340e-001
8.419686e+003,7.242895e-001
8.423543e+003,7.243678e-001
8.427399e+003,7.264848e-001
8.431257e+003,7.266953e-001
8.435113e+003,7.260084e-001
8.438971e+003,7.234450e-001
8.442827e+003,7.218006e-001
8.446685e+003,7.227805e-001
8.450541e+003,7.226113e-001
8.454398e+003,7.229803e-001
8.458255e+003,7.246923e-001
8.462112e+003,7.264614e-001
8.465969e+003,7.244141e-001
8.469826e+003,7.248122e-001
8.473683e+003,7.254011e-001
8.477540e+003,7.243054e-001
8.481396e+003,7.222621e-001
8.485254e+003,7.215859e-001
8.489110e+003,7.209805e-001
8.492968e+003,7.205186e-001
8.496824e+003,7.210442e-001
8.500682e+003,7.202839e-001
8.504538e+003,7.204018e-001
8.508396e+003,7.200045e-001
8.512252e+003,7.198833e-001
8.516109e+003,7.208610e-001
8.519966e+003,7.205060e-001
8.523823e+003,7.209492e-001
8.527680e+003,7.179527e-001
8.531537e+003,7.153800e-001
8.535394e+003,7.137184e-001
8.539251e+003,7.152078e-001
8.543107e+003,7.177472e-001
8.546965e+003,7.165748e-001
8.550821e+003,7.167245e-001
8.554679e+003,7.152001e-001
8.558535e+003,7.114509e-001
8.562393e+003,7.129804e-001
8.566249e+003,7.154828e-001
8.570106e+003,7.137435e-001
8.573963e+003,7.113953e-001
8.577820e+003,7.127126e-001
8.581677e+003,7.142076e-001
8.585534e+003,7.131495e-001
8.589391e+003,7.108146e-001
8.593248e+003,7.114706e-001
8.597104e+003,7.114478e-001
8.600962e+003,7.115511e-001
8.604818e+003,7.126776e-001
8.608676e+003,7.109369e-001
8.612532e+003,7.103035e-001
8.616390e+003,7.105256e-001
8.620246e+003,7.085661e-001
8.624104e+003,7.087581e-001
8.627960e+003,7.109492e-001
8.631817e+003,7.109926e-001
8.635674e+003,7.090175e-001
8.639531e+003,7.075700e-001
8.643388e+003,7.058342e-001
8.647245e+003,7.069433e-001
8.651102e+003,7.085921e-001
8.654959e+003,7.097247e-001
8.658815e+003,7.077000e-001
8.662673e+003,7.066550e-001
8.666529e+003,7.062955e-001
8.670387e+003,7.077993e-001
8.674243e+003,7.081512e-001
8.678101e+003,7.036598e-001
8.681957e+003,7.024269e-001
8.685814e+003,7.058164e-001
8.689671e+003,7.050486e-001
8.693528e+003,7.048206e-001
8.697385e+003,7.058221e-001
8.701242e+003,7.045330e-001
8.705099e+003,7.034499e-001
8.708956e+003,7.024689e-001
8.712813e+003,7.010599e-001
8.716670e+003,6.993858e-001
8.720526e+003,7.001637e-001
8.724384e+003,7.009882e-001
8.728240e+003,6.992357e-001
8.732098e+003,6.971270e-001
8.735954e+003,6.987985e-001
8.739812e+003,7.016268e-001
8.743668e+003,7.018860e-001
8.747525e+003,7.001321e-001
8.751382e+003,7.016024e-001
8.755239e+003,7.012691e-001
8.759096e+003,6.984066e-001
8.762953e+003,6.993126e-001
8.766810e+003,7.005686e-001
8.770667e+003,6.993638e-001
8.774523e+003,6.973644e-001
8.778381e+003,6.972194e-001
8.782237e+003,6.978795e-001
8.786095e+003,6.961792e-001
8.789951e+003,6.960179e-001
8.793809e+003,6.950835e-001
8.797665e+003,6.954587e-001
8.801522e+003,6.969246e-001
8.805379e+003,6.952620e-001
8.809236e+003,6.957436e-001
8.813093e+003,6.981714e-001
8.816950e+003,6.966689e-001
8.820807e+003,6.959421e-001
8.824664e+003,6.963294e-001
8.828521e+003,6.947534e-001
8.832378e+003,6.952190e-001
8.836234e+003,6.947550e-001
8.840092e+003,6.932876e-001
8.843948e+003,6.955968e-001
8.847806e+003,6.963721e-001
8.851662e+003,6.973997e-001
8.855520e+003,6.969541e-001
8.859376e+003,6.947040e-001
8.863233e+003,6.919084e-001
8.867090e+003,6.932089e-001
8.870947e+003,6.938888e-001
8.874804e+003,6.921974e-001
8.878661e+003,6.944273e-001
8.882518e+003,6.967055e-001
8.886375e+003,6.930739e-001
8.890231e+003,6.931230e-001
8.894089e+003,6.945674e-001
8.897945e+003,6.924828e-001
8.901803e+003,6.933118e-001
8.905659e+003,6.940823e-001
8.909517e+003,6.945109e-001
8.913373e+003,6.946205e-001
8.917230e+003,6.934854e-001
8.921087e+003,6.947523e-001
8.924944e+003,6.941019e-001
8.928801e+003,6.914929e-001
8.932658e+003,6.930770e-001
8.936515e+003,6.928166e-001
8.940372e+003,6.930487e-001
8.944229e+003,6.931672e-001
8.948086e+003,6.926411e-001
8.951942e+003,6.905659e-001
8.955800e+003,6.925855e-001
8.959656e+003,6.940376e-001
8.963514e+003,6.916834e-001
8.967370e+003,6.914005e-001
8.971228e+003,6.959284e-001
8.975084e+003,6.952090e-001
8.978941e+003,6.930820e-001
8.982798e+003,6.922281e-001
8.986655e+003,6.924471e-001
8.990512e+003,6.952648e-001
8.994369e+003,6.968634e-001
8.998226e+003,6.966009e-001
9.002083e+003,6.943638e-001
9.005939e+003,6.926437e-001
9.009797e+003,6.937191e-001
9.013653e+003,6.944871e-001
9.017511e+003,6.931078e-001
9.021367e+003,6.904101e-001
9.025225e+003,6.933199e-001
9.029081e+003,6.966289e-001
9.032938e+003,6.961266e-001
9.036795e+003,6.937240e-001
9.040652e+003,6.931340e-001
9.044509e+003,6.958988e-001
9.048366e+003,6.983296e-001
9.052223e+003,6.954727e-001
9.056080e+003,6.921495e-001
9.059937e+003,6.930640e-001
9.063794e+003,6.928930e-001
9.067650e+003,6.916858e-001
9.071508e+003,6.938869e-001
9.075364e+003,6.949084e-001
9.079222e+003,6.956354e-001
9.083078e+003,6.960881e-001
9.086936e+003,6.924302e-001
9.090792e+003,6.933956e-001
9.094649e+003,6.970811e-001
9.098506e+003,6.978066e-001
9.102363e+003,6.971136e-001
9.106220e+003,6.937171e-001
9.110077e+003,6.951599e-001
9.113934e+003,6.966997e-001
9.117791e+003,6.959711e-001
9.121647e+003,6.961101e-001
9.125505e+003,6.953583e-001
9.129361e+003,6.973425e-001
9.133219e+003,6.959107e-001
9.137075e+003,6.944175e-001
9.140933e+003,6.939156e-001
9.144789e+003,6.965346e-001
9.148646e+003,6.962915e-001
9.152503e+003,6.982203e-001
9.156360e+003,6.989923e-001
9.160217e+003,6.999491e-001
9.164074e+003,6.981856e-001
9.167931e+003,6.944348e-001
9.171788e+003,6.935076e-001
9.175645e+003,6.965862e-001
9.179502e+003,6.956946e-001
9.183358e+003,6.944802e-001
9.187216e+003,6.962711e-001
9.191072e+003,6.976605e-001
9.194930e+003,6.985369e-001
9.198786e+003,6.998928e-001
9.202644e+003,6.968997e-001
9.206500e+003,6.952419e-001
9.210357e+003,6.944942e-001
9.214214e+003,6.972899e-001
9.218071e+003,7.005751e-001
9.221928e+003,7.011402e-001
9.225785e+003,6.981609e-001
9.229642e+003,6.932872e-001
9.233499e+003,6.971264e-001
9.237355e+003,6.985369e-001
9.241213e+003,6.953515e-001
9.245069e+003,6.985008e-001
9.248927e+003,7.001664e-001
9.252783e+003,6.965771e-001
9.256641e+003,6.934313e-001
9.260497e+003,6.959557e-001
9.264354e+003,6.955674e-001
9.268211e+003,6.964622e-001
9.272068e+003,6.992036e-001
9.275925e+003,6.982807e-001
9.279782e+003,6.969619e-001
9.283639e+003,6.948854e-001
9.287496e+003,6.926481e-001
9.291353e+003,6.949276e-001
9.295210e+003,6.964447e-001
9.299066e+003,6.975688e-001
9.302924e+003,6.978502e-001
9.306780e+003,6.975105e-001
9.310638e+003,6.986214e-001
9.314494e+003,6.972718e-001
9.318352e+003,6.946958e-001
9.322208e+003,6.971510e-001
9.326065e+003,7.011896e-001
9.329922e+003,6.993049e-001
9.333779e+003,6.953357e-001
9.337636e+003,6.996801e-001
9.341493e+003,7.006114e-001
9.345350e+003,6.997094e-001
9.349207e+003,6.990515e-001
9.353063e+003,6.976407e-001
9.356921e+003,6.990589e-001
9.360777e+003,6.986631e-001
9.364635e+003,6.988413e-001
9.368491e+003,7.022380e-001
9.372349e+003,7.022979e-001
9.376205e+003,6.974437e-001
9.380063e+003,6.971097e-001
9.383919e+003,7.006614e-001
9.387776e+003,7.052693e-001
9.391633e+003,7.005249e-001
9.395490e+003,6.977115e-001
9.399347e+003,6.997741e-001
9.403204e+003,6.984107e-001
9.407061e+003,6.944975e-001
9.410918e+003,6.950593e-001
9.414774e+003,6.973794e-001
9.418632e+003,6.993935e-001
9.422488e+003,7.024505e-001
9.426346e+003,7.034032e-001
9.430202e+003,7.023270e-001
9.434060e+003,7.008054e-001
9.437916e+003,6.999039e-001
9.441773e+003,7.007169e-001
9.445630e+003,6.982239e-001
9.449487e+003,6.971415e-001
9.453344e+003,6.996840e-001
9.457201e+003,6.994835e-001
9.461058e+003,7.002504e-001
9.464915e+003,7.032056e-001
9.468771e+003,6.995513e-001
9.472629e+003,7.006776e-001
9.476485e+003,7.024243e-001
9.480343e+003,6.999769e-001
9.484199e+003,6.999421e-001
9.488057e+003,7.015929e-001
9.491913e+003,7.035048e-001
9.495771e+003,7.043329e-001
9.499627e+003,7.029325e-001
9.503484e+003,7.035999e-001
9.507341e+003,7.014431e-001
9.511198e+003,6.992641e-001
9.515055e+003,6.963115e-001
9.518912e+003,6.991113e-001
9.522769e+003,7.008712e-001
9.526626e+003,6.981016e-001
9.530482e+003,7.006965e-001
9.534340e+003,7.020828e-001
9.538196e+003,6.998094e-001
9.542054e+003,6.991137e-001
9.545910e+003,6.990125e-001
9.549768e+003,7.015591e-001
9.553624e+003,7.064484e-001
9.557481e+003,7.006912e-001
9.561338e+003,6.942343e-001
9.565195e+003,6.982267e-001
9.569052e+003,7.016398e-001
9.572909e+003,7.011511e-001
9.576766e+003,7.051043e-001
9.580623e+003,7.031162e-001
9.584479e+003,7.010251e-001
9.588337e+003,7.020772e-001
9.592193e+003,7.039758e-001
9.596051e+003,7.045680e-001
9.599907e+003,7.037606e-001
9.603765e+003,7.030913e-001
9.607621e+003,7.010564e-001
9.611479e+003,7.005507e-001
9.615335e+003,7.042665e-001
9.619192e+003,7.044406e-001
9.623049e+003,7.037953e-001
9.626906e+003,6.995974e-001
9.630763e+003,7.003011e-001
9.634620e+003,7.070369e-001
9.638477e+003,7.066081e-001
9.642334e+003,7.019575e-001
9.646190e+003,7.036065e-001
9.650048e+003,7.020814e-001
9.653904e+003,7.032506e-001
9.657762e+003,7.047871e-001
9.661618e+003,7.057695e-001
9.665476e+003,7.018864e-001
9.669332e+003,6.998380e-001
9.673189e+003,7.001325e-001
9.677046e+003,7.036868e-001
9.680903e+003,7.082447e-001
9.684760e+003,7.069381e-001
9.688617e+003,7.019296e-001
9.692474e+003,6.975071e-001
9.696331e+003,6.975272e-001
9.700188e+003,7.034856e-001
9.704045e+003,7.055627e-001
9.707901e+003,7.051374e-001
9.711759e+003,7.050850e-001
9.715615e+003,7.063962e-001
9.719473e+003,7.058328e-001
9.723329e+003,7.059401e-001
9.727187e+003,7.067826e-001
9.731043e+003,7.043659e-001
9.734900e+003,7.031257e-001
9.738757e+003,7.021565e-001
9.742614e+003,7.037078e-001
9.746471e+003,7.042881e-001
9.750328e+003,7.065300e-001
9.754185e+003,7.053685e-001
9.758042e+003,7.063735e-001
9.761898e+003,7.065170e-001
9.765756e+003,7.049007e-001
9.769612e+003,7.034712e-001
9.773470e+003,7.000247e-001
9.777326e+003,7.019700e-001
9.781184e+003,7.028912e-001
9.785040e+003,7.020287e-001
9.788897e+003,7.018063e-001
9.792754e+003,7.028611e-001
9.796611e+003,7.042747e-001
9.800468e+003,7.028019e-001
9.804325e+003,7.019223e-001
9.808182e+003,7.041426e-001
9.812039e+003,7.108783e-001
9.815896e+003,7.109008e-001
9.819753e+003,7.055825e-001
9.823609e+003,7.024810e-001
9.827467e+003,7.002286e-001
9.831323e+003,7.000467e-001
9.835181e+003,7.022784e-001
9.839037e+003,7.077246e-001
9.842895e+003,7.097590e-001
9.846751e+003,7.055160e-001
9.850608e+003,7.079476e-001
9.854465e+003,7.090644e-001
9.858322e+003,7.091118e-001
9.862179e+003,7.083297e-001
9.866036e+003,7.057370e-001
9.869893e+003,7.041650e-001
9.873750e+003,7.014970e-001
9.877606e+003,7.033162e-001
9.881464e+003,7.057249e-001
9.885320e+003,7.034367e-001
9.889178e+003,7.023918e-001
9.893034e+003,7.033268e-001
9.896892e+003,7.002146e-001
9.900748e+003,6.981552e-001
9.904605e+003,7.018389e-001
9.908462e+003,7.047420e-001
9.912319e+003,7.075232e-001
9.916176e+003,7.092630e-001
9.920033e+003,7.146024e-001
9.923890e+003,7.111974e-001
9.927747e+003,7.061717e-001
9.931604e+003,7.058164e-001
9.935461e+003,7.054365e-001
9.939317e+003,7.100813e-001
9.943175e+003,7.106308e-001
9.947031e+003,7.074937e-001
9.950889e+003,7.059653e-001
9.954745e+003,7.046100e-001
9.958603e+003,7.047538e-001
9.962459e+003,7.044315e-001
9.966316e+003,7.054099e-001
9.970173e+003,7.081323e-001
9.974030e+003,7.073274e-001
9.977887e+003,7.022120e-001
9.981744e+003,7.006402e-001
9.985601e+003,6.999526e-001
9.989458e+003,7.022429e-001
9.993314e+003,7.091715e-001
9.997172e+003,7.130210e-001
1.000103e+004,7.089941e-001
