3.999640e+003,8.271500e-002
4.003497e+003,5.423783e-002
4.007354e+003,2.871368e-002
4.011211e+003,-8.807859e-003
4.015068e+003,-3.202512e-002
4.018925e+003,3.994662e-002
4.022781e+003,5.854763e-002
4.026638e+003,1.774910e-002
4.030495e+003,2.305358e-002
4.034352e+003,2.864720e-004
4.038209e+003,8.351959e-002
4.042066e+003,2.046374e-001
4.045923e+003,2.372527e-001
4.049780e+003,8.331084e-002
4.053637e+003,6.452454e-002
4.057494e+003,2.687292e-001
4.061351e+003,3.929507e-001
4.065208e+003,4.989531e-001
4.069065e+003,3.758417e-001
4.072922e+003,3.607632e-001
4.076779e+003,4.359080e-001
4.080635e+003,4.844436e-001
4.084492e+003,6.358383e-001
4.088349e+003,5.540642e-001
4.092206e+003,3.957382e-001
4.096063e+003,5.402477e-001
4.099920e+003,6.297198e-001
4.103777e+003,6.112432e-001
4.107634e+003,4.936319e-001
4.111491e+003,4.599572e-001
4.115348e+003,4.796272e-001
4.119205e+003,4.587044e-001
4.123062e+003,5.050823e-001
4.126919e+003,6.851905e-001
4.130775e+003,7.669792e-001
4.134633e+003,7.249854e-001
4.138489e+003,6.867258e-001
4.142347e+003,6.183365e-001
4.146203e+003,6.193839e-001
4.150061e+003,6.097794e-001
4.153917e+003,5.976720e-001
4.157774e+003,5.609493e-001
4.161631e+003,4.841756e-001
4.165488e+003,5.222865e-001
4.169345e+003,5.655092e-001
4.173202e+003,5.562152e-001
4.177059e+003,5.564259e-001
4.180916e+003,5.600490e-001
4.184772e+003,5.183123e-001
4.188630e+003,5.097052e-001
4.192486e+003,5.180432e-001
4.196344e+003,5.325537e-001
4.200200e+003,5.233169e-001
4.204058e+003,5.449060e-001
4.207914e+003,5.441582e-001
4.211771e+003,5.177681e-001
4.215628e+003,5.027267e-001
4.219485e+003,5.191747e-001
4.223342e+003,5.211360e-001
4.227199e+003,5.329248e-001
4.231056e+003,5.244067e-001
4.234913e+003,5.300294e-001
4.238770e+003,5.270135e-001
4.242627e+003,5.275604e-001
4.246483e+003,5.166571e-001
4.250341e+003,5.181689e-001
4.254197e+003,5.294765e-001
4.258055e+003,5.353637e-001
4.261911e+003,5.285239e-001
4.265769e+003,5.148669e-001
4.269625e+003,5.155171e-001
4.273482e+003,5.169894e-001
4.277339e+003,5.243245e-001
4.281196e+003,5.283216e-001
4.285053e+003,5.367894e-001
4.288910e+003,5.336055e-001
4.292767e+003,5.243918e-001
4.296624e+003,5.243770e-001
4.300480e+003,5.245222e-001
4.304338e+003,5.288804e-001
4.308194e+003,5.318249e-001
4.312052e+003,5.349591e-001
4.315908e+003,5.305510e-001
4.319766e+003,5.229398e-001
4.323622e+003,5.301020e-001
4.327479e+003,5.254815e-001
4.331336e+003,5.136659e-001
4.335193e+003,5.089866e-001
4.339050e+003,5.102492e-001
4.342907e+003,5.168113e-001
4.346764e+003,5.115728e-001
4.350621e+003,5.047057e-001
4.354478e+003,5.036179e-001
4.358335e+003,5.055034e-001
4.362191e+003,5.050175e-001
4.366049e+003,4.979005e-001
4.369905e+003,4.993770e-001
4.373763e+003,5.071728e-001
4.377619e+003,5.058098e-001
4.381477e+003,4.995181e-001
4.385333e+003,5.019910e-001
4.389190e+003,4.992914e-001
4.393047e+003,4.910015e-001
4.396904e+003,4.887055e-001
4.400761e+003,4.864429e-001
4.404618e+003,4.814888e-001
4.408475e+003,4.776129e-001
4.412332e+003,4.739187e-001
4.416188e+003,4.704967e-001
4.420046e+003,4.660130e-001
4.423902e+003,4.639602e-001
4.427760e+003,4.658464e-001
4.431616e+003,4.621230e-001
4.435474e+003,4.601805e-001
4.439330e+003,4.612278e-001
4.443188e+003,4.533713e-001
4.447044e+003,4.476833e-001
4.450901e+003,4.442716e-001
4.454758e+003,4.434512e-001
4.458615e+003,4.455783e-001
4.462472e+003,4.420787e-001
4.466329e+003,4.359541e-001
4.470186e+003,4.345132e-001
4.474043e+003,4.326018e-001
4.477899e+003,4.329241e-001
4.481757e+003,4.362201e-001
4.485613e+003,4.387091e-001
4.489471e+003,4.434901e-001
4.493327e+003,4.423451e-001
4.497185e+003,4.387963e-001
4.501041e+003,4.399316e-001
4.504898e+003,4.441164e-001
4.508755e+003,4.409217e-001
4.512612e+003,4.365394e-001
4.516469e+003,4.418108e-001
4.520326e+003,4.443190e-001
4.524183e+003,4.418516e-001
4.528040e+003,4.431861e-001
4.531896e+003,4.432940e-001
4.535754e+003,4.399689e-001
4.539610e+003,4.400100e-001
4.543468e+003,4.437101e-001
4.547324e+003,4.500172e-001
4.551182e+003,4.552721e-001
4.555038e+003,4.543577e-001
4.558896e+003,4.552097e-001
4.562752e+003,4.565439e-001
4.566609e+003,4.598400e-001
4.570466e+003,4.598378e-001
4.574323e+003,4.580178e-001
4.578180e+003,4.591540e-001
4.582037e+003,4.609566e-001
4.585894e+003,4.631672e-001
4.589751e+003,4.634156e-001
4.593607e+003,4.621178e-001
4.597465e+003,4.637180e-001
4.601321e+003,4.665090e-001
4.605179e+003,4.675206e-001
4.609035e+003,4.684868e-001
4.612893e+003,4.686221e-001
4.616749e+003,4.679745e-001
4.620606e+003,4.664934e-001
4.624463e+003,4.680926e-001
4.628320e+003,4.695916e-001
4.632177e+003,4.692734e-001
4.636034e+003,4.678521e-001
4.639891e+003,4.715977e-001
4.643748e+003,4.729585e-001
4.647604e+003,4.708072e-001
4.651462e+003,4.700944e-001
4.655318e+003,4.725690e-001
4.659176e+003,4.731977e-001
4.663032e+003,4.737543e-001
4.666890e+003,4.729315e-001
4.670746e+003,4.723350e-001
4.674604e+003,4.750115e-001
4.678460e+003,4.763764e-001
4.682317e+003,4.763668e-001
4.686174e+003,4.748155e-001
4.690031e+003,4.742747e-001
4.693888e+003,4.758359e-001
4.697745e+003,4.795577e-001
4.701602e+003,4.797776e-001
4.705459e+003,4.799631e-001
4.709315e+003,4.792055e-001
4.713173e+003,4.779477e-001
4.717029e+003,4.791187e-001
4.720887e+003,4.796554e-001
4.724743e+003,4.800049e-001
4.728601e+003,4.799580e-001
4.732457e+003,4.798695e-001
4.736314e+003,4.798182e-001
4.740171e+003,4.800630e-001
4.744028e+003,4.801761e-001
4.747885e+003,4.821601e-001
4.751742e+003,4.835204e-001
4.755599e+003,4.833818e-001
4.759456e+003,4.832901e-001
4.763313e+003,4.811072e-001
4.767170e+003,4.818405e-001
4.771026e+003,4.811216e-001
4.774884e+003,4.813373e-001
4.778740e+003,4.815382e-001
4.782598e+003,4.809946e-001
4.786454e+003,4.774365e-001
4.790312e+003,4.763076e-001
4.794168e+003,4.755452e-001
4.798025e+003,4.751990e-001
4.801882e+003,4.762255e-001
4.805739e+003,4.759936e-001
4.809596e+003,4.751497e-001
4.813453e+003,4.729926e-001
4.817310e+003,4.737397e-001
4.821167e+003,4.755688e-001
4.825023e+003,4.714726e-001
4.828881e+003,4.681852e-001
4.832737e+003,4.678030e-001
4.836595e+003,4.693798e-001
4.840451e+003,4.700930e-001
4.844309e+003,4.701171e-001
4.848165e+003,4.688301e-001
4.852022e+003,4.684835e-001
4.855879e+003,4.681830e-001
4.859736e+003,4.678015e-001
4.863593e+003,4.671137e-001
4.867450e+003,4.659525e-001
4.871307e+003,4.645606e-001
4.875164e+003,4.628853e-001
4.879021e+003,4.611833e-001
4.882878e+003,4.585203e-001
4.886734e+003,4.553910e-001
4.890592e+003,4.561454e-001
4.894448e+003,4.552794e-001
4.898306e+003,4.538139e-001
4.902162e+003,4.531747e-001
4.906020e+003,4.513421e-001
4.909876e+003,4.498326e-001
4.913733e+003,4.488378e-001
4.917590e+003,4.476658e-001
4.921447e+003,4.487581e-001
4.925304e+003,4.495926e-001
4.929161e+003,4.470125e-001
4.933018e+003,4.450963e-001
4.936875e+003,4.443716e-001
4.940731e+003,4.432437e-001
4.944589e+003,4.429627e-001
4.948445e+003,4.431053e-001
4.952303e+003,4.429127e-001
4.956159e+003,4.426587e-001
4.960017e+003,4.420268e-001
4.963873e+003,4.433679e-001
4.967730e+003,4.452306e-001
4.971587e+003,4.463909e-001
4.975444e+003,4.469857e-001
4.979301e+003,4.472271e-001
4.983158e+003,4.477853e-001
4.987015e+003,4.490187e-001
4.990872e+003,4.504529e-001
4.994729e+003,4.520397e-001
4.998586e+003,4.532448e-001
5.002442e+003,4.551874e-001
5.006300e+003,4.569096e-001
5.010156e+003,4.584470e-001
5.014014e+003,4.604157e-001
5.017870e+003,4.636343e-001
5.021728e+003,4.662735e-001
5.025584e+003,4.685671e-001
5.029441e+003,4.704646e-001
5.033298e+003,4.724482e-001
5.037155e+003,4.744483e-001
5.041012e+003,4.752302e-001
5.044869e+003,4.776020e-001
5.048726e+003,4.812161e-001
5.052583e+003,4.838555e-001
5.056439e+003,4.855190e-001
5.060297e+003,4.874695e-001
5.064153e+003,4.892344e-001
5.068011e+003,4.907853e-001
5.071867e+003,4.925525e-001
5.075725e+003,4.943141e-001
5.079581e+003,4.984195e-001
5.083438e+003,5.014004e-001
5.087295e+003,5.020840e-001
5.091152e+003,5.052299e-001
5.095009e+003,5.093027e-001
5.098866e+003,5.113074e-001
5.102723e+003,5.118324e-001
5.106580e+003,5.143690e-001
5.110437e+003,5.187781e-001
5.114294e+003,5.212783e-001
5.118150e+003,5.209744e-001
5.122008e+003,5.219764e-001
5.125864e+003,5.244724e-001
5.129722e+003,5.278273e-001
5.133578e+003,5.307582e-001
5.137436e+003,5.341861e-001
5.141292e+003,5.351932e-001
5.145149e+003,5.371307e-001
5.149006e+003,5.391635e-001
5.152863e+003,5.407099e-001
5.156720e+003,5.445995e-001
5.160577e+003,5.460507e-001
5.164434e+003,5.454093e-001
5.168291e+003,5.468569e-001
5.172147e+003,5.480900e-001
5.176005e+003,5.459839e-001
5.179861e+003,5.441278e-001
5.183719e+003,5.443016e-001
5.187575e+003,5.440668e-001
5.191433e+003,5.420120e-001
5.195289e+003,5.390436e-001
5.199146e+003,5.360634e-001
5.203003e+003,5.332073e-001
5.206860e+003,5.307217e-001
5.210717e+003,5.255499e-001
5.214574e+003,5.192978e-001
5.218431e+003,5.155724e-001
5.222288e+003,5.104219e-001
5.226145e+003,5.055888e-001
5.230002e+003,5.004118e-001
5.233858e+003,4.940684e-001
5.237716e+003,4.857317e-001
5.241572e+003,4.777592e-001
5.245430e+003,4.720636e-001
5.249286e+003,4.669704e-001
5.253144e+003,4.609595e-001
5.257000e+003,4.514656e-001
5.260857e+003,4.419473e-001
5.264714e+003,4.346496e-001
5.268571e+003,4.275514e-001
5.272428e+003,4.207805e-001
5.276285e+003,4.125111e-001
5.280142e+003,4.042552e-001
5.283999e+003,3.969062e-001
5.287855e+003,3.915274e-001
5.291713e+003,3.850941e-001
5.295569e+003,3.791028e-001
5.299427e+003,3.740788e-001
5.303283e+003,3.697451e-001
5.307141e+003,3.644139e-001
5.310997e+003,3.596033e-001
5.314854e+003,3.564321e-001
5.318711e+003,3.537706e-001
5.322568e+003,3.505184e-001
5.326425e+003,3.481423e-001
5.330282e+003,3.452232e-001
5.334139e+003,3.430916e-001
5.337996e+003,3.422357e-001
5.341853e+003,3.397040e-001
5.345710e+003,3.382599e-001
5.349566e+003,3.364902e-001
5.353424e+003,3.347011e-001
5.357280e+003,3.329268e-001
5.361138e+003,3.315184e-001
5.364994e+003,3.304107e-001
5.368852e+003,3.289563e-001
5.372708e+003,3.279461e-001
5.376565e+003,3.281356e-001
5.380422e+003,3.278551e-001
5.384279e+003,3.276229e-001
5.388136e+003,3.276305e-001
5.391993e+003,3.274202e-001
5.395850e+003,3.283522e-001
5.399707e+003,3.278717e-001
5.403563e+003,3.281442e-001
5.407421e+003,3.285577e-001
5.411277e+003,3.285937e-001
5.415135e+003,3.283967e-001
5.418991e+003,3.287402e-001
5.422849e+003,3.293730e-001
5.426705e+003,3.298679e-001
5.430563e+003,3.306281e-001
5.434419e+003,3.310062e-001
5.438276e+003,3.316937e-001
5.442133e+003,3.330937e-001
5.445990e+003,3.340434e-001
5.449847e+003,3.348441e-001
5.453704e+003,3.347622e-001
5.457561e+003,3.349210e-001
5.461418e+003,3.361526e-001
5.465274e+003,3.374594e-001
5.469132e+003,3.378565e-001
5.472988e+003,3.379698e-001
5.476846e+003,3.372899e-001
5.480702e+003,3.374668e-001
5.484560e+003,3.376859e-001
5.488416e+003,3.384825e-001
5.492273e+003,3.392462e-001
5.496130e+003,3.388238e-001
5.499987e+003,3.399208e-001
5.503844e+003,3.409014e-001
5.507701e+003,3.414149e-001
5.511558e+003,3.412057e-001
5.515415e+003,3.418336e-001
5.519271e+003,3.422385e-001
5.523129e+003,3.428037e-001
5.526985e+003,3.425709e-001
5.530843e+003,3.433794e-001
5.534699e+003,3.445871e-001
5.538557e+003,3.448067e-001
5.542413e+003,3.451765e-001
5.546271e+003,3.462090e-001
5.550127e+003,3.463147e-001
5.553984e+003,3.467016e-001
5.557841e+003,3.469645e-001
5.561698e+003,3.475028e-001
5.565555e+003,3.491489e-001
5.569412e+003,3.505944e-001
5.573269e+003,3.502400e-001
5.577126e+003,3.506676e-001
5.580982e+003,3.516773e-001
5.584840e+003,3.518994e-001
5.588696e+003,3.520224e-001
5.592554e+003,3.531894e-001
5.596410e+003,3.537726e-001
5.600268e+003,3.534947e-001
5.604124e+003,3.544690e-001
5.607981e+003,3.540574e-001
5.611838e+003,3.541682e-001
5.615695e+003,3.544173e-001
5.619552e+003,3.546903e-001
5.623409e+003,3.563429e-001
5.627266e+003,3.570995e-001
5.631123e+003,3.560656e-001
5.634979e+003,3.551042e-001
5.638837e+003,3.554493e-001
5.642693e+003,3.556069e-001
5.646551e+003,3.554445e-001
5.650407e+003,3.546549e-001
5.654265e+003,3.540500e-001
5.658121e+003,3.537268e-001
5.661979e+003,3.543675e-001
5.665835e+003,3.549609e-001
5.669692e+003,3.553602e-001
5.673549e+003,3.548676e-001
5.677406e+003,3.539282e-001
5.681263e+003,3.528481e-001
5.685120e+003,3.526317e-001
5.688977e+003,3.530526e-001
5.692834e+003,3.540581e-001
5.696690e+003,3.531177e-001
5.700548e+003,3.521503e-001
5.704404e+003,3.514712e-001
5.708262e+003,3.514699e-001
5.712118e+003,3.518590e-001
5.715976e+003,3.508720e-001
5.719832e+003,3.510296e-001
5.723689e+003,3.513461e-001
5.727546e+003,3.509906e-001
5.731403e+003,3.513739e-001
5.735260e+003,3.516098e-001
5.739117e+003,3.510922e-001
5.742974e+003,3.499452e-001
5.746831e+003,3.488200e-001
5.750688e+003,3.478113e-001
5.754545e+003,3.477395e-001
5.758401e+003,3.471836e-001
5.762259e+003,3.463182e-001
5.766115e+003,3.466746e-001
5.769973e+003,3.458179e-001
5.773829e+003,3.450624e-001
5.777687e+003,3.450776e-001
5.781543e+003,3.443582e-001
5.785400e+003,3.429011e-001
5.789257e+003,3.420549e-001
5.793114e+003,3.423585e-001
5.796971e+003,3.420181e-001
5.800828e+003,3.423612e-001
5.804685e+003,3.431110e-001
5.808542e+003,3.418388e-001
5.812398e+003,3.405649e-001
5.816256e+003,3.405813e-001
5.820112e+003,3.400205e-001
5.823970e+003,3.407632e-001
5.827826e+003,3.408619e-001
5.831684e+003,3.403943e-001
5.835540e+003,3.401340e-001
5.839397e+003,3.410153e-001
5.843254e+003,3.414767e-001
5.847111e+003,3.410209e-001
5.850968e+003,3.413763e-001
5.854825e+003,3.414019e-001
5.858682e+003,3.412637e-001
5.862539e+003,3.422971e-001
5.866396e+003,3.416416e-001
5.870253e+003,3.409189e-001
5.874109e+003,3.402049e-001
5.877967e+003,3.404215e-001
5.881823e+003,3.412659e-001
5.885681e+003,3.411188e-001
5.889537e+003,3.399441e-001
5.893395e+003,3.388977e-001
5.897251e+003,3.385911e-001
5.901108e+003,3.391389e-001
5.904965e+003,3.376906e-001
5.908822e+003,3.356425e-001
5.912679e+003,3.348187e-001
5.916536e+003,3.338414e-001
5.920393e+003,3.322527e-001
5.924250e+003,3.325754e-001
5.928106e+003,3.324246e-001
5.931964e+003,3.309009e-001
5.935820e+003,3.303800e-001
5.939678e+003,3.309723e-001
5.943534e+003,3.299275e-001
5.947392e+003,3.279547e-001
5.951248e+003,3.269705e-001
5.955105e+003,3.264903e-001
5.958962e+003,3.257623e-001
5.962819e+003,3.255583e-001
5.966676e+003,3.257900e-001
5.970533e+003,3.250365e-001
5.974390e+003,3.240120e-001
5.978247e+003,3.240465e-001
5.982104e+003,3.240179e-001
5.985961e+003,3.240531e-001
5.989817e+003,3.238973e-001
5.993675e+003,3.238855e-001
5.997531e+003,3.244102e-001
6.001389e+003,3.241427e-001
6.005245e+003,3.237641e-001
6.009103e+003,3.240033e-001
6.012959e+003,3.249201e-001
6.016816e+003,3.241566e-001
6.020673e+003,3.242774e-001
6.024530e+003,3.257322e-001
6.028387e+003,3.259996e-001
6.032244e+003,3.259653e-001
6.036101e+003,3.264517e-001
6.039958e+003,3.273375e-001
6.043814e+003,3.269417e-001
6.047672e+003,3.272765e-001
6.051528e+003,3.280734e-001
6.055386e+003,3.288894e-001
6.059242e+003,3.288918e-001
6.063100e+003,3.294792e-001
6.066956e+003,3.303204e-001
6.070813e+003,3.305585e-001
6.074670e+003,3.295479e-001
6.078527e+003,3.299002e-001
6.082384e+003,3.322335e-001
6.086241e+003,3.327233e-001
6.090098e+003,3.315588e-001
6.093955e+003,3.326728e-001
6.097812e+003,3.332574e-001
6.101669e+003,3.332660e-001
6.105525e+003,3.339964e-001
6.109383e+003,3.351094e-001
6.113239e+003,3.355985e-001
6.117097e+003,3.352720e-001
6.120953e+003,3.350658e-001
6.124811e+003,3.361161e-001
6.128667e+003,3.364682e-001
6.132524e+003,3.371829e-001
6.136381e+003,3.379738e-001
6.140238e+003,3.395647e-001
6.144095e+003,3.400024e-001
6.147952e+003,3.395913e-001
6.151809e+003,3.408701e-001
6.155666e+003,3.416519e-001
6.159522e+003,3.415181e-001
6.163380e+003,3.413130e-001
6.167236e+003,3.430604e-001
6.171094e+003,3.447332e-001
6.174950e+003,3.437105e-001
6.178808e+003,3.432909e-001
6.182664e+003,3.435926e-001
6.186521e+003,3.448568e-001
6.190378e+003,3.452039e-001
6.194235e+003,3.459131e-001
6.198092e+003,3.475391e-001
6.201949e+003,3.480778e-001
6.205806e+003,3.487390e-001
6.209663e+003,3.493946e-001
6.213520e+003,3.501685e-001
6.217377e+003,3.514929e-001
6.221233e+003,3.517452e-001
6.225091e+003,3.512318e-001
6.228947e+003,3.515282e-001
6.232805e+003,3.515525e-001
6.236661e+003,3.527268e-001
6.240519e+003,3.540168e-001
6.244375e+003,3.548526e-001
6.248232e+003,3.553666e-001
6.252089e+003,3.564788e-001
6.255946e+003,3.566020e-001
6.259803e+003,3.569439e-001
6.263660e+003,3.574585e-001
6.267517e+003,3.578652e-001
6.271374e+003,3.565491e-001
6.275230e+003,3.571133e-001
6.279088e+003,3.574689e-001
6.282944e+003,3.573958e-001
6.286802e+003,3.594536e-001
6.290658e+003,3.614340e-001
6.294516e+003,3.609982e-001
6.298372e+003,3.605986e-001
6.302229e+003,3.616249e-001
6.306086e+003,3.627593e-001
6.309943e+003,3.620857e-001
6.313800e+003,3.611519e-001
6.317657e+003,3.612866e-001
6.321514e+003,3.634217e-001
6.325371e+003,3.636733e-001
6.329228e+003,3.626525e-001
6.333085e+003,3.625833e-001
6.336941e+003,3.635449e-001
6.340799e+003,3.642347e-001
6.344655e+003,3.640182e-001
6.348513e+003,3.637913e-001
6.352369e+003,3.631058e-001
6.356227e+003,3.641947e-001
6.360083e+003,3.657850e-001
6.363940e+003,3.649825e-001
6.367797e+003,3.651275e-001
6.371654e+003,3.666125e-001
6.375511e+003,3.670615e-001
6.379368e+003,3.650733e-001
6.383225e+003,3.653577e-001
6.387082e+003,3.658121e-001
6.390938e+003,3.661662e-001
6.394796e+003,3.651232e-001
6.398652e+003,3.646902e-001
6.402510e+003,3.660276e-001
6.406366e+003,3.668725e-001
6.410224e+003,3.663499e-001
6.414080e+003,3.651485e-001
6.417938e+003,3.653439e-001
6.421794e+003,3.663803e-001
6.425651e+003,3.662397e-001
6.429508e+003,3.667481e-001
6.433365e+003,3.676107e-001
6.437222e+003,3.677054e-001
6.441079e+003,3.659681e-001
6.444936e+003,3.657739e-001
6.448793e+003,3.666543e-001
6.452649e+003,3.674135e-001
6.456507e+003,3.679023e-001
6.460363e+003,3.677810e-001
6.464221e+003,3.678762e-001
6.468077e+003,3.674490e-001
6.471935e+003,3.690981e-001
6.475791e+003,3.704998e-001
6.479648e+003,3.684089e-001
6.483505e+003,3.676324e-001
6.487362e+003,3.672014e-001
6.491219e+003,3.687017e-001
6.495076e+003,3.698441e-001
6.498933e+003,3.701842e-001
6.502790e+003,3.688844e-001
6.506646e+003,3.706094e-001
6.510504e+003,3.708302e-001
6.514360e+003,3.702326e-001
6.518218e+003,3.708916e-001
6.522074e+003,3.698716e-001
6.525932e+003,3.712671e-001
6.529788e+003,3.725529e-001
6.533646e+003,3.727573e-001
6.537502e+003,3.733093e-001
6.541359e+003,3.733136e-001
6.545216e+003,3.730115e-001
6.549073e+003,3.727605e-001
6.552930e+003,3.720160e-001
6.556787e+003,3.724983e-001
6.560644e+003,3.726512e-001
6.564501e+003,3.733970e-001
6.568357e+003,3.731618e-001
6.572215e+003,3.744745e-001
6.576071e+003,3.751836e-001
6.579929e+003,3.742225e-001
6.583785e+003,3.741828e-001
6.587643e+003,3.752876e-001
6.591499e+003,3.757577e-001
6.595356e+003,3.756516e-001
6.599213e+003,3.767435e-001
6.603070e+003,3.774807e-001
6.606927e+003,3.769029e-001
6.610784e+003,3.773165e-001
6.614641e+003,3.780786e-001
6.618498e+003,3.789589e-001
6.622354e+003,3.794453e-001
6.626212e+003,3.797275e-001
6.630068e+003,3.799337e-001
6.633926e+003,3.789392e-001
6.637782e+003,3.797587e-001
6.641640e+003,3.798039e-001
6.645496e+003,3.805996e-001
6.649354e+003,3.808563e-001
6.653210e+003,3.808141e-001
6.657067e+003,3.809701e-001
6.660924e+003,3.795988e-001
6.664781e+003,3.811884e-001
6.668638e+003,3.824741e-001
6.672495e+003,3.827524e-001
6.676352e+003,3.810249e-001
6.680209e+003,3.808245e-001
6.684065e+003,3.829653e-001
6.687923e+003,3.845252e-001
6.691779e+003,3.833202e-001
6.695637e+003,3.818223e-001
6.699493e+003,3.821208e-001
6.703351e+003,3.828280e-001
6.707207e+003,3.845806e-001
6.711064e+003,3.857766e-001
6.714921e+003,3.838981e-001
6.718778e+003,3.847291e-001
6.722635e+003,3.870159e-001
6.726492e+003,3.875798e-001
6.730349e+003,3.870809e-001
6.734206e+003,3.862862e-001
6.738063e+003,3.859473e-001
6.741920e+003,3.862259e-001
6.745776e+003,3.879551e-001
6.749634e+003,3.885018e-001
6.753490e+003,3.874593e-001
6.757348e+003,3.882007e-001
6.761204e+003,3.886601e-001
6.765062e+003,3.878590e-001
6.768918e+003,3.874593e-001
6.772775e+003,3.881884e-001
6.776632e+003,3.876334e-001
6.780489e+003,3.870799e-001
6.784346e+003,3.872461e-001
6.788203e+003,3.883314e-001
6.792060e+003,3.870565e-001
6.795917e+003,3.869268e-001
6.799773e+003,3.882578e-001
6.803631e+003,3.889272e-001
6.807487e+003,3.875988e-001
6.811345e+003,3.864829e-001
6.815201e+003,3.866216e-001
6.819059e+003,3.878080e-001
6.822915e+003,3.876794e-001
6.826772e+003,3.884812e-001
6.830629e+003,3.876793e-001
6.834486e+003,3.876371e-001
6.838343e+003,3.878424e-001
6.842200e+003,3.884097e-001
6.846057e+003,3.878112e-001
6.849914e+003,3.862422e-001
6.853771e+003,3.856809e-001
6.857628e+003,3.864637e-001
6.861484e+003,3.880303e-001
6.865342e+003,3.872743e-001
6.869198e+003,3.863952e-001
6.873056e+003,3.867568e-001
6.876912e+003,3.871822e-001
6.880770e+003,3.867130e-001
6.884626e+003,3.854411e-001
6.888483e+003,3.848374e-001
6.892340e+003,3.843096e-001
6.896197e+003,3.839760e-001
6.900054e+003,3.821823e-001
6.903911e+003,3.820837e-001
6.907768e+003,3.838178e-001
6.911625e+003,3.834282e-001
6.915481e+003,3.832659e-001
6.919339e+003,3.824182e-001
6.923195e+003,3.817271e-001
6.927053e+003,3.812386e-001
6.930909e+003,3.804083e-001
6.934767e+003,3.801637e-001
6.938623e+003,3.798647e-001
6.942480e+003,3.794670e-001
6.946337e+003,3.792655e-001
6.950194e+003,3.768562e-001
6.954051e+003,3.765474e-001
6.957908e+003,3.766429e-001
6.961765e+003,3.742786e-001
6.965622e+003,3.727000e-001
6.969479e+003,3.714016e-001
6.973336e+003,3.700417e-001
6.977192e+003,3.696097e-001
6.981050e+003,3.692402e-001
6.984906e+003,3.664622e-001
6.988764e+003,3.662320e-001
6.992620e+003,3.664310e-001
6.996478e+003,3.639375e-001
7.000334e+003,3.614008e-001
7.004191e+003,3.597596e-001
7.008048e+003,3.569258e-001
7.011905e+003,3.556404e-001
7.015762e+003,3.543600e-001
7.019619e+003,3.517641e-001
7.023476e+003,3.500569e-001
7.027333e+003,3.497191e-001
7.031189e+003,3.459596e-001
7.035047e+003,3.430111e-001
7.038903e+003,3.408971e-001
7.042761e+003,3.391785e-001
7.046617e+003,3.376527e-001
7.050475e+003,3.364754e-001
7.054331e+003,3.342198e-001
7.058188e+003,3.311739e-001
7.062045e+003,3.296586e-001
7.065902e+003,3.283852e-001
7.069759e+003,3.271112e-001
7.073616e+003,3.248295e-001
7.077473e+003,3.227038e-001
7.081330e+003,3.204387e-001
7.085187e+003,3.172896e-001
7.089044e+003,3.152677e-001
7.092900e+003,3.120215e-001
7.096758e+003,3.098583e-001
7.100614e+003,3.079510e-001
7.104472e+003,3.065632e-001
7.108328e+003,3.041537e-001
7.112186e+003,3.018578e-001
7.116042e+003,3.016792e-001
7.119899e+003,2.986573e-001
7.123756e+003,2.953017e-001
7.127613e+003,2.927983e-001
7.131470e+003,2.923473e-001
7.135327e+003,2.911128e-001
7.139184e+003,2.897142e-001
7.143041e+003,2.868761e-001
7.146897e+003,2.839634e-001
7.150755e+003,2.829023e-001
7.154611e+003,2.827442e-001
7.158469e+003,2.813268e-001
7.162325e+003,2.786938e-001
7.166183e+003,2.766582e-001
7.170039e+003,2.741736e-001
7.173896e+003,2.724983e-001
7.177753e+003,2.716456e-001
7.181610e+003,2.697996e-001
7.185467e+003,2.682485e-001
7.189324e+003,2.674977e-001
7.193181e+003,2.665460e-001
7.197038e+003,2.663065e-001
7.200895e+003,2.665215e-001
7.204752e+003,2.652104e-001
7.208608e+003,2.633019e-001
7.212466e+003,2.622361e-001
7.216322e+003,2.617318e-001
7.220180e+003,2.598836e-001
7.224036e+003,2.582666e-001
7.227894e+003,2.585630e-001
7.231750e+003,2.601660e-001
7.235607e+003,2.590953e-001
7.239464e+003,2.556167e-001
7.243321e+003,2.541211e-001
7.247178e+003,2.552620e-001
7.251035e+003,2.561898e-001
7.254892e+003,2.560234e-001
7.258749e+003,2.553075e-001
7.262605e+003,2.552197e-001
7.266463e+003,2.537511e-001
7.270319e+003,2.534684e-001
7.274177e+003,2.541555e-001
7.278033e+003,2.550935e-001
7.281891e+003,2.540139e-001
7.285747e+003,2.518038e-001
7.289604e+003,2.509968e-001
7.293461e+003,2.514102e-001
7.297318e+003,2.509123e-001
7.301175e+003,2.498448e-001
7.305032e+003,2.500010e-001
7.308889e+003,2.504905e-001
7.312746e+003,2.508079e-001
7.316603e+003,2.516311e-001
7.320460e+003,2.498869e-001
7.324316e+003,2.482257e-001
7.328174e+003,2.481977e-001
7.332030e+003,2.481268e-001
7.335888e+003,2.459235e-001
7.339744e+003,2.453964e-001
7.343602e+003,2.449104e-001
7.347458e+003,2.438098e-001
7.351315e+003,2.429417e-001
7.355172e+003,2.433771e-001
7.359029e+003,2.436674e-001
7.362886e+003,2.443777e-001
7.366743e+003,2.425308e-001
7.370600e+003,2.400669e-001
7.374457e+003,2.396276e-001
7.378313e+003,2.394837e-001
7.382171e+003,2.402555e-001
7.386027e+003,2.396608e-001
7.389885e+003,2.378153e-001
7.393741e+003,2.382678e-001
7.397599e+003,2.381666e-001
7.401455e+003,2.364290e-001
7.405313e+003,2.354454e-001
7.409169e+003,2.354896e-001
7.413026e+003,2.351185e-001
7.416883e+003,2.348939e-001
7.420740e+003,2.332629e-001
7.424597e+003,2.325405e-001
7.428454e+003,2.325139e-001
7.432311e+003,2.318757e-001
7.436168e+003,2.304161e-001
7.440024e+003,2.308637e-001
7.443882e+003,2.307614e-001
7.447738e+003,2.298294e-001
7.451596e+003,2.287791e-001
7.455452e+003,2.288412e-001
7.459310e+003,2.292591e-001
7.463166e+003,2.272376e-001
7.467023e+003,2.255722e-001
7.470880e+003,2.252676e-001
7.474737e+003,2.254235e-001
7.478594e+003,2.263218e-001
7.482451e+003,2.262921e-001
7.486308e+003,2.259375e-001
7.490165e+003,2.252343e-001
7.494021e+003,2.236708e-001
7.497879e+003,2.225927e-001
7.501735e+003,2.227909e-001
7.505593e+003,2.226461e-001
7.509449e+003,2.220510e-001
7.513307e+003,2.209146e-001
7.517163e+003,2.210299e-001
7.521021e+003,2.198867e-001
7.524877e+003,2.208191e-001
7.528734e+003,2.208225e-001
7.532591e+003,2.198634e-001
7.536448e+003,2.194207e-001
7.540305e+003,2.199912e-001
7.544162e+003,2.205786e-001
7.548019e+003,2.198040e-001
7.551876e+003,2.195456e-001
7.555732e+003,2.182578e-001
7.559590e+003,2.177277e-001
7.563446e+003,2.181248e-001
7.567304e+003,2.175663e-001
7.571160e+003,2.170990e-001
7.575018e+003,2.178100e-001
7.578874e+003,2.177289e-001
7.582731e+003,2.164999e-001
7.586588e+003,2.157088e-001
7.590445e+003,2.164572e-001
7.594302e+003,2.176061e-001
7.598159e+003,2.181763e-001
7.602016e+003,2.167556e-001
7.605873e+003,2.145732e-001
7.609729e+003,2.161237e-001
7.613587e+003,2.169259e-001
7.617443e+003,2.167306e-001
7.621301e+003,2.152813e-001
7.625157e+003,2.154021e-001
7.629015e+003,2.155385e-001
7.632871e+003,2.145681e-001
7.636729e+003,2.147215e-001
7.640585e+003,2.146623e-001
7.644442e+003,2.153831e-001
7.648299e+003,2.147680e-001
7.652156e+003,2.150201e-001
7.656013e+003,2.151500e-001
7.659870e+003,2.150438e-001
7.663727e+003,2.142127e-001
7.667584e+003,2.136160e-001
7.671440e+003,2.148850e-001
7.675298e+003,2.164147e-001
7.679154e+003,2.160508e-001
7.683012e+003,2.170205e-001
7.686868e+003,2.156682e-001
7.690726e+003,2.139765e-001
7.694582e+003,2.147780e-001
7.698439e+003,2.149447e-001
7.702296e+003,2.141062e-001
7.706153e+003,2.150560e-001
7.710010e+003,2.155980e-001
7.713867e+003,2.153465e-001
7.717724e+003,2.153356e-001
7.721581e+003,2.160967e-001
7.725438e+003,2.156141e-001
7.729295e+003,2.143684e-001
7.733151e+003,2.151899e-001
7.737009e+003,2.162576e-001
7.740865e+003,2.157826e-001
7.744723e+003,2.157606e-001
7.748579e+003,2.147646e-001
7.752437e+003,2.151016e-001
7.756293e+003,2.172847e-001
7.760150e+003,2.175487e-001
7.764007e+003,2.168329e-001
7.767864e+003,2.166227e-001
7.771721e+003,2.167698e-001
7.775578e+003,2.177516e-001
7.779435e+003,2.180458e-001
7.783292e+003,2.167764e-001
7.787148e+003,2.162847e-001
7.791006e+003,2.167144e-001
7.794862e+003,2.181090e-001
7.798720e+003,2.186174e-001
7.802576e+003,2.172924e-001
7.806434e+003,2.162192e-001
7.810290e+003,2.155966e-001
7.814147e+003,2.163319e-001
7.818004e+003,2.166265e-001
7.821861e+003,2.174118e-001
7.825718e+003,2.179335e-001
7.829575e+003,2.179923e-001
7.833432e+003,2.185863e-001
7.837289e+003,2.184047e-001
7.841146e+003,2.170532e-001
7.845003e+003,2.166968e-001
7.848859e+003,2.170836e-001
7.852717e+003,2.171843e-001
7.856573e+003,2.163336e-001
7.860431e+003,2.162637e-001
7.864287e+003,2.175470e-001
7.868145e+003,2.182131e-001
7.872001e+003,2.182108e-001
7.875858e+003,2.177726e-001
7.879715e+003,2.177035e-001
7.883572e+003,2.170910e-001
7.887429e+003,2.165391e-001
7.891286e+003,2.177179e-001
7.895143e+003,2.187226e-001
7.899000e+003,2.175425e-001
7.902856e+003,2.183796e-001
7.906714e+003,2.180951e-001
7.910570e+003,2.172315e-001
7.914428e+003,2.183476e-001
7.918284e+003,2.172852e-001
7.922142e+003,2.175837e-001
7.925998e+003,2.194976e-001
7.929855e+003,2.199855e-001
7.933712e+003,2.182826e-001
7.937569e+003,2.165020e-001
7.941426e+003,2.162150e-001
7.945283e+003,2.179549e-001
7.949140e+003,2.178644e-001
7.952997e+003,2.175580e-001
7.956854e+003,2.185221e-001
7.960711e+003,2.192896e-001
7.964567e+003,2.190074e-001
7.968425e+003,2.182832e-001
7.972281e+003,2.180381e-001
7.976139e+003,2.184139e-001
7.979995e+003,2.191675e-001
7.983853e+003,2.188223e-001
7.987709e+003,2.201647e-001
7.991566e+003,2.200390e-001
7.995423e+003,2.185985e-001
7.999280e+003,2.163041e-001
8.003137e+003,2.176473e-001
8.006994e+003,2.186452e-001
8.010851e+003,2.184925e-001
8.014708e+003,2.195862e-001
8.018564e+003,2.187199e-001
8.022422e+003,2.180448e-001
8.026278e+003,2.165546e-001
8.030136e+003,2.180424e-001
8.033992e+003,2.197577e-001
8.037850e+003,2.206636e-001
8.041706e+003,2.204600e-001
8.045563e+003,2.203232e-001
8.049420e+003,2.212878e-001
8.053277e+003,2.213376e-001
8.057134e+003,2.208252e-001
8.060991e+003,2.204589e-001
8.064848e+003,2.204874e-001
8.068705e+003,2.199729e-001
8.072562e+003,2.188020e-001
8.076419e+003,2.185672e-001
8.080275e+003,2.203703e-001
8.084133e+003,2.203977e-001
8.087989e+003,2.199752e-001
8.091847e+003,2.221173e-001
8.095703e+003,2.219968e-001
8.099561e+003,2.208991e-001
8.103417e+003,2.207998e-001
8.107274e+003,2.227611e-001
8.111131e+003,2.244153e-001
8.114988e+003,2.238987e-001
8.118845e+003,2.235815e-001
8.122702e+003,2.230503e-001
8.126559e+003,2.229576e-001
8.130416e+003,2.237728e-001
8.134272e+003,2.253880e-001
8.138130e+003,2.253033e-001
8.141986e+003,2.239518e-001
8.145844e+003,2.252447e-001
8.149700e+003,2.253285e-001
8.153558e+003,2.259918e-001
8.157414e+003,2.266139e-001
8.161271e+003,2.274238e-001
8.165128e+003,2.270323e-001
8.168985e+003,2.257271e-001
8.172842e+003,2.262482e-001
8.176699e+003,2.263624e-001
8.180556e+003,2.259407e-001
8.184413e+003,2.267913e-001
8.188270e+003,2.263040e-001
8.192127e+003,2.256524e-001
8.195983e+003,2.280615e-001
8.199841e+003,2.269464e-001
8.203697e+003,2.267543e-001
8.207555e+003,2.279682e-001
8.211411e+003,2.282462e-001
8.215269e+003,2.292545e-001
8.219125e+003,2.289755e-001
8.222982e+003,2.316664e-001
8.226839e+003,2.310016e-001
8.230696e+003,2.309554e-001
8.234553e+003,2.300203e-001
8.238410e+003,2.285562e-001
8.242267e+003,2.289004e-001
8.246124e+003,2.307003e-001
8.249980e+003,2.308560e-001
8.253838e+003,2.322306e-001
8.257694e+003,2.305930e-001
8.261552e+003,2.311927e-001
8.265408e+003,2.345157e-001
8.269266e+003,2.341486e-001
8.273122e+003,2.323087e-001
8.276979e+003,2.306058e-001
8.280836e+003,2.301415e-001
8.284693e+003,2.320230e-001
8.288550e+003,2.319899e-001
8.292407e+003,2.318363e-001
8.296264e+003,2.319021e-001
8.300121e+003,2.315878e-001
8.303978e+003,2.324739e-001
8.307835e+003,2.323678e-001
8.311691e+003,2.314655e-001
8.315549e+003,2.315783e-001
8.319405e+003,2.335416e-001
8.323263e+003,2.348401e-001
8.327119e+003,2.319217e-001
8.330977e+003,2.305845e-001
8.334833e+003,2.323537e-001
8.338690e+003,2.326550e-001
8.342547e+003,2.331358e-001
8.346404e+003,2.331063e-001
8.350261e+003,2.331273e-001
8.354118e+003,2.319761e-001
8.357975e+003,2.316719e-001
8.361832e+003,2.327470e-001
8.365688e+003,2.322024e-001
8.369546e+003,2.324198e-001
8.373402e+003,2.326597e-001
8.377260e+003,2.325182e-001
8.381116e+003,2.324032e-001
8.384974e+003,2.310915e-001
8.388830e+003,2.317110e-001
8.392688e+003,2.325840e-001
8.396544e+003,2.313684e-001
8.400401e+003,2.307608e-001
8.404258e+003,2.299640e-001
8.408115e+003,2.301663e-001
8.411972e+003,2.288870e-001
8.415829e+003,2.275342e-001
8.419686e+003,2.285331e-001
8.423543e+003,2.295325e-001
8.427399e+003,2.289326e-001
8.431257e+003,2.284281e-001
8.435113e+003,2.281044e-001
8.438971e+003,2.260863e-001
8.442827e+003,2.248222e-001
8.446685e+003,2.256948e-001
8.450541e+003,2.261344e-001
8.454398e+003,2.271776e-001
8.458255e+003,2.265889e-001
8.462112e+003,2.277861e-001
8.465969e+003,2.277655e-001
8.469826e+003,2.263267e-001
8.473683e+003,2.260187e-001
8.477540e+003,2.238583e-001
8.481396e+003,2.228061e-001
8.485254e+003,2.239734e-001
8.489110e+003,2.237267e-001
8.492968e+003,2.235311e-001
8.496824e+003,2.213060e-001
8.500682e+003,2.198583e-001
8.504538e+003,2.201763e-001
8.508396e+003,2.221796e-001
8.512252e+003,2.229663e-001
8.516109e+003,2.208654e-001
8.519966e+003,2.187342e-001
8.523823e+003,2.197464e-001
8.527680e+003,2.204764e-001
8.531537e+003,2.209174e-001
8.535394e+003,2.199621e-001
8.539251e+003,2.199715e-001
8.543107e+003,2.203130e-001
8.546965e+003,2.187317e-001
8.550821e+003,2.189450e-001
8.554679e+003,2.189158e-001
8.558535e+003,2.189237e-001
8.562393e+003,2.181352e-001
8.566249e+003,2.194748e-001
8.570106e+003,2.203955e-001
8.573963e+003,2.179545e-001
8.577820e+003,2.167068e-001
8.581677e+003,2.179427e-001
8.585534e+003,2.188716e-001
8.589391e+003,2.166494e-001
8.593248e+003,2.169031e-001
8.597104e+003,2.167897e-001
8.600962e+003,2.134738e-001
8.604818e+003,2.144023e-001
8.608676e+003,2.136246e-001
8.612532e+003,2.125996e-001
8.616390e+003,2.119244e-001
8.620246e+003,2.129188e-001
8.624104e+003,2.116103e-001
8.627960e+003,2.113477e-001
8.631817e+003,2.104554e-001
8.635674e+003,2.111000e-001
8.639531e+003,2.088315e-001
8.643388e+003,2.081533e-001
8.647245e+003,2.072989e-001
8.651102e+003,2.092957e-001
8.654959e+003,2.107435e-001
8.658815e+003,2.081578e-001
8.662673e+003,2.077230e-001
8.666529e+003,2.065694e-001
8.670387e+003,2.076655e-001
8.674243e+003,2.071914e-001
8.678101e+003,2.048637e-001
8.681957e+003,2.059547e-001
8.685814e+003,2.055217e-001
8.689671e+003,2.039563e-001
8.693528e+003,2.022351e-001
8.697385e+003,2.043952e-001
8.701242e+003,2.056735e-001
8.705099e+003,2.041837e-001
8.708956e+003,2.015657e-001
8.712813e+003,2.008381e-001
8.716670e+003,2.007832e-001
8.720526e+003,2.019468e-001
8.724384e+003,2.024214e-001
8.728240e+003,1.996921e-001
8.732098e+003,2.024450e-001
8.735954e+003,2.014514e-001
8.739812e+003,2.021667e-001
8.743668e+003,2.014390e-001
8.747525e+003,1.974334e-001
8.751382e+003,1.968636e-001
8.755239e+003,1.978715e-001
8.759096e+003,1.974683e-001
8.762953e+003,1.977037e-001
8.766810e+003,1.996442e-001
8.770667e+003,1.990056e-001
8.774523e+003,1.995448e-001
8.778381e+003,2.006986e-001
8.782237e+003,1.997817e-001
8.786095e+003,1.982882e-001
8.789951e+003,1.988387e-001
8.793809e+003,1.976779e-001
8.797665e+003,1.961599e-001
8.801522e+003,1.963381e-001
8.805379e+003,1.979335e-001
8.809236e+003,1.970987e-001
8.813093e+003,1.966011e-001
8.816950e+003,1.953764e-001
8.820807e+003,1.930923e-001
8.824664e+003,1.923037e-001
8.828521e+003,1.932146e-001
8.832378e+003,1.952484e-001
8.836234e+003,1.964236e-001
8.840092e+003,1.962621e-001
8.843948e+003,1.962752e-001
8.847806e+003,1.941772e-001
8.851662e+003,1.935621e-001
8.855520e+003,1.946502e-001
8.859376e+003,1.933371e-001
8.863233e+003,1.943904e-001
8.867090e+003,1.944705e-001
8.870947e+003,1.917341e-001
8.874804e+003,1.933512e-001
8.878661e+003,1.957180e-001
8.882518e+003,1.934913e-001
8.886375e+003,1.912818e-001
8.890231e+003,1.939481e-001
8.894089e+003,1.962750e-001
8.897945e+003,1.943411e-001
8.901803e+003,1.932822e-001
8.905659e+003,1.918624e-001
8.909517e+003,1.919742e-001
8.913373e+003,1.939988e-001
8.917230e+003,1.932383e-001
8.921087e+003,1.938207e-001
8.924944e+003,1.922376e-001
8.928801e+003,1.923184e-001
8.932658e+003,1.934574e-001
8.936515e+003,1.932985e-001
8.940372e+003,1.923297e-001
8.944229e+003,1.925866e-001
8.948086e+003,1.907128e-001
8.951942e+003,1.911431e-001
8.955800e+003,1.928214e-001
8.959656e+003,1.939436e-001
8.963514e+003,1.938801e-001
8.967370e+003,1.939410e-001
8.971228e+003,1.945681e-001
8.975084e+003,1.936370e-001
8.978941e+003,1.950264e-001
8.982798e+003,1.933664e-001
8.986655e+003,1.933923e-001
8.990512e+003,1.941590e-001
8.994369e+003,1.942310e-001
8.998226e+003,1.936062e-001
9.002083e+003,1.945444e-001
9.005939e+003,1.928471e-001
9.009797e+003,1.923378e-001
9.013653e+003,1.958985e-001
9.017511e+003,1.974993e-001
9.021367e+003,1.932334e-001
9.025225e+003,1.921370e-001
9.029081e+003,1.931483e-001
9.032938e+003,1.939451e-001
9.036795e+003,1.944200e-001
9.040652e+003,1.953093e-001
9.044509e+003,1.953459e-001
9.048366e+003,1.967993e-001
9.052223e+003,1.969546e-001
9.056080e+003,1.950856e-001
9.059937e+003,1.929412e-001
9.063794e+003,1.937514e-001
9.067650e+003,1.941288e-001
9.071508e+003,1.929387e-001
9.075364e+003,1.929284e-001
9.079222e+003,1.910106e-001
9.083078e+003,1.916340e-001
9.086936e+003,1.950749e-001
9.090792e+003,1.963280e-001
9.094649e+003,1.971931e-001
9.098506e+003,1.956607e-001
9.102363e+003,1.968127e-001
9.106220e+003,1.947235e-001
9.110077e+003,1.932748e-001
9.113934e+003,1.950898e-001
9.117791e+003,1.948462e-001
9.121647e+003,1.940018e-001
9.125505e+003,1.942610e-001
9.129361e+003,1.933794e-001
9.133219e+003,1.938344e-001
9.137075e+003,1.943724e-001
9.140933e+003,1.961357e-001
9.144789e+003,1.971399e-001
9.148646e+003,1.919677e-001
9.152503e+003,1.916333e-001
9.156360e+003,1.950293e-001
9.160217e+003,1.971354e-001
9.164074e+003,1.967136e-001
9.167931e+003,1.976674e-001
9.171788e+003,1.963900e-001
9.175645e+003,1.942437e-001
9.179502e+003,1.951417e-001
9.183358e+003,1.964361e-001
9.187216e+003,1.966317e-001
9.191072e+003,1.941557e-001
9.194930e+003,1.923879e-001
9.198786e+003,1.931000e-001
9.202644e+003,1.975499e-001
9.206500e+003,1.994103e-001
9.210357e+003,1.965560e-001
9.214214e+003,1.945155e-001
9.218071e+003,1.940139e-001
9.221928e+003,1.947581e-001
9.225785e+003,1.920904e-001
9.229642e+003,1.947338e-001
9.233499e+003,1.953931e-001
9.237355e+003,1.965841e-001
9.241213e+003,1.966957e-001
9.245069e+003,1.962034e-001
9.248927e+003,1.958145e-001
9.252783e+003,1.942697e-001
9.256641e+003,1.981084e-001
9.260497e+003,1.990646e-001
9.264354e+003,1.966992e-001
9.268211e+003,1.952770e-001
9.272068e+003,1.966800e-001
9.275925e+003,1.976978e-001
9.279782e+003,1.979315e-001
9.283639e+003,1.970305e-001
9.287496e+003,1.973721e-001
9.291353e+003,2.006464e-001
9.295210e+003,1.959830e-001
9.299066e+003,1.927559e-001
9.302924e+003,1.946744e-001
9.306780e+003,1.956576e-001
9.310638e+003,1.969876e-001
9.314494e+003,1.947246e-001
9.318352e+003,1.931152e-001
9.322208e+003,1.949411e-001
9.326065e+003,1.970906e-001
9.329922e+003,1.958569e-001
9.333779e+003,1.949977e-001
9.337636e+003,1.982166e-001
9.341493e+003,2.005768e-001
9.345350e+003,1.984155e-001
9.349207e+003,1.972191e-001
9.353063e+003,2.001959e-001
9.356921e+003,2.000650e-001
9.360777e+003,1.988789e-001
9.364635e+003,1.981847e-001
9.368491e+003,1.971714e-001
9.372349e+003,1.969007e-001
9.376205e+003,1.976566e-001
9.380063e+003,1.979281e-001
9.383919e+003,1.977427e-001
9.387776e+003,1.994415e-001
9.391633e+003,2.002818e-001
9.395490e+003,1.995520e-001
9.399347e+003,1.972318e-001
9.403204e+003,1.980025e-001
9.407061e+003,1.971557e-001
9.410918e+003,1.964937e-001
9.414774e+003,1.993679e-001
9.418632e+003,2.032305e-001
9.422488e+003,2.017309e-001
9.426346e+003,2.021782e-001
9.430202e+003,2.021801e-001
9.434060e+003,1.999734e-001
9.437916e+003,2.017180e-001
9.441773e+003,2.019536e-001
9.445630e+003,1.987348e-001
9.449487e+003,1.975401e-001
9.453344e+003,2.001192e-001
9.457201e+003,1.997320e-001
9.461058e+003,2.005991e-001
9.464915e+003,2.033991e-001
9.468771e+003,1.992645e-001
9.472629e+003,1.985467e-001
9.476485e+003,1.986425e-001
9.480343e+003,2.000111e-001
9.484199e+003,2.001510e-001
9.488057e+003,1.988203e-001
9.491913e+003,1.986874e-001
9.495771e+003,1.989257e-001
9.499627e+003,1.984562e-001
9.503484e+003,1.970167e-001
9.507341e+003,1.998944e-001
9.511198e+003,2.001557e-001
9.515055e+003,1.994630e-001
9.518912e+003,2.027221e-001
9.522769e+003,1.981623e-001
9.526626e+003,1.988151e-001
9.530482e+003,2.030709e-001
9.534340e+003,2.019334e-001
9.538196e+003,2.001657e-001
9.542054e+003,2.014140e-001
9.545910e+003,2.032576e-001
9.549768e+003,2.035719e-001
9.553624e+003,2.003786e-001
9.557481e+003,1.996913e-001
9.561338e+003,2.016557e-001
9.565195e+003,2.046819e-001
9.569052e+003,2.043350e-001
9.572909e+003,2.006828e-001
9.576766e+003,1.990663e-001
9.580623e+003,2.007036e-001
9.584479e+003,2.009193e-001
9.588337e+003,2.016614e-001
9.592193e+003,2.004245e-001
9.596051e+003,1.999082e-001
9.599907e+003,1.976012e-001
9.603765e+003,1.988134e-001
9.607621e+003,2.003452e-001
9.611479e+003,2.046125e-001
9.615335e+003,2.074143e-001
9.619192e+003,2.048205e-001
9.623049e+003,2.062187e-001
9.626906e+003,2.052174e-001
9.630763e+003,1.988415e-001
9.634620e+003,1.985960e-001
9.638477e+003,2.027593e-001
9.642334e+003,2.034548e-001
9.646190e+003,2.043259e-001
9.650048e+003,2.062233e-001
9.653904e+003,2.055283e-001
9.657762e+003,2.036047e-001
9.661618e+003,2.056608e-001
9.665476e+003,2.034322e-001
9.669332e+003,1.981922e-001
9.673189e+003,2.022850e-001
9.677046e+003,2.037612e-001
9.680903e+003,2.052098e-001
9.684760e+003,2.069390e-001
9.688617e+003,2.067285e-001
9.692474e+003,2.038630e-001
9.696331e+003,2.050918e-001
9.700188e+003,2.047465e-001
9.704045e+003,2.027362e-001
9.707901e+003,2.023807e-001
9.711759e+003,2.036905e-001
9.715615e+003,2.031742e-001
9.719473e+003,2.011220e-001
9.723329e+003,2.020252e-001
9.727187e+003,2.065478e-001
9.731043e+003,2.084564e-001
9.734900e+003,2.078936e-001
9.738757e+003,2.083504e-001
9.742614e+003,2.084226e-001
9.746471e+003,2.050621e-001
9.750328e+003,2.042446e-001
9.754185e+003,2.053921e-001
9.758042e+003,2.053958e-001
9.761898e+003,2.062054e-001
9.765756e+003,2.097208e-001
9.769612e+003,2.073541e-001
9.773470e+003,2.064533e-001
9.777326e+003,2.038254e-001
9.781184e+003,2.032655e-001
9.785040e+003,2.030499e-001
9.788897e+003,2.056706e-001
9.792754e+003,2.066665e-001
9.796611e+003,2.066127e-001
9.800468e+003,2.033544e-001
9.804325e+003,2.036094e-001
9.808182e+003,2.044029e-001
9.812039e+003,2.041124e-001
9.815896e+003,2.032500e-001
9.819753e+003,2.008617e-001
9.823609e+003,2.006606e-001
9.827467e+003,2.041693e-001
9.831323e+003,2.073277e-001
9.835181e+003,2.053351e-001
9.839037e+003,2.076671e-001
9.842895e+003,2.094605e-001
9.846751e+003,2.092510e-001
9.850608e+003,2.077956e-001
9.854465e+003,2.067381e-001
9.858322e+003,2.100948e-001
9.862179e+003,2.082215e-001
9.866036e+003,2.056679e-001
9.869893e+003,2.079112e-001
9.873750e+003,2.085699e-001
9.877606e+003,2.094998e-001
9.881464e+003,2.108456e-001
9.885320e+003,2.107992e-001
9.889178e+003,2.085878e-001
9.893034e+003,2.050388e-001
9.896892e+003,2.022434e-001
9.900748e+003,2.075081e-001
9.904605e+003,2.098781e-001
9.908462e+003,2.072816e-001
9.912319e+003,2.030464e-001
9.916176e+003,2.067048e-001
9.920033e+003,2.110904e-001
9.923890e+003,2.121813e-001
9.927747e+003,2.114894e-001
9.931604e+003,2.038900e-001
9.935461e+003,2.059800e-001
9.939317e+003,2.078534e-001
9.943175e+003,2.052450e-001
9.947031e+003,2.076240e-001
9.950889e+003,2.077612e-001
9.954745e+003,2.057194e-001
9.958603e+003,2.072781e-001
9.962459e+003,2.122536e-001
9.966316e+003,2.129961e-001
9.970173e+003,2.072862e-001
9.974030e+003,2.045988e-001
9.977887e+003,2.083004e-001
9.981744e+003,2.115567e-001
9.985601e+003,2.107877e-001
9.989458e+003,2.122487e-001
9.993314e+003,2.101067e-001
9.997172e+003,2.026085e-001
1.000103e+004,2.053521e-001
